1800 
8300 
9500 
10400 
11200 
12800 
13000 
15000 
15300 
15700 
17000 
19000 
19600 
27100 
28300 
35600 
36800 
43700 
43900 
44700 
46300 
47700 
49900 
51300 
52100 
52800 
53000 
55200 
55800 
57000 
59100 
59300 
62100 
62400 
63100 
63600 
66100 
67100 
68700 
69700 
70200 
73900 
74100 
74500 
75100 
81600 
82200 
85000 
85300 
86000 
86500 
93600 
97700 
98100 
100400 
101000 
103700 
104600 
106100 
109000 
109200 
110100 
111200 
113200 
113500 
123500 
123700 
129600 
133100 
133500 
136600 
137100 
143100 
143900 
146000 
146800 
148100 
149000 
149500 
153000 
153900 
155000 
161600 
163200 
163500 
163700 
166300 
170200 
175300 
175700 
176700 
177000 
178400 
180200 
180900 
181200 
181400 
182100 
183900 
185300 
185500 
186000 
186200 
186600 
187300 
188300 
188500 
192500 
193200 
193400 
193900 
197500 
198000 
199200 
202900 
203800 
204500 
205800 
206600 
207900 
208600 
212300 
212700 
216800 
217700 
218100 
218500 
220300 
220500 
221400 
225600 
227500 
229100 
230800 
232100 
232900 
233100 
233900 
235000 
235400 
235700 
236900 
237800 
239400 
240800 
241600 
242600 
243300 
247400 
248000 
248200 
248600 
249800 
250300 
251200 
251800 
256400 
257400 
257900 
260200 
261900 
262700 
263600 
264900 
265200 
265400 
265900 
266500 
267700 
268200 
268900 
269300 
269700 
272400 
272700 
274100 
274400 
274700 
275300 
276200 
277000 
277800 
279500 
279900 
283100 
286100 
286300 
288100 
288800 
291400 
292400 
295500 
296000 
298400 
299100 
302200 
302700 
303800 
304900 
305600 
306200 
310000 
310900 
311100 
311900 
312600 
312800 
314100 
315700 
316400 
324900 
326200 
330600 
332500 
332700 
340300 
341000 
342300 
343000 
344200 
345000 
346400 
346800 
347400 
348200 
348800 
349000 
349400 
351600 
353000 
354600 
355300 
360000 
360500 
364300 
364500 
369300 
370100 
370500 
371300 
376800 
377700 
379200 
380600 
384200 
385300 
386800 
387600 
390300 
390600 
394200 
395600 
398300 
398500 
400700 
401400 
403200 
404100 
407600 
409400 
409700 
410300 
413100 
413600 
413900 
415300 
420400 
420800 
422100 
422400 
424000 
424400 
426700 
427400 
428600 
429300 
430200 
431000 
432000 
434500 
435200 
439000 
439700 
440200 
441400 
443300 
451400 
452300 
452900 
453700 
454500 
454700 
455400 
455900 
456400 
457100 
460300 
460600 
462700 
463500 
468600 
471400 
472300 
473100 
474600 
477700 
478600 
479400 
480200 
481000 
481200 
482200 
484300 
484500 
487300 
487700 
488600 
490100 
492000 
492500 
493500 
scores: [1.4783709804033265, 7.576936140725252, 14.341119741028663, 4.436415032539227, 0.0, 16.47906506685932, 21.106272442831255, 0.6609092390776823, 0.5536788032579807, 0.09074527222719553, 0.4217914483508025, 0.1037477668661495, -0.5278918987668817, 2.4148736193656077, 21.344844399403996, 3.2051594162376773, 37.50750591895371, 5.231339677424899, 0.10268208842126114, 0.39607722946925605, 0.7690789738210242, 0.15145151872116003, 0.6498493780474064, -0.01255248130757991, 1.220111117798524, 3.4919232121150117, 2.634683060427278, -0.03665410467669972, 0.3375237835826965, 0.4811168575525926, -0.28298776041390283, 0.45979226590884537, 2.4108327389285478, 1.3136970246907822, 0.22984176385489263, 0.9984718680460674, 0.37450714787269135, 1.2264545666131426, 0.28299299830803193, 0.6837683899465219, 0.18492810327893494, 0.9094407696630924, 0.007465846869990855, 1.2119024643749299, 0.2104796029029785, 0.8259380015877014, 0.9815430240254273, 0.07675978095085156, 0.4712380612452307, 0.3222945784799549, -0.527350541945907, 2.9951515025591107, 2.4352682695281374, -0.44048785732604756, 0.8351246777131109, -0.5723726378114407, 0.8575884231299824, 0.22816173794444694, 0.4269954677275791, 1.0105447634275606, 2.2557950520017584, 0.07533127837871234, -0.0489558889980799, -0.37573787803637515, 0.2548273139429966, 1.7492047482049884, -0.4422376884266441, 0.006696904014006577, 0.3337974668949073, 2.194498648203421, 1.4557890859064173, 0.3664913158628451, 1.0923814056617402, 1.4075931148648806, 0.7361470502706879, 2.2861182860265217, 0.09675638703572531, -0.46524210356096773, 0.29749507212090975, 0.11662169770750097, 14.163012885870046, 37.12360377345641, 13.577445296709271, 2.220446049250313e-14, 1.1102230246251565e-14, -1.1102230246251565e-14, 2.220446049250313e-14, 2.220446049250313e-14, 0.0, -2.220446049250313e-14, -2.220446049250313e-14, -2.220446049250313e-14, 27.310435484858914, 30.04511736729441, -0.7088396512223198, 6.77386200310184, 7.901438786421522, 0.19218307737378382, 3.464637384396724, 1.2038772421263957, 7.772192733437123, 11.535279181750127, 45.08584760592137, 29.22653878622839, 4.440892098500626e-14, 0.0, 4.440892098500626e-14, 0.0, -1.1102230246251565e-14, 36.17574180379199, 37.53787061333526, -1.5343790687121555, 0.06827670959660281, 0.9129823496031122, 1.0470580473254358, 0.24197042400010105, 1.1632345696923494, 8.22011559896805, 11.315545752979006, 4.429549445690327, 1.2329802673249333, -0.6104039118845321, 0.02951232129987602, 0.07107645206826874, 0.6107736650684501, 3.2576209503221207, 45.77847109907526, 6.55375795216122, 27.675203483547705, 0.1499439756489096, 0.708321086564581, 7.206852267788577, 3.057502504442027, 2.189898044293386, -0.201114462281339, 0.6983643619300892, 2.583067490926055, 0.5820339071093485, 2.6411706302872062, 0.11794222050957615, 1.1701370684842232, 0.3534021401218297, 5.34275296733415, 0.9730680597957644, -0.58416102330375, 4.5325574862638405, 2.682377569332175, -0.5790168246805933, 28.076254734911288, 18.71313457678427, 33.75758409060063, 39.910218171011934, 3.0473940935377755, 0.20162655925594208, 3.0845902859716716, 35.905443971464535, 30.890086883197995, 1.1102230246251565e-14, 2.220446049250313e-14, -2.220446049250313e-14, -2.220446049250313e-14, 2.220446049250313e-14, 2.220446049250313e-14, 0.0, 0.0, -1.1102230246251565e-14, 1.1102230246251565e-14, 31.559958992423574, 44.09543586866209, 2.616703513785069, -1.0687067486644537, -0.400656421541953, -0.7280113053747073, -0.02284709514901806, 0.40225827869551267, 1.7097242614946708, 3.0671657178086207, 3.898228763279576, 8.122030201147027, 3.619945979889053, 1.3324873909198232, 2.5205401301622032, -0.5285619191204205, 0.049410282869303046, 1.2917134876240652, 0.6869154318964092, -0.7934935055729397, 35.6410308285939, 35.69498745762644, 1.1102230246251565e-14, 0.0, -4.440892098500626e-14, 2.220446049250313e-14, 35.01537698741225, 40.87549728552881, 4.183000111521437, 0.4102100197095524, 1.3775046855162145, 0.18486194204137973, 0.1261030521691282, 7.336088444138795, 6.531266231040604, 0.0794108962471114, 0.6652977472416524, 0.22850448174193616, 1.5456157588052974, 3.7547798436398807, 0.8125198132256628, 1.222426163748878, 0.9077105137034778, 0.4292271470127389, 3.2597698175577534, 1.4001557195150554, 6.6228293985700475, 0.8215531465236836, 8.265830155326, 5.290909649165201, -0.5828993518392735, 4.785617488599314, -0.7121042196407643, 1.926283928030216, 0.3776320264394144, 3.3541081759685767, -0.016092391483653046, 1.0499896405190157, 2.6107381942216534, -0.3359291074796147, 0.1792028145199538, 1.2230644953440333, 0.6762178164664192, 1.1391643777247964, 2.293969185180572, 2.1468164620868038, 0.5259901061454002, 6.432750536301796, 2.723145231567628, 1.707166179259616, 1.727072505715796, 0.15567167141909977, -0.07945521462829674, 1.3276832656883926, 0.2132540595566752, 0.6391119736571227, 0.609337471868912, 0.17526489113311072, 0.2231543939101357, -0.13888044481109318, -0.10729104981794535, 0.5393493262511129, 0.373124441165146, 0.8537976396720524, 2.104451449984367, -1.895087686916213, 1.472170370302365, -0.8502112500018484, 2.7723137344987663, 0.17986596124501375, 5.999780133048944, 3.76641211830821, 0.1816164773051696, 1.834787845930748, -1.0164735757953167, 1.5537828998205896, -0.133942689333594, 1.0938033085313918, 1.1691491464177943, 1.9113761980636355, -0.03153217405849773, 1.9802389276511576, 39.10579498539505, 31.355000971877374, 0.0, 2.220446049250313e-14, -1.1102230246251565e-14, 1.1102230246251565e-14, 1.1102230246251565e-14, 0.0, -2.220446049250313e-14, -1.1102230246251565e-14, 0.0, 34.765290545025096, 35.9121450802632, -0.685408791522093, 0.1976375569963693, 0.3967505234395503, 0.11953718605855101, -0.05408876405670071, 3.4674403629262542, 3.295138230843918, -1.2646296927100593, 2.191376863768255, 0.1321287547079919, -0.12194584079946935, 2.565384671184006, -0.4724422383148408, 1.4777561835122697, -3.023779917584875, -0.7484584913223671, -0.23780812899963166, -1.1179001704104508, 0.829809137399593, 0.40070298336888754, 0.019645120184577536, 1.6400484081021318, 0.5199679014433514, 3.7181224692534443, 0.25505360947784084, 0.30983181311461294, 5.8075090552650295, 2.836105692462638, 1.6507259078786092, 0.22167350445090506, -0.19570975298699977, 6.619974158823879, 8.603140841779918, 0.29545720963358235, 0.15575858773604523, 0.2850819438040162, 0.13742015728143997, 1.719332244049383, 0.7620663846689695, 3.644502194470533, 2.239947422910973, -0.23221519177843675, 1.5863635158789293, 1.605230783065963, -0.39931763518177377, 0.33876207269690894, 0.7748350385049889, -0.391237509720213, 2.531579481709514, 0.9832476708610329, 1.2585918141185175, 1.9886080135361226, 0.3635759045886289, 1.4795914938097212, 0.6492131644432675, 0.47925643959024455, 0.787356712188398, 1.4027664745369748, -0.20692910977845713, 1.19477010147466, 9.960055416957175, 5.782973375398342, -1.9617928791150234, 0.8798758661288275, -1.6198243589854542, 0.00458170708839134, 1.6056087676831226, 0.36580606355641976, 2.729918427044538, 8.905620475497585, 12.85177252583189, 27.238887530689567, 43.8359563567339, 1.5288283924403459, 0.5132856957847025, 20.851798785652136, 5.384098526088053, 0.02242760461922444, 0.45315442781048887, -0.04255047363835729, 2.4198354597938305, 0.06310899665504621, 0.18056216484131937, 21.838071298020623, 25.398587377159743, 1.04214684524743, 0.2962106303601786, 3.5981213669845147, 8.028397804453903, 4.708193414984635, -0.41363344934922, 1.123001736221795, -0.21010727572650012, 0.18417135343270274, 0.37278726957947583, 0.665260117628236, 0.43100516793845145, 0.21775445198068155, 0.6158651858152098, -2.2947594756213334, 0.6811669778867326, 0.5841531286690724, 0.3988069026505059, 0.17818255369809322, -0.03195917160689987, -0.8085402632329988, 4.418376655493944, 5.683218282540338, 0.2604287238185634, -1.1029236467519468, -0.3104207294643402, -0.11670352167334386, 5.857066828809025, 3.2899551612333653, 2.3284763256727956, 1.9251493525280239, 0.7339964959705867, 0.06981404131806812, 0.6785243971075943, 0.12280205574552383, 0.9187044616917319, -0.5556163178008546, 0.38395755862484293, 0.44849875118768523, 0.33106372475549506, 0.4194563730322898, 0.09137997470691062, 3.631310760503652, 18.709768712813514, 11.175370456492715, 0.6031621010275217, 0.9002211079596805, 5.209482467377541, 2.233141910621214, 0.049525121372539616, 0.1974984857250206, -0.061885045750443624, 2.7607086447444544, 17.43276188250809, 5.598702972001547, 4.5810319166267846, 3.4561487075890227, -0.25158047506351977, 1.6380171763470344, -0.24795567354135528, 0.490509383689016, 1.57630973598026, 0.27954236533230414, 1.394727041793999, 0.23760225377100141, 7.494951224840406, 7.765824879642196, 0.22048857562333524, 24.449366224445015, -0.20502838129277734, 30.97306875876572, 2.357127098964554, 1.2844409257033362, 0.44589843089011083, 0.030355685632230234, -0.17765297552466564, 0.10506156456153803, -2.072353040254143, 35.59717126963699, 28.20982393344096, 1.1102230246251565e-14, -3.3306690738754696e-14, -2.220446049250313e-14, -1.1102230246251565e-14, 8.823083432183395, 20.473927025009573, 12.03582585200212, 2.64793737731992, 0.049835444801090034, -0.11713907969897264, 0.342524308168322, 0.1143553060903173, 0.19613829156901375, 2.1788071576422112, 23.122247495784052, 16.625798946385103, -2.220446049250313e-14, 0.0, 1.305494138941265, 2.493729394546339, 0.2943803277027399, 1.7741132266789919, 3.111625167757637, 0.053384436593361784, 5.029132706086415, 6.292679276392526, 1.3145640033736772, 18.40941427128253, 27.068056951211958, 2.3510277078258923, 1.4101822063212808, -0.4826462732424943, -1.5373766984999975, 0.03160838315386627, 2.513733229887805, 0.11858295596499602, 0.8887063247024685, 1.175785540064453, 0.7722026647323901, 4.7951034333085545, 1.5029349011833801, 3.6148040537829047, 6.1518412444343085, 1.3485458529197558, 0.25803312076027396, 1.3417112013826227, 0.24243572318425777, 0.03560685802028729, 0.28360650387463693, 1.4232130775691871, 30.389558839095713, 25.31509660017602, -5.551115123125783e-14, -2.220446049250313e-14, 3.3306690738754696e-14, 0.0, -2.220446049250313e-14, 1.1102230246251565e-14, -1.1102230246251565e-14, 1.1102230246251565e-14, 0.0, 0.0, 0.0, 29.458511962785508, 37.82673462770782, 4.9341677579921, 0.25428809944878594, 0.032901726670161224, -0.6154506443895116, 0.6486087112186851, 0.19883733841436424, 5.769149182480874, 33.805788069809665, 18.037661760366205, -2.220446049250313e-14, 2.220446049250313e-14, 0.0, 1.1102230246251565e-14, 4.580144590919495, 24.649642985436458, 12.290031112459616, 26.351677399526437, 25.444154019730732, -2.220446049250313e-14, 0.0, 8.475854486131205, 13.570737847707875, 1.3265315504834803, 0.5306057722916364, 1.1015127886030314, 0.021503211733090666, 0.33866904494891514, 11.836588495837816, 16.14477349672734, 2.4601820173113538, 1.2891014249505588, 0.6274510536887874, 0.6365450315101953, -0.05728470238341288, -0.07341394548177504, 2.4019506393970005, 0.535055832269336, 3.9793587366941665, 34.88480224542485, 33.6243970832181, 1.1102230246251565e-14, 0.0, 0.0, 6.485388712325559, 33.14376361056574, 18.023001705914453, 1.1211643831388756, 0.39042664830833473, 0.32294286656258464, 0.17326676565642174, 0.4186813982464628, 0.39793486539986134, -0.656073842261435, 0.6821556608136916, 0.44293850334310036, -2.0213858579158455, 36.61752763007311, 27.560880151955743, 1.1102230246251565e-14, 0.0, 0.0, 1.3309574257051437, 13.823757231728464, 11.76263932494399, 0.11015787137816346, -0.09167335630962725, 2.05397692656544, 0.6001679105125959, 1.657684861730047, -0.5233165687742769, 8.21711031072897, 15.060639497392799, 8.04165143040575, 2.512361127223812, -0.013051020754119236, -1.1450280779529294, -0.9879631260980659, 39.06326272485262, 7.773313519696444, 28.93901888806829, 11.680401332784868, -5.152294164638761, 1.3439486875456623, 1.1693761858394964, -0.08510716936541485, -0.18807644498576792, 2.7424396067947328, 1.9942538224140662, -0.09898952753400181, 0.7305109890255039, 0.8714324016552837, 0.21980742809375897, 1.3345707713747288, -0.5119001695735506, 0.19337218876853512, 2.0517736345052526, 1.0551196058971186, 11.05343805284906, 1.324450224319662, 3.001863836710527, -0.47305111157106694, 1.2250396926651774, -0.039677454014622526, 2.0964780684555535, 0.502057458773379, 2.7211964660832564, 0.29950943003802877, 39.37666066382491, 33.755205495125836, 26.135104865000983, 29.311063238298033, -0.019213055841987625, 1.4332696849564854, 1.692639342696225, 2.489978046578699, 1.173407034823299, 2.1696819117170776, 28.937165761854118, 21.50077403428091, 4.440892098500626e-14, 2.220446049250313e-14, 25.892157838553587, 33.19179718533661, 2.5440872298743216, 2.141867533800905, 0.2508716543469518, 0.0782654121331916, 1.5869266887755202, 2.556114349705581, 1.9936138798835827, 0.3257081641293098, 0.4426744936160958, -0.05657773288953649, -0.9279337338742835, 2.312008643128138, -0.3904999491689978, 2.115176313472375, 0.29369474253189765, 0.2020839251021016, 0.915198035101298, 6.336509343277385, 0.27678017058804016, 1.9339211188080299, 0.09206146292501671, -0.38145287488839585, 0.6863649721699403, -6.702569457895493, 34.98972123143889, 33.004635334906965, -2.220446049250313e-14, 1.1102230246251565e-14, 0.0, -1.1102230246251565e-14, 1.1102230246251565e-14, 0.0, -2.220446049250313e-14, 33.53078026585081, 35.309578453412826, -0.9718126792917587, 0.26828531961552926, 0.4595585256722643, -0.026021743693718236, 0.9042808992885512, -0.03919578730869944, -0.9501818636633743, 0.11891854770988175, -1.3036303113183294, 1.704962145653667, 1.4894234132597148, 20.341679399370037, 19.66010067726458, 0.1544030573215096, 23.45465268346652, 27.63544086972911, -0.849384073656779, 1.0322250241058555, -0.11742461258756975, 0.7533613125019656, 0.3506668538516351, 0.8218186612142517, 0.8688528399602546, 0.711473217719572, -1.0985072788080288, 34.90922610366579, 28.78846558340034, -2.220446049250313e-14, -1.1102230246251565e-14, 19.633256910609333, 29.354703564905947, 5.002718523831788, -0.10591798584056278, 0.17087798628779183, 1.1750365564532785, 0.6721870964606751, 1.2901445587136777, 0.7599942825925154, 0.3301391741636053, 0.69596365751147, 2.0587933496717596, 0.297439417226542, 9.41435977437925, 6.647443135252388, 1.329215933763635, 4.351512157723846, 2.311658705038326, 3.14088273100117, 0.6519784504605468, 3.3253630506301306, -0.26846344874979877, 0.27605809533724823, 2.0363751955098905, 0.9760750852324236, -0.6836859773316064, 1.5000373557442117, 1.6032284951730844, -0.13200709766732643, 1.679445261104945, -0.7867624645757587, -0.4144360308865771, -0.22552249059663154, -0.690445315329157, 6.019673370564988, 0.4772026353033425, 3.8955322125707426, 5.469589361651174, 33.83381758127456, 13.744956224874358, 33.32423770070531, 19.268674999199106, -0.4334957932087491, 11.671403432596549, 40.601810377901245, 13.817165195137427, 1.1102230246251565e-14, 3.3306690738754696e-14, 1.1102230246251565e-14, 39.274741521099315, 47.193246384504675, 0.43239479680954673, 0.24076810252586256, -0.16624416402339648, 1.7925338321387017, 2.016438531822928, 1.4561886494001328, 0.6286987489396552, -0.056171695616342276, 0.05103805448601406, 0.16158052337988238, -0.15784949428893924, -0.006813509394760331, -0.12763530239135434, 0.11426853580030638, -0.552988550862267, 1.3447219089770783, -0.1773028142450812, -0.05052178852452016, -0.14142045184894414, 1.1229738945236818, 0.6898205132628732, -0.17777763841780825, 2.23387725184773, 8.570711270455604, 1.9724607840689714, 1.7142205216273396, 3.394574696374775, 2.4251252841762607, 0.5624357577421506, 1.71897450462518, 0.31936720037845134, 1.4297229693752342, 0.3073010259441844, 0.7380156285516932, 0.06993161034370132, 0.4370796846724261, 0.18084874909322934, 1.7635080301490689, 3.794153440923367, 0.5686139937255348, 0.34429903395584915, 1.6570077105899372, 2.890447700994173, 1.6348441969331589, 0.6726866281869661, -0.902488514762922, 0.1818146807059975, 1.7633892591276208, 1.3919778597681898, 0.21066905643704104, 2.5946631956142028, 1.3054766052969171, 8.884311372490117, 1.7399460786850796, 0.6515247161249249, 0.0017186063911367455, 0.14364390766144197, 1.981009940144304, 5.77193239101166, 0.5832824115024096, -1.4353584422475478, 0.206239577309816, 1.712734587154955, 3.134309854212347, 35.593732003612075, 26.978048227360702, 0.0, -1.1102230246251565e-14, -1.1102230246251565e-14, 23.749554949876895, 28.965227418392544, 8.205363551816788, 5.585308534259752, 0.8026722004851763, 3.9036210609667705, 0.32829853772523165, 3.003585119721606, 0.6705549015391625, 3.665978688371638, 4.540939962618154, 1.878504936028321, 0.08570831126593248, 0.7051693835664992, -1.214657477630226, 10.286133135227203, 14.659372834737042, 0.7904166619565984, 0.21232956493582833, -0.1125513483183056, 0.539603523523482, 1.8740220113134711, 0.6017060705061965, 16.869212730292958, 12.748218637262312, 2.384276452808024, -1.570578379524136, 0.5907600529012598, 2.087518606034223, 33.66540930728229, 33.04560803101964, 24.178145639624873, 34.38030044515017, 4.939519985365109, 0.1835006326898565, 0.6819278559070199, 0.07487651639712567, 0.15419190210900524, 7.128404106638527, 34.042889661283965, 22.9246596787618, 3.3306690738754696e-14, 2.220446049250313e-14, 24.872768885511704, 33.412154310451854, 1.8657507145064187, 0.6713477453183714, 0.2148846566691418, 0.32731509385439495, 0.040475515356547476, 0.809140861842252, 0.5302626163625064, 3.4870594402314055, 5.035022969895181, 0.002784434201089425, 0.9140037821523492, 0.5152324148689331, 2.6340504401315457, 0.7870800344097688, -0.046333561566143544, 0.12254601458414527, 0.7221646295321307, -0.11578394082653176, 0.16408328496197555, 1.370435065367019, 1.8655437318072927, -0.5327179992821129, -0.2989143461634285, -0.12091196189771836, -0.3109172064055201, 0.012994891001994802, -0.009533636979085713, -0.4608411144888578, 0.07862300615897766, 1.2291091622557815, 0.032121523396654084, 3.821237897488686, 0.7231528595060581, 0.6731502258008959, 0.09027392391459443, 0.5431386376156979, 0.5893449808999662, 4.842972078775517, 0.23294913739511003, 1.170367004947991, -0.17483086876660536, 1.0102410721821684, 0.024604706174216062, 0.10000285666325226, 0.31816548668768974, -0.21407142437112725, 0.7949695811157085, 2.160328669589262, 1.0041965755387992, 2.3569679053225627, 6.4592626739647585, -0.43965257401339386, 1.4851568959277301, -0.05738338270157328, 1.169455478885311, 1.1386420055487179, -0.6075414349845119, 0.30609244542210945, 3.7680329293655177, 5.697999913995773, 1.1182109478423854, 1.2580151236373922, 1.00486913449015, 1.8289098764172422, 3.0541524463686756, 13.41824071819434, 2.0165052652788518, -1.5974386876015387, 0.9020419831928166, -2.7880639707250907, 23.96959541985308, 8.50710646755931, 20.693278841273354, 14.48766728881867, 1.0311884551772437, 0.3627518299131225, 0.6342957007530003, 0.48215433819677855, 2.2972581341016394, -0.4197533375056537, -0.3676032678465617, 11.484802100313345, 2.1775107465247174, 2.431209650438632, 0.3393236953198766, 0.1937172292412015, -1.189110579638907, 1.9689058667441373, 7.034486099291826, 0.6070660357563611, 0.9171734300687149, 0.06294052355769963, 1.0178083219989276, 2.6377993196713305, 2.037785877541751, -0.2141009364461297, 0.19897746071967504, 0.5792403601835758, 1.1504365998545154, 11.006243879391377, 1.7298359612020704, 0.026825227145991448, 0.5092779821515023, 3.5380894496377095, -0.7344548799233053, -0.3821462446737769, -0.926899295041494, 0.13856630383281754, 1.27734451739434, 0.7996915692458515, 1.1884529948509908, 43.87230466114323, 42.4468398720349, -2.220446049250313e-14, 29.188148109044647, 38.13709846684338, -0.3228008590530749, 2.0764441028275087, 0.15745090766210978, 0.2835228215974439, 1.0614478432453325, 0.16905931465726098, -0.2431373331372697, 0.2611308959017151, 5.444607571900519, 11.268568234540453, 0.07539869235927199, 13.657059828466743, 8.392630583103823, -5.983627783537713, -1.8311362168473124, 2.256812938477651, 0.32912446373097737, 3.915527586103508, 7.272324300727405, 1.3210835490446016, 0.354801267640255, 5.720568915599131, 38.384728795031265, 22.612810812284522, 1.1102230246251565e-14, -2.220446049250313e-14, -1.1102230246251565e-14, 39.81404533996337, 46.42902665947389, 0.18092353378460757, 4.89743698727159, 2.3514981315303203, 12.332705112143799, 4.430238990549697, 0.4877934646724498, -0.34597733043415246, 2.1710173410093603, -0.6436993252066259, 0.2709007536241188, 3.3742652948500336, 1.3344584196559026, -0.003683016521790705, 2.6426446473158194, 0.8600039009472766, 0.2207648159928226, 1.4359691636324214, 0.26139693118363994, 5.374490960404387, 11.97383350002292, -0.10255966361262381, 0.6645282953061269, 1.3424722448559123, -0.07365955434181615, 1.6073691009978575, 7.3737219952058695, 51.01413691668, 28.657597546208066, 3.3306690738754696e-14, -5.551115123125783e-14, -1.1102230246251565e-14, -3.3306690738754696e-14, -2.220446049250313e-14, -1.1102230246251565e-14, 47.373389308275364, 47.623180651013854, -0.15145797096147362, -0.42429465068778427, 0.6133812061175377, 0.380386989709109, 1.6341781888776268, -0.7630476605170315, 2.420339492121002, 1.37657963140839, 5.516372312703652, 9.333369872199455, 0.6485032555674479, 0.37555021444984504, 2.1577921330094796, -1.9238879018030275, 47.870553809672, 45.04120771192433, 4.178196588298633, 22.76151963146887, 13.34567812903569, -0.1308784813745092, 0.5708816697247698, 2.8005836446711214, 1.081958117823433, 0.6849007257872017, 5.62795664274222, 8.167154686063327, 0.4747781056128133, 1.1525361182450524, 2.800065807572082, 0.2220452266758457, 1.3152773989374964, 0.005009892273733385, 0.49162851162714105, 0.17930998824124345, -0.3664697539174995, 0.5551248546454417, 8.56815003534382, 3.27517824057918, 1.1593900564495243, -0.19534124083975257, 0.061019254517304944, -0.12480235898510728, 0.25635893305184254, 43.735633981866954, 6.086034694630484, 58.86067313651654, -1.8471512401172276, 1.0468693980606076, 0.5053407384226603, 0.5238340894654812, 0.6211563748669278, 3.1792201610452366, 4.456709474104628, 14.374890788143603, 47.61993504083125, 31.170752828634093, -2.220446049250313e-14, 0.0, 1.1102230246251565e-14, 1.1102230246251565e-14, -2.220446049250313e-14, 2.220446049250313e-14, 3.3306690738754696e-14, 3.3306690738754696e-14, 9.706392283943714, 61.013962511392435, 34.30017501922339, 1.7988569913821948, 4.022390664295244, 0.9062853285740857, 0.004190249355701781, -0.65760582516657, -5.116981878231627, 6.418918148954901, 2.4466526387919885, 0.2359383575586662, 1.5395994069097014, -0.10096466013294503, -0.017513247638930807, -1.2846158037547184, 0.5686194718996376, -0.13917721554366835, 0.4677751880062715, 0.06706770469349976, 0.11297012016666486, 46.659477116958385, 43.25736349910139, 43.20514515948517, 46.395723245276315, -1.292851882003447, 0.6225562468425778, 1.0435932278667224, 0.782441097282458, 5.346131405394772, 1.1776200225406228, -0.071236708297306, 1.6137547312091556, 0.09388652894153893, 2.26332500578053, -1.97440564328042, 3.6271485811713546, 0.3666704106004772, -0.23216328397586494, 3.085635217768754, 1.0247781938674052, 3.5075965531641486, 2.0508022332576274, 0.33356214998934774, 0.054627926616149125, 0.295745009086545, 0.9279744178068086, -0.036733455067064824, -0.5816000830149051, 0.046076623382987236, 1.376833589317016, -1.1998175264386646, 3.6825506897769174, -0.13432286826514428, 0.09129159653116403, 1.3869795892970842, 0.576608728606061, 1.6639748301582813, 2.518867819979164, 4.100020978727116, 0.8727384219306487, -0.403600667938008, 0.7394812728655324, -0.27313206732264916, 0.9296617194378882, 0.1879963175842363, 5.238079163830264, 11.083983981447943, 1.704751115613334, -0.09376988454326352, 0.23749616603168988, -0.2829460253856837, 1.4516544443254418, 12.894816141694761, 6.935177333777631, -2.220446049250313e-14, -2.220446049250313e-14, 2.220446049250313e-14, 2.220446049250313e-14, -3.3306690738754696e-14, 16.50424358547039, 20.424260452213645, -0.5938108438111556, 0.03464681308901163, 0.7467967300825649, 0.6168880716767831, -0.10982713423777568, 8.179109422890349, 13.702940431843274, 6.722032934363142, 0.02643840909786377, 1.0015166670405051, -0.1352254501941843, 2.1087648522658355, -0.045865410283909114, 2.3106632833035405, 2.104821473156676, 2.0737007080219882, -0.7882324416387974, 1.4385752693588074, -0.7765227672357469, -0.3315978418136183, 0.06183115433270814, 1.2073239594708411, 1.1300752914321492, 0.3350762415941517, 1.5530238404562624, 1.2054686104689836, 0.25523221470632507, 2.0614898412144385, 0.5308429564796597, 2.4261276538818493, -0.6929690412964646, 4.097265222002079, 0.323204794488106, -0.24759109687784076, -0.37115203146265685, -0.23407248859894025, 1.4631646529135764, -1.2672404390699512, 10.071200461086562, 1.3039015095348532, 2.8039505943396534, 16.73879604258883, 48.757284514758055, 6.792329211457684, 48.79753326693333, 0.9307135479331237, 0.24381745595871962, 0.5058180427613479, 4.830152544350142, 19.62900509846355, 11.060059330162801, 2.46538068770937, 0.5060276526314453, 9.973544786067038, 8.275543666756626, 1.3187737771605281, 14.319156367474875, 12.048878678445163, -0.14436204469100744, 0.30327302058424266, 4.22779075022612, 14.239933181055676, 2.2509387740612965, 1.4164573191980026, 4.2593146424646875, 2.663750940582304, 0.8931215232172462, 2.9917314088449984, 0.2871895474399935, 0.3170059660324114, -0.031311718951997136, 0.9463184353921861, 1.0159950763621737, 3.135035531163112, -0.8974233595870373, 0.6161082705853005, -1.0958378493724013, -0.21583865309310113, 2.7278538106893393, 6.828797557416806, 1.8498183281875527, 0.3679454902295447, -0.5452568518873022, 1.1352790401440416, -1.4560015916499651, 1.5189944333505991, 0.3202729587343356, 0.23156959086975348, 2.8391769718140267, 12.388633123200293, 2.4858480303187207, 3.613101387017309, 0.4122411652125493, 0.8163707820112904, -0.6124850248667144, 1.5947687036060643, 0.27083689927337673, 0.10102891271128556, 4.643934558646777, 3.237375280467745, 16.96734148323651, 22.897545591546802, 33.68651718595268, 41.830862495490976, -1.049744828047892, 0.9955341621886191, 2.955442869153103, 0.32070174037949073, 0.2721996829722002, 0.11276609045421537, 0.08591160174182733, 0.22704247991339344, 0.16103015183034586, 0.40067588673161936, 9.68169005554364, 9.907631571659863, 1.3022825742822306, 4.809793090423113, 1.4278987732502628, -2.393570908064248, -0.6795462783414905, -0.27578363424993313, 0.3448045546957701, 1.9419757047875237, 6.252233794045196, 0.15128468817465546, 0.9635999017107224, 3.5615633700036824, 5.718371481796339, -0.026718523867202748, 0.9007498438776338, -0.7086899508719853, 0.7885354255721495, 2.3286050769769417, -0.6625614061016449, 0.2180989461764966, -0.3501175632927698, 4.153144243158522, 48.99901018722119, 37.07109588469197, -6.661338147750939e-14, 3.9685865213840046, 29.330719521684244, 21.639104885014092, -0.07668263235206041, 0.051748580336550276, -0.07844617907926477, 0.8357997672721922, 0.4095397192611472, -0.5995112859195046, -0.3230769545087355, 0.8253923078699472, 0.8180744582069792, 0.33179917045094953, 1.2315147716940373, -0.1781818756398934, 0.1380475627557871, 0.5875435195521277, -0.010289332973343335, -1.1033235983818486, 1.4348633076573378, 0.04165086033822263, 0.47246049739146656, -0.08486818524954742, 0.15994829697092428, 1.2437857705776878, 1.181627272173614, 1.586188018296184, 2.1761041072873013, 0.4001091783901529, 0.5785488959804752, 1.0391040051626987, 4.400471184252183, 67.18369827486686, 56.00569678678792, 0.0, -3.3306690738754696e-14, 60.477395152973145, 69.705150497349, 0.3247908881115791, 0.3892374024921992, 4.420979869295934, 0.9521923886204604, 2.7178124771692183, 0.3976654578693797, 6.1323388639348195, 1.757329978202506, 0.15498588061677765, 0.5387589461552125, 0.9557067276634825, 1.6102190372904488, 1.2061780747793591, 2.4051026026127147, 0.5639972986567727, -0.2567299295176326, 3.3390328693901665, 0.554569009077909, 9.409848916135616, 9.981495567660545, 2.1858942588078207, 0.8499522756801525, -0.7348506019316119, 0.6027930927624539, 0.16915447030146424, 0.8458729069129731, -0.012962342849959896, 2.579913520713717, -0.4798514029889702, 12.90371214470838, 8.504314123739277, 1.8198397728855298, 1.0234641637241566, 0.0932342334730265, -0.10854032888016718, 0.7995867656879909, 0.7707749493213214, 0.9662233988976823, 4.4482545563689655, -0.09692046447048597, 3.7312188863380698, 2.498651189916586, 2.4395523151966927, 2.2637043097439573, -1.127219862810307, -1.9514228613729756, 0.545137742227439, -2.294203966059854, 1.3523001337989626, 0.7862853906915461, 0.45424837514065075, -2.1975916974911343, 1.0094013575608187, -5.293076303925204, 3.8239053108352437, 0.8075914157135458, 0.5186684334981919, 1.4286585615388958, 18.858553405499947, 44.201172277950405, 19.049215838873295, 0.0, -4.440892098500626e-14, 0.0, 0.0, 6.661338147750939e-14, 56.26774891150819, 69.41504233095793, 0.9371497811885092, -0.769137879859727, 0.01494304006450875, 0.4958455820378731, 4.325209181195987, 0.40281635152405215, 1.1421229046472945, -0.01964537113587994, 0.4730859356679957, 1.8104095532987685, 0.6532446793689815, 1.3294629427100517, 3.2873031650640314, 9.4410539509297, 5.09951778777895, 3.208272117292836, 2.3956589353790605, 0.1893070370708756, 0.4268195991204493, 2.6613399165779583, 41.48369214765211, 24.314097081553356, -2.220446049250313e-14, 2.220446049250313e-14, 2.220446049250313e-14, -2.220446049250313e-14, 2.220446049250313e-14, 40.3071853253748, 52.39281622959598, -2.378575802198327, 1.5313230521119294, 2.1164602844582987, 0.5850868172281025, 2.0427154243768655, 0.4826777639445936, 2.6255901338031435, 1.2641309112055978, 9.005917427786812, 12.612383714315683, 3.299266660640569, 25.315152968547068, 39.74581233114759, 0.9056488706479513, 2.6942307497149613, 0.6209413871167726, 0.08883813993588774, 0.6964598272378453, 0.8227241703424397, 0.16765963000170814, -2.5931688187342843, 67.17040601406143, 63.98502339987169, -2.220446049250313e-14, 4.440892098500626e-14, 40.96226370424344, 67.27894486405495, 1.4636655095330298, 2.940164685741024, 0.031586069284003315, -0.15992964018505518, 3.5915497212272385, -0.6292802743414541, 0.019641313441752573, 0.7128305166052087, 0.6640454936152764, 0.15467308751453857, 5.9433082477082735, 4.426773111523403, -0.35926740083004916, 0.4065937444761403, -0.13253875546024574, -0.711801198988951, 0.7362172827215545, 0.6300129251940234, 0.13251551523205762, 7.959462987359075, 5.394941743735899, 0.0661774275067728, 0.14774603348610071, 0.15201898428153982, 0.16469763505836, -0.0870254664979484, 2.894404891270142, 13.791795301499121, 2.8651566903777166, 1.5409667316039304, 0.1740043124347892, 2.236323778287499, 2.013332431472918, 18.09590597012783, 33.62187421289468, 8.396050188736467, -0.41626684573429884, 0.9475191452539775, 2.670014823303063, 0.2868542526114197, 16.560685260943956, 12.337769508349083, 6.428263403213464, 33.94376901429496, 4.406551324109671, 8.017618914488764, 3.0646237275078647, -1.5546819757387311, 2.425330097796177, 1.7263016505951327, 1.679830936146459, 0.2636207079239057, -0.5601164590723329, -7.454863862417369, 56.386554084721865, 38.23719733270613, -2.220446049250313e-14, 2.650884373189058, 15.917343533703175, 10.381881304782638, 3.3141373808060735, 2.4008050084951265, -0.07504909202299359, -0.8085146813561437, 2.350623948679811, 1.51591974231917, 7.116841280059248, 9.069036647321752, 0.7850546563402077, -0.30413103063210656, 9.777709287904031, 6.132879907982328, 12.858114006396704, 16.736066072002814, 0.25539006907638395, 0.02002836781082351, 0.714079598376884, 0.06287282467894784, 1.8588634220814129, -0.07737437281753046, 1.0930455112268191, 3.3483119799618635, 3.286936589854122, -0.19071830453435723, 6.747783667692147, 2.2924979029721726, 1.750744728016798, 0.06583361721345682, 1.2178002096710543, 0.3584100063177402, 0.32611545499514705, 0.014927493988125207, 0.24509132115474586, 1.4109424312656529, 1.5691117601015776, 1.1612069673034284, 2.593433232282223, 1.0227520298255968, 1.1452399185461672, 1.0659268207064088, 4.565601327749846, 1.4750114276400836, 0.4612856571732209, 1.4254808980940652, 1.4869550996272665, 0.03733768304073237, 1.417264104501328, 0.195005978853942, 0.7370679968503282, 3.3353914918255896, 0.27779946788450616, 0.8936741954419176, 0.4809606829501263, 0.3656436423050309, 0.4361238103570031, 0.6259914434562006, 0.9892287454365487, 0.3970306200170626, 0.12744683251230526, 10.93145080719637, 30.083872041001882, 11.849002302555505, 0.020237069069253266, 0.5603434909118619, 0.7759488921937532, 1.474939579458777, 0.722054519446317, 1.3761657576558264, 1.6314382520351387, 16.178188982526336, 11.373784794401914, 1.335376096909524, 2.220446049250313e-14, -4.440892098500626e-14, -2.220446049250313e-14, 62.51617143719267, 63.80991140184881, -7.931026486286328, 4.882741178376705, 53.99155125406338, 9.227446914446375, 33.18903644315478, 8.192323477546893, 0.7574323609826479, -0.7957443773556747, 0.0659217800365468, 0.42980777858406327, 0.5200086939019002, -2.0973309683832895, 9.120349157026794, 4.990085092763138, 1.0732836403036572, 5.805823653867606, 0.6055136242007393, 0.5623109714699694, 0.7300667831875671, 5.011533685761719, 8.569206856640903, -0.00934868597141758, -0.15309820808363384, 2.4598086484134, 0.24060927910750252, 0.9175985284891794, 0.16961839521673028, 7.314332114539297, 20.182777875339752, 9.732427540274898, 38.15050430992454, 30.10404167118557, -4.440892098500626e-14, -2.220446049250313e-14, 2.220446049250313e-14, 0.0, 9.046213985540064, 16.8976272366684, 2.2250579175559437, -0.5853795460185438, 0.07478167564869409, 1.0488050247503793, 11.849405105207381, 14.602064621577028, 5.049002732435952, 1.99132952473974, 0.9695533707720188, 1.1838647157294417, 0.330460177436521, 2.1078150878751103, 0.02738493492984162, 0.1849658533959655, 1.3882143329605015, 1.6854524234844348, 1.3948737269231515, -0.08132880016455601, 0.5139787167403256, -0.6734107031652456, 0.7450392655727001, 0.39829251178730374, 1.1392537211933131, 0.9347821261953868, 9.960273561239319, 13.560014838079042, 1.152303092349257, 0.6382314487066196, 1.082666626450191, 6.5891647293954065, 15.736266051082566, 77.23179945290747, 32.04902253828985, 4.440892098500626e-14, 2.220446049250313e-14, 2.6418829301679807, 2.606604051460348, 2.6448497448043398, 2.604378475362406, 0.0, 0.0, 6.661338147750939e-14, 0.0, 2.220446049250313e-14, 0.0, 0.0, -2.220446049250313e-14, 2.220446049250313e-14, 2.220446049250313e-14, 2.220446049250313e-14, 6.661338147750939e-14, 0.0, 4.440892098500626e-14, 9.450005680071577, 19.685967435164173, 4.435132794548082, 0.9183029304696788, 0.6007868840663946, 0.603748582082801, -0.005948760378601037, 12.399233632975722, 21.224304513380844, 4.74753348615377, 5.576319792453205, 2.5348825014339127, 0.10599571924967677, 0.3876077514946701, 0.5265019066146124, 1.9519134718484565, 0.6211784189206355, 0.4843450851080888, -0.4540844232337804, 2.882724303681698, -0.18405499043979034, 0.8398584424645605, 1.8164085658461318, 1.025175967252153, -1.5632728031446277, 1.1198209837430113, 3.3546439125443612, 3.258527235503948, 9.756484963501293, 58.952954142809176, 28.242838532914604, -2.220446049250313e-14, 7.2089552932187, 36.75640679997386, 24.48267104477526, -0.8212194173133298, 0.2644583981928008, 0.1658314039225388, 2.8181618865463633, 3.73934958885809, -0.08319406514874572, -1.9475491791165496, 3.229526475089756, 66.25501639148143, 51.8088086018972, 16.91525907946653, 49.142882083028724, 34.04805960825013, 12.021071401346035, -0.3018103128615621, -0.7662721576909917, -0.24213152753873146, 0.35885017060354585, 0.11835025664072418, -0.2041087357354172, 1.4296895545126063, 4.044646517673755, -0.6213853711083175, 1.0253269489176091, -1.0648823314631954, 59.87374387583577, 50.74256649093559, -2.220446049250313e-14, -2.220446049250313e-14, -4.440892098500626e-14, -2.220446049250313e-14, 2.220446049250313e-14, 0.0, 8.881784197001252e-14, 2.220446049250313e-14, 2.220446049250313e-14, 0.0, 2.220446049250313e-14, 2.220446049250313e-14, -2.220446049250313e-14, 0.0, 2.220446049250313e-14, 60.10887511915632, 73.95777439381641, 5.0870535518336055, -0.5523016892294663, -0.15812394565045906, -1.4526839073408837, 1.1429150975457105, 0.4348374069924148, 62.26174480416313, 42.89579728642411, 62.95910408387755, 69.77807248370374, 0.5434252361544623, 71.38819691083205, 57.875003609682466, 0.0, -2.220446049250313e-14, 2.220446049250313e-14, 2.220446049250313e-14, 26.624837333631532, 64.62215009662071, 13.78849746270214, -0.6917702746641226, 0.04401775642168104, 0.959862588863075, 0.4944164977247283, 1.533045033289227, 0.6031933429967467, 0.5007819538786862, 0.8341700222074451, 1.209903170046573, -0.6762078997608114, -0.034042363875414594, -0.5553013682085748, 0.49273495021816416, 0.5611507209067668, 0.05168219764527748, 12.914361507888088, 31.80495143659857, 5.252134041450574, 3.154366226820059, 1.4340576131656917, 0.2799637348031183, 8.74976024989195, 7.551742180599717, -0.6378637956896682, 2.9814442452020558, -0.48121422946212533, 0.7067338247064185, -0.031131110810065366, -0.3231002407135293, 0.7880987068421632, 36.41426872444069, 20.338749103181613, 70.30398098022107, 0.7539786023855868, -0.6352958522797962, -1.5520997069021405, 66.19868331250598, 70.2852986051276, 14.552147574376221, 61.54761858451934, 38.90171160468083, 4.61380727368271, 4.271869804184121, 73.12184161092853, 64.03660658874355, -2.220446049250313e-14, 2.220446049250313e-14, 0.0, -4.440892098500626e-14, 39.9429683885331, 54.3930213045964, 7.922282688666087, 0.571713909878099, -0.20071543315657436, -0.7491597032754953, -0.3277954245975252, -0.4309760695421119, 0.017174364094444172, 1.9112316199674524, -0.3647060063327672, 60.03240845495253, 9.939749900449442, 37.8163611621562, 5.553929939087425, 6.4038460138255004, 8.793282123307904, 0.030314152792243476, 0.7838406172012355, -0.051362868031674225, 2.4372232464893386, 5.882052023700567, 2.374652785372973, 0.30052595555571315, 0.1911753903407316, 0.9075974489956025, 4.965888285965775, 3.261821562730347, 2.9777734842789414, 6.871009969834631, 1.6048435365238447, 18.787045613074156, 15.222221669034525, -0.502332096006171, 0.8817103512120639, 1.3498910520323761, 7.995441142020695, 5.39641149979866, 3.0078380960394497, 4.55628574493835, 0.21640740143266157, 2.5259803303840727, 0.5520189888857203, -0.11715635506834587, -0.13415470865197676, 0.011994163960480364, 1.0495279511181934, 0.8719995373903657, 1.1931627896794907, 0.3158039970007849, 2.802090288134309, -0.6130227457430237, 3.3583819272994333, 68.36208402191971, 53.951299472552904, -6.661338147750939e-14, 0.0, 4.440892098500626e-14, 4.440892098500626e-14, 60.687721261796526, 76.0468771428628, 0.31877095746710893, 72.57437536525117, 59.84014049026072, 0.0, 0.0, 31.96674588058444, 59.913613761933675, 19.833282107539503, 2.3780245168761667, -0.14731289106475742, 0.7718047237699466, 0.39435888481034453, 0.7312975636923511, 1.9906057271477948, 5.228108738002334, 1.9842821423429768, 0.5979717483077138, 0.7860582980586059, 1.874966312222, 0.45505481061638875, -0.1445334732743504, 0.16287476415720903, 0.2368300360210469, 1.1740077137128537, 0.1196362140653946, 0.10547857453275356, 0.9231186925318298, 1.4306366033168842, -0.7890637349557892, 10.951310220665619, -7.594935597235008, 0.008713575894489622, -4.055448819882258, 0.23733201227196332, 4.685634823061946, 4.202872990952983, 2.2955949925710684, 0.15300999836927076, 0.7848653849348466, 2.167918671007783, 0.75462666498197, 15.415691170382047, 69.65480888026588, 43.36537837932892, 2.220446049250313e-14, 4.440892098500626e-14, 0.0, 71.32114955321501, 68.58784401048052, -1.0728644909085006, 1.8693798220247118, 4.022174295745344, 4.515858631237279, 2.043647649649756, 0.7639562872312808, -1.3899284280862503, -0.6924404366051249, -0.10393256569432197, 1.7840282853571807, 28.8452825681818, 13.477049880626964, 2.6877156940404916, 0.6693245501602405, 0.4599686464399042, 1.1186565467257878, 0.04022145097212615, 14.667071102599607, 18.083045127771697, 0.350648397176883, 0.0832619362446394, 0.3931723864207015, 0.10656658564369081, -0.16833200843154827, -0.11302081626627114, 0.9945609079796895, -2.1939316991507667, 0.4553362114384072, 19.816845953937104, 13.676290397077764, 9.290931442879241, 6.518662920668248, 1.8565987950121325, -0.5760640377370692, 0.18473683020897624, 3.685521514565721, 8.550564699536835, 5.050068421906303, -0.47385912797449237, -0.2876649126965276, 0.4658360450271175, -0.2955191566461508, -0.2236346368474642, 4.458156665260503, 6.034569813798726, 1.4513685386546058, 23.613903361958023, 25.037950048080347, 1.3816976491176547, 3.2873593447679923, 0.5026168018982844, 9.90092712384535, 2.714284101152657, 3.246692766967044, 0.6350178407291764, 10.944866068113924, 33.54245617973493, 9.796602002635225, 0.0, -2.220446049250313e-14, 0.0, 0.0, 83.95050642157344, 93.11807640613847, -2.622450986783633, -1.0314371778868008, 0.1233892834791277, 1.4790357462409247, 5.150683458294907, 5.806519627045191, 4.01363142324135, 0.4022535023341334, 4.990677361894541, 3.153293851464241, 0.477986987482268, 5.288798242595931, 80.52242649211917, 62.5657591927515, -2.220446049250313e-14, -2.220446049250313e-14, 0.0, 0.0, 2.220446049250313e-14, 31.99398957821829, 73.51259966262188, 17.091209623414898, 2.652298560284862, 1.3419894314226894, 0.6757525535231252, 0.17835138162627118, -0.08473991668051895, 1.56895742218353, -0.11930491427119705, 0.2913515532402471, 0.13681365497791376, -0.22076838795919684, 23.375266277749688, 35.294688493251215, 4.544376082237136, -0.6822084422943817, 5.642846497615608, -1.105576567425544, 4.63294719989932, 4.515465957873175, 26.60135046433379, 7.985240711454253, -0.14944533107632196, -0.716074005353903, 0.9187979971231925, 1.5785553157218146, 1.0188453360967742, -0.06691454541100939, -0.4868198524181935, -1.8078120623201812, -1.057890705502814, -2.4629985353420807, -0.7140384219389944, 0.09459476690540214, 3.7300019859176246, 0.08228907483180592, 2.307016215271915, 2.094649444841707, 19.52187356315119, 8.849600774984538, 3.919513116542703, 5.974988581985144, 1.5316005337904244, 0.47829679256165036, 8.75681713812287, -0.09504369393152956, 8.497113976884748, 0.9200195386092673, -0.31542231380035446, 2.186772522015417, 0.3273630795342797, 10.449828516270827, 8.67158946519271, -0.057032722217854825, -1.3746150031863635, 0.009450152570934733, 11.329997331836239, 108.24714901891542, 48.11395132854247, 6.661338147750939e-14, 67.1495040269811, 79.87041964575076, 7.632967484778305, 0.3364435312705609, 10.865618420403734, 4.2023028017289334, 0.34174112309028715, -0.015430421209657652, 15.711091206639367, 10.06203183026446, 5.79200029269532, 0.7198807907200262, 4.4049187067118964, 0.7466963601732459, 0.34385651313778, 1.8166250729821058, -0.5888278000732043, 2.3345393981396683, 6.763557790781306, 6.317710382862515, 0.9847761254998204, 7.219149972067953, 0.9104067687342194, 0.11256011800105625, 3.2055576777736405, 2.662388242975794, -0.2993858153022302, 0.12921811914770842, 22.032064234760128, 5.785383785150998, 3.5818932788574784, 9.372784237633482, 4.828437804571195, -1.097773448185876, 2.205660325986628, -0.6530305217356727, 0.970435258532234, -0.4524716814852354, 0.19633707151501767, 3.594319521101397, -1.154242173195712, 18.81349284015971, 83.4039938810505, 46.12156340016125, 0.0, -2.220446049250313e-14, 4.440892098500626e-14, 0.0, -2.220446049250313e-14, 4.440892098500626e-14, 85.00165645332379, 88.3838715639788, -3.721959701917058, 10.198438387011947, 12.509979263911646, 70.72631913956934, 61.89407945636265, -2.220446049250313e-14, 20.806611164175564, 49.76755958744786, 19.807143272129053, 7.4334823416014615, 2.516283411310269, -1.1853599452981598, 10.923096611349933, -1.05036488829046, 5.674051679152399, -0.4873342521018458, 0.2584636217134175, 0.6762124506703913, -0.2337779931865498, 2.0446264859388066, 0.8992275073419478, 1.743235356142577, 0.5096687322077287, 1.4744655892154697, 0.8977113956625544, 32.2657497271083, 0.687841300465152, 32.891287064330754, -0.12948276816086945, 4.912846236704809, 10.37100367186622, 4.191701571701628, 1.5858069406397135, 44.681916931235264, 52.35424101161885, 72.28978074861931, 102.65617363267415, -4.769801701653705, -0.013627792593524646, 0.02225950869637927, 0.2815977726777419, 1.1645015512608552, 6.985358882803212, 19.420853553989673, 5.852373422763776, 0.4371317733057367, 2.4842358637864663, 0.10681136161929317, -0.3213554178606728, 1.54858025273586, -0.2668831528770852, 0.7863670983277871, 2.0450259858210984, 5.257022040101333, 0.7349401699909777, 10.438072069501686, 3.040170768972075, 4.073578156970598, 7.547936074631025, 5.456605215528725, 12.096415540933094, 9.638028241311986, 3.454288980378351, 0.3058600957468798, 0.21742568483614377, 2.3645897066492125, 4.241439993809763, 0.14883065366916526, 13.438917227876118, 7.76063212547524, -1.1331187877540287, 1.4958733298890365, 2.329715681336779, 10.955504403619216, 3.3661705312285903, -0.025128089263489528, 0.965612600612701, 3.726661658969533, 29.605912717497944, 20.34007069891841, -4.440892098500626e-14, 2.220446049250313e-14, -6.661338147750939e-14, 0.0, -4.440892098500626e-14, -4.440892098500626e-14, 2.220446049250313e-14, 4.440892098500626e-14, -4.440892098500626e-14, 4.440892098500626e-14, 2.220446049250313e-14, 0.0, 0.0, 0.0, 4.440892098500626e-14, 2.220446049250313e-14, 60.10820983614573, 77.82966513118964, 1.700490686228818, 1.7227709210262674, 0.19705535263392449, 0.4964295593706538, 0.6841880872857473, -0.24772632857138888, -4.487173287132009, 1.0991808502819822, -1.797897061055437, 5.831073434216023, 1.2346990880919293, 7.038803821922556, 7.992106003547406, 1.584545715074455, 4.783847707559744, 35.86523271088481, 5.6639239760053215, 7.63470874787464, 2.6246653742251738, 0.40580114733882056, 1.2142109506321503, -0.15447705569283698, -0.01180845916223916, -0.5125643219049607, 0.9432784885777892, 1.1551258786081462, 1.358774987808033, 1.4306723366497636, 2.0273818034770557, 0.24661286018522333, 2.792238861171768, 23.500698046056982, 46.05051342375472, 13.667633722511852, 2.220446049250313e-14, -2.220446049250313e-14, -2.220446049250313e-14, -2.220446049250313e-14, 2.220446049250313e-14, 4.440892098500626e-14, -2.220446049250313e-14, 0.0, 0.0, 0.0, 6.661338147750939e-14, 97.38111985077194, 96.67232875347804, 0.029794977577466852, 0.46045656501155463, 1.043581299364405, -0.08730955757278025, 5.224560249374235, 82.0107116779601, 91.6601597017883, 34.07279553893173, 87.96543061530537, 14.098196700508538, -0.299582206876039, 2.079484562455036, 2.7356762597885336, 0.4514782674423259, -0.09255689689757673, 1.252534954708608, 31.96622006894154, 6.133142131276372, 15.781703216230085, 10.500491165221547, 0.5828035517749868, 0.14245134727843833, -0.431448141904184, -0.5931741628451164, -0.0831897547036533, -1.7014093261343533, 19.4182457799252, 112.35135196264338, 33.6700298706418, 0.0, 61.48512491748295, 78.35066534310067, 1.3544743983136414, 14.715033108787452, 65.21476852838924, 42.18397551113614, 0.0, 4.440892098500626e-14, -4.440892098500626e-14, 0.0, -2.220446049250313e-14, 4.440892098500626e-14, 0.0, -2.220446049250313e-14, -2.220446049250313e-14, 89.65232329462543, 106.908301703799, 4.184325121904976, 1.0250954173586706, -0.2657373672927861, 0.9609203974798675, 1.9721047240150256, -0.008425205430285132, 0.8514295522800239, 21.51956251770207, 98.45818180999254, 48.55457636552153, -4.440892098500626e-14, -4.440892098500626e-14, 5.2124080770157875, 10.635675363012652, 4.402818576004677, 0.4894469220269002, 1.5651816820427484, 0.47790635002780846, 0.036612514134489516, 1.4004220325176817, 0.030886757004935816, 0.6589968622902092, 0.04935345759791687, 22.26508732666099, 83.10620979161718, 22.777791536544328, 1.3477514836254159, -0.4247451095677661, 2.569366626894407, -0.3263553262597725, 0.45800517891370873, 2.03465382908189, 3.640170521350683, 4.034333447589006, 0.40188274596903284, 0.4229760443690793, 9.005218830410058, 13.376468270846317, 81.16691955922897, 71.62897187918122, 4.440892098500626e-14, 4.440892098500626e-14, 2.220446049250313e-14, 0.0, 2.220446049250313e-14, 73.67423425142391, 95.70123301510353, 8.790911212588071, -0.438979750486169, 0.3022652611716694, 0.36965474045564406, 0.202652844657905, 0.026893036768342427, 1.557053379738818, 0.3862361072492604, 8.08434184227599, 102.66094698068457, 94.03565410096525, 6.661338147750939e-14, 2.220446049250313e-14, 4.440892098500626e-14, 6.661338147750939e-14, 76.98732212790816, 100.88660128455274, -1.230126122172578, 6.726359410505438, 13.697061860120925, 0.5054510387604978, 0.6664102590038965, 0.4918589524130539, 0.2577143815792624, 1.316683373986507, -0.9344928568467594, -0.5534720940834177, 10.267096910218811, 21.903801030021896, 2.057169742379301, 1.0514725470416124, 1.7267353793527036, 5.404235346825317, 12.699079962879296, 9.793956794719179, 0.6105493206255233, 2.7863675893138407, 1.9164761996869402, 1.7805095846504173, 0.16913373519082597, 0.42965683522697873, 3.8155699229146194, 1.3329957052624195, 0.12192702933680266, 2.135293994138692, 7.922942705146852, 0.2239241659315212, 1.7227845009247176, 0.786863319563281, -0.5317262287567246, 1.0531451694300813, 0.8268314305194053, 2.676517428560601, 0.21983399638338597, 0.5371482130094591, -2.9922497864693014, 41.817691240881004, 107.05481339533242, 36.524630356437115, 8.881784197001252e-14, -4.440892098500626e-14, 4.440892098500626e-14, 40.91876603440173, 47.62341531279009, 10.116490160134049, 48.481889679902054, 17.76822510910705, 4.440892098500626e-14, 46.967750137952294, 68.68099588640672, 5.809642010158086, -0.19181914377236353, 1.9244163858938919, -0.29305436195204493, 0.38757408690162265, -1.5949409480838312, -0.8434808380110326, 0.6314867685545096, 1.8144858511896018, -0.12724507899883974, 2.5493530936951174, 31.295377034001376, 13.988026688017271, 0.18621894886774726, -0.013673857835897252, 4.426760167158022, 51.26755855092108, 43.63371192893055, 3.3553717357798405, 0.23090665249401354, 1.007251189486169, 7.688132470012533, 13.998816809654954, 6.581589108385629, 20.916018287833253, 59.40172220421465, 24.726465327960028, 0.0, 4.440892098500626e-14, 0.0, 81.33043500698795, 129.14492790537508, 16.175866677838258, -5.246029718368391, 0.4651399072295135, 0.609159734719924, 1.2415216877120656, 1.0887456325453968, -0.029168709854957342, 1.1296451185603473, 2.3994953549402, 1.5764641397140622, 0.032487176628819725, 0.4635298203691036, 0.5851589915407658, 0.539243788996373, 1.9377271817602377, 1.9307085681343779, 6.590897807193414, 6.329569732782602, 20.26925934250778, 13.21360119706469, 2.5588776900083303, 16.512985294055056, 10.60043097256198, 1.7790167571556594, 1.3103687293719304, 1.0210749663910974, -0.260521732744337, -0.4841699909034105, 0.2400244689908959, 0.117569472927471, 3.461985921930818, 3.0682064926197654, 2.2718902124154283, 3.6105397886808532, 0.4592243131749001, -0.10874235643495922, 1.240235525525577, 1.6132536304078258, 2.0966264268349732, 0.2702983891667827, 6.227884840837987, 16.575835736738895, 8.746850348715839, 0.10382829793729798, 21.834037672301747, 39.899736301405255, 2.666778398295719, 0.07102829335372007, 1.0386458764123745, 0.41158471864036983, 0.25682113339553325, 0.3118715285379494, 0.7156843629009018, 1.1084571316328038, 20.32898616352304, 104.139559817811, 82.9753434690119, -4.440892098500626e-14, 2.220446049250313e-14, 101.79450654645018, 107.60529951594344, 4.727388956579944, -0.2442301395958566, -0.5871672034363655, 1.0657003077635636, 2.9641887203267743, 1.9011558925901682, 0.35931053505328236, 1.3208319129701067, 4.4864204737530144, 6.564265001394233, 6.001776322353521, 22.079688676856335, 4.853587518945233, 2.724123358658403, 1.2847746545658083, 2.739836409134, -0.2721576166718478, 0.014186489689564041, -0.7787325124498921, 5.660053108771876, 1.4724074050541276, 9.415919990588463, 23.299380793054752, 2.484557039215133, 0.14082372653956554, 0.6264856690202123, 2.7689899244323897, 3.752906382335368, 0.2838067637903805, 0.17412356343083957, 1.3339891921646085, 5.271469248764561, -0.8242634715170425, 2.1744871973312456, 1.3824979122573495, 0.8716446324488061, 1.725126673268278, 15.782430643365842, 43.050811405863556, 74.73258347279926, 24.971886407843286, 0.0, 0.0, 2.220446049250313e-14, -2.220446049250313e-14, -6.661338147750939e-14, 105.20883065289655, 123.39841510505607, 9.519749299256546, 1.582634918640224, 0.8904083395589169, 0.6631180547724398, 4.512880519631835, 12.478435175102504, 5.451828061108472, 1.3021641410221036, 94.17694091700298, 83.8446364427561, 2.220446049250313e-14, 8.881784197001252e-14, -6.661338147750939e-14, -2.220446049250313e-14, 0.0, 2.220446049250313e-14, 4.440892098500626e-14, 2.220446049250313e-14, 0.0, 4.919940986801855, 91.02759949986472, 97.46541811857287, 5.793445530945519, 15.897618667770757, 78.4540341964912, 3.739305127643661, 44.42975272652973, -1.2459733804820416, 0.6667595637802606, 0.8109802254190299, 17.194676443000844, 70.86205018116777, 34.91582110646779, 2.220446049250313e-14, 0.0, -2.220446049250313e-14, 42.413417246970084, 71.97472043156188, 19.844491564732493, 11.480645751274324, 3.3664691673070593, 0.3799902291420949, -0.11337319227618536, -0.009176192070526668, -0.09857920444710544, 0.37008312744046634, 0.7945139894634394, 1.2744449211231768, 2.7293921973687247, 81.9811649040742, 62.667787129669904, 4.440892098500626e-14, 2.220446049250313e-14, 16.050270608945524, 44.872646858953544, 18.416485160216553, 1.665970261479515, -0.2017916576405696, -0.08900963684448016, 1.4652962792140443, 21.272594354650437, 45.44852224960732, 5.504130019259264, -1.3775641889692452, 8.963200405915586, 100.702333848779, 64.69196010696933, 2.220446049250313e-14, 58.67366647113232, 82.91882488604017, 0.9936122555146767, -0.3190946553801268, 0.2000821970486868, 0.01636967586978244, 1.7319269901892085, -0.7203007961670664, 3.3686126635907385, 12.343917110898019, 4.122120182844355, 13.11024906808052, 13.940844680947748, 0.25607108068948037, 0.8459003360364932, 2.3789914131059504, -0.46960020886990606, 0.3309818408064302, 0.13661723139409787, 0.7427231190949897, 0.5638932120950813, -1.5221117653411511, 1.9338633550444229, 2.581919172585458, -0.31664135170603913, -0.9187824481612097, 0.8957646797416601, 2.308122112689034, 76.62092820671273, 48.38489750336136, 72.19319072185903, 86.77765194409403, 16.148733071050515, 6.339856771665154, 2.1204352495569765, 0.33902927924714277, 2.7756628649897266, -0.11006415039150852, -2.5613814462108166, -0.044808354292172226, -0.4280809986726126, -1.2491985290614593, -0.4437239601497822, 0.3382527746316555, 10.647558290214874, 30.007317461668322, 10.318799752177938, 16.244720776542636, 48.378033701323375, 17.22560258559197, 53.14095524693366, 84.92925602178502, 22.16345952576023, 0.5351901722540333, -0.11529913223012045, -0.9660944873262451, 12.661946286902548, 90.79931906785407, 62.1802655082499, 2.220446049250313e-14, -2.220446049250313e-14, 2.220446049250313e-14, -2.220446049250313e-14, 0.0, -2.220446049250313e-14, 77.53402708137776, 89.30871736010937, 0.5934062217949077, 0.017674735152240828, 0.7534222315744046, -0.03311316005260778, 0.10611108114062517, -1.723416011338145, 26.941479753501426, 83.81468028520072, 28.050740752062467, 2.220446049250313e-14, 0.0, 6.661338147750939e-14, 0.0, 4.440892098500626e-14, 46.52642436991816, 72.76573196046223, 4.888515558556264, 0.13369557468297444, 1.1374243140712679, 7.404748367552656, 10.674589157581977, 2.4655972276755165, 8.934904558455173, 3.099253238943902, 3.2774020791796374, 2.090310090182811, 0.6299053470268063, 0.46738186708034846, 0.02244373841062952, 1.1359378012105026, 2.46314840488742, 4.683330775967875, 47.335034927686024, 36.21303412949436, 1.3353525411774854, 57.375655610013496, 73.32909312314678, 1.5864905988619284, 0.4871514819874392, 5.510947959754958, 1.4266073277894975, 1.470739092732856, 1.3155628058771072, 0.9965821460891675, -0.20644130807681904, 0.8370114953359007, -0.6822428809566645, 0.46516552578441406, 0.7230173474351886, 1.6366889797343447, 22.52898917411335, 3.900347951150934, 9.794160249162587, 1.1601928921444369, 0.5630053374425188, 1.96568878665812, 5.012381746179699, 3.2811464843009617, 5.619024820484697, 0.2854715987075451, 1.4170212700379352, 3.0900804430712014, 2.79183003613457, -0.015547383328566866, 3.584909944330093, 0.5452126260597652, 2.0826646138700653, 2.8206533690336073, 29.232045679269277, 9.891227998837167, 5.25099686100225, 0.803101876785604, -0.34641542264819236, -0.31203830014555933, 2.83153304566963, 8.380849941206975, 2.2215735254835636, 1.1455214558220632, 1.4716624078913583, 0.5835936125045009, 0.35653165479720883, 0.6953163972207221, 0.12767161271199257, 0.2906074009888471, 0.41377289100842063, 0.25576106803032417, 1.3102276004382247, 10.567183514875865, 9.743903082635939, 0.24757796415201483, 1.3794978978762629, -0.530465630791241, 2.170697676697273, -2.534854846542885, 0.4851310349004052, 1.0161112667599355, 0.36346722053713165, -2.6247729731512663, 76.4931437995919, 3.7256353880823667, 64.09327635644308, 1.9304726420655243, 0.6385685502663137, 1.8325608534094044, 1.0662717870761753, 0.08884375052696214, 1.0083479240315683, 0.7904769986533893, -0.3508125725342097, -3.1095511363962487, 13.541114676663256, 13.675091047677029, -0.22109171167721797, 0.7079759188518437, 1.397411859521526, 0.19066737949651724, 0.25646441249898544, 4.372836817529105, 84.16475058230662, 64.37459149914386, 2.220446049250313e-14, 0.0, 0.0, -4.440892098500626e-14, 90.2348955352137, 93.52041016657972, 9.024409853416046, 1.3122094990358164, 2.4311730269623695, 1.7263941900105237, 0.41406681308944826, 1.7794332803148336, -0.24568608951972237, 1.51908539782562, 1.2094101519792275, 4.355814604088664, 0.5139198607703293, 0.405008782602863, 1.853436391960031, 0.716290026517072, 0.9487454929815158, 0.697197874299718, 1.5393939412845157, 1.4081906848507515, 1.475852901091912, -0.3229705390795061, 0.30770346041595076, 1.7218611726394784, 1.1689541160753834, 0.7505807209006434, 8.40520027982825, 74.49147444789946, 53.68385432736903, -4.440892098500626e-14, 0.0, 6.661338147750939e-14, 0.0, 0.0, -4.440892098500626e-14, 2.220446049250313e-14, 70.38157097929462, 77.92512282190921, 3.532665182160599, 0.1555848600387435, 0.8920330848716276, -0.06860365706711491, 0.2835617922714846, -0.0470540770243133, 1.0185938463262119, 0.5136701289918619, 5.156390293513141, 0.7000502724730495, 0.618984318408593, 0.150018850651918, 0.8327040064361881, -0.4342696197826399, -1.0485895923544604, 1.7278999676760805, -0.09500187857565834, -1.483655365662571, 0.3176567386622082, 1.435043445292422, 0.2569950179698708, 2.2306953328187547, 0.3397736949980299, 0.40716636904437564, -1.0629959606163766, 0.31434700647605496, 1.0176612068885333, -0.9847756567938859, 2.2815780204705334, 3.0709181031328967, 60.0798740422307, 37.288109243313045, -2.220446049250313e-14, -2.220446049250313e-14, 40.56517806911518, 93.13272716678773, 36.782495403417215, -1.6068532387703272, 2.4841139026800647, 0.08421113187273477, 4.109390158752376, 4.414852735408203, 0.26249176078977143, 2.9206399125200733, 2.4752924952852027, -0.7635264369914694, 0.5239418822654898, 2.0915409187923615, 1.0114541938521597, 0.5128899743488091, 0.503982745176927, 0.8356979611352244, 4.646358002168768, 9.365332855839824, 0.5441532829484004, 0.22185445978425378, 0.9253673068376429, -0.05387995705086723, 49.39597342055697, 51.6724461525485, 1.3452718323406874, 2.220446049250313e-14, 2.220446049250313e-14, -4.440892098500626e-14, 4.440892098500626e-14, 63.43563176437661, 76.61621619214031, -1.0818004284510607, 3.7543795734645755, 1.7227737289813376, 4.270482376075165, 5.150169081107833, -0.136807209804374, -1.090773029700813, 0.16617601470534282, 14.259265145620134, 11.30086152832564, 2.1924135145396804, 3.44480998322274, -1.3125554686074565, 0.2636644848918195, -1.9405213096829357, 4.595471085850022, 0.2846469701729575, 1.9955947955771762, -0.3392646211227657, -0.4985707648997959, 1.7363842402239698, 0.7179281270791762, 4.213309973969217, 0.00241598617890304, 0.012888201392797782, -0.49996716612838554, 1.2429282570203668, 0.43559678748829356, 0.8636582656639575, -2.0367945123333016, 44.761433577745834, 31.633630140552924, -4.440892098500626e-14, 0.0, 39.18262237733853, 65.64057308027253, 8.739820420595947, -0.03987141682659967, 0.45046400588557844, 0.42382075238015204, 0.8661978941531743, 0.5292052106640313, 2.287855102054664, -0.13022532017373578, 0.7366670148360299, 11.614720199808346, 54.88784523849466, 30.494422079321367, 0.0, 0.0, 0.0, -4.440892098500626e-14, -2.220446049250313e-14, 0.0, 0.0, -2.220446049250313e-14, 55.80055002976246, 59.21349698413394, -0.8021255521433659, 0.02341267194503871, 0.05152125987308409, 0.7512003962809786, 2.195826084441933, 23.56657122520437, 59.93575214171983, 19.02862153516277, 0.0, 2.220446049250313e-14, -2.220446049250313e-14, 0.0, 60.13122910299313, 59.08290393949443, -1.8461047942000732, 0.10691541071059874, 1.038971362576035, 1.9283181405743335, -0.4838418531710431, -0.4187450950321363, -4.103675501477937, 17.429531637719265, 16.757414944153652, -0.5704260813287192, 0.7033511770107452, -0.47790908630588547, -0.03010087787788507, 0.33497323219364716, 0.09394930500252485, -0.3279755294909137, 1.4596848927873225, 0.7005333049089586, 2.868210890633577, 0.8942260743353927, -0.1452167930995074, 8.659818848743384, 1.674057476793564, 1.4857992120577137, 0.897027465157521, 2.8779311577817452, 0.26702612810220216, 4.884733949891597, 12.153961514112439, 1.1006071267160564, -0.4176786049105772, 2.69904186797487, -0.03448400495636861, 3.8888666415156194, 0.03549684362633343, 15.597686084026805, 38.654604821971816, 6.808161089814348, -0.07641178350831979, 0.5381597244590921, 1.9665231585188394, 0.8761538715925781, 3.529960885323135, 0.20152861245151144, 6.330534900216321, 74.53013868279703, 17.41054965669798, 67.10020928497408, 15.141801407376647, 1.8717242022469236, 3.462191169684729, -2.2370626477611495, 0.8481315203316626, 0.8109741407113233, 0.5852250317433345, 79.01972792939114, 77.69379766491005, -2.220446049250313e-14, 2.220446049250313e-14, 6.661338147750939e-14, -2.220446049250313e-14, 54.25660983471872, 64.3332318679424, 0.27934572514436695, 64.53936614314154, 51.019061498854825, 4.440892098500626e-14, 0.0, 2.220446049250313e-14, 2.6163201070056132, 3.8577064669526706, -0.002173735087644957, 1.4937842316752494, 4.1138101272918846, 0.08522690156070212, -0.11642640547216843, 5.490640531906195, 55.35886361941755, 28.504214781715064, 2.8819276858644116, 3.9685344101670808, 16.998197573430502, 9.639915968303058, 0.08694492756973204, 7.092957954453482, 8.802091810893216, 2.9198490742170407, 10.39104394423157, 4.435364191489839, 0.011248781003985187, 2.994530349487434, 3.5615012064412213, 5.922516127602648, 40.99686437704955, 24.250117818815283, -2.220446049250313e-14, -4.440892098500626e-14, -4.440892098500626e-14, 0.0, 45.33177896276385, 81.24386239193672, -5.135093657278389, -11.740381340122212, 0.23982714172097985, -0.8543711287456972, 1.8236743141696934, 1.6259426760753968, 0.27480998631494913, 0.9646926853117748, 9.287986740799738, 0.41214868900885904, 3.5757735978934306, 1.2501811073152567, 0.8023895163934185, 0.30238233787463287, -1.022689799616387, 0.23909866098199473, 10.590813125944578, 1.5414657144169723, 3.8109897923584413, 0.08147684476216455, 2.3282019331869606, 9.133600038209579, 4.590779849628916, 0.32544170825872243, 0.4882991919782853, -2.15936021585253, 1.410038436378045, -0.732665099632186, 0.8816040676451848, -0.5067604905830194, 6.109114978279422, 2.6723310331226457, 2.773472257739627, 2.2941176926733533, 0.7733018251060457, 3.265914138209496, 0.05602229611895382, 2.228391656779422, 1.9132686860664307, -0.12493108189210034, 5.337428948977731, 2.1217322655063526, 4.398447459062481, 3.932432725644958, -0.6945372039551785, 0.2691930475286881, -3.7684847556836303, -1.4861254472199334, 0.31931114762755897, 2.084452311620794, 0.9580003062931155, 1.0858642002248189, 1.3016382717681836, -0.07844213359953756, 0.2883099325669036, 1.9703522313710664, 2.1176218762278722, 0.8529427355939561, 2.013794128622976, 2.327826969163766, -0.08359330809560106, 0.14669692212544305, 0.5969719172049963, -0.6684710044041822, 0.4853946353508718, 2.0599602934189534, 1.2683280927623173, 2.2964006026924153, 0.18296514009489329, -0.03648448707622265, 0.6092604643323511, 3.229712112824018, 11.104679095868505, 0.6484832268083665, 6.370338248112603, 6.738122860788053, -2.5855756306256126, 5.168846754982951, 1.473112814483784, 1.9038044286506874, 1.1587214267889294, 2.364436552963298, -0.37493042731171045, 0.29116061345985145, 24.708229177385192, 11.679109944582422, 1.2972769996354714, 0.8332846833228587, 22.82675058445753, 15.023440983024528, -4.440892098500626e-14, -4.440892098500626e-14, -4.440892098500626e-14, 0.0, 0.0, -2.220446049250313e-14, 67.1140808558369, 92.27036195184144, -0.7471156154285836, 13.260556344013935, 17.45848760574097, 2.440032118261115, 0.4515137878213409, -0.562014342807629, 0.5217848719946687, 2.0954212727018557, 0.1775355746419791, -0.12142705813732846, 0.07888465654468746, 0.9267034626154782, 0.15778966106176995, 1.1000084015306584, -0.4101960811534582, 0.4233938518373179, 0.7361139894163671, 0.7456893282553665, 2.2287338389064644, 0.7367481991256, -0.005472225698440525, 0.24319524488123534, 1.5129661002340526, 0.40790965123312617, 15.822964992581092, 19.70193620692646, 0.13756903697662892, 0.004100421895827822, 0.433201491108548, 1.6823524131509657, 4.287633755337538, -0.5183895927198137, -0.10902283602013085, 2.168273179047219, -0.8486139240244484, 0.6390640139021571, 0.2653052420928361, 0.7838886908275526, 0.43071587824124435, 0.4996121119268082, 1.5428461448209418, 0.2536426726372838, -0.4244100905727919, 64.68160567057737, 54.134612824446265, 1.3010122725605413, 1.6905934033798928, 1.1972522329394053, 0.9145335750155539, 1.1815912111399456, 1.1955519032898678, 1.782567470691788, 7.978458255979092, 8.660465733860008, 0.584534784655034, 1.5494028371186914, 1.3992911555012597, 0.4174343204673505, 0.057705421513560395, 0.5963465559345877, -0.162803066022434, 14.910634574272194, 43.4824261376383, 7.051249219428087, 42.22391342486816, 2.2701002871520473, 0.30306385975688954, 0.9815417344802881, 0.9978617629626569, 1.289264044646643, 1.3972287573943731, 0.9992927843936741, 2.1779575973320107, 11.137391038294709, 0.8948216403647393, 2.611510625885103, 0.28858629895216836, 2.2849989577212, 3.180992356914203, -0.045807802304580036, 0.9123758780766593, 0.562859880114047, 0.31281112004467104, -0.3823164480555761, 3.119418809057379, 1.941687758318153, 0.7991225614189261, 1.4559427612049376, 0.8164588472427567, 1.7704572752563763, -0.009583085697158822, 0.10572586160674291, -0.5960594100572507, 0.31324309360809366, 0.4036082044566456, 1.3420004294214323, 0.2518061115455339, -0.9075373481490487, 0.2028570933807714, 1.0507827022133824, 2.7912486763956394, 15.888127093333082, 3.721948990133683, 1.0845648439847082, 0.30566321456603873, 0.5014134246059712, 1.8413734513737836, 0.7468567716877033, 2.486770978101731, 2.7875055176880323, 10.235005749733546, 5.723388140391194, 1.2929827318449725, 0.12126040282862505, 0.12853020979116536, -0.9582927879669114, 0.7570532078163978, -0.03280040037554954, -0.294221666002386, 0.9194352198429669, 1.4598826878097952, 1.1788675172389276, 0.5650625747557569, -1.1542177822652775, -3.207768791649528, 15.926338279656079, 9.093275588659594, 1.4322241565560034, 1.073996997267841, 0.5006065936876212, -0.20776121955566396, 0.29573800847788334, 0.07023653338114855, 0.2668397520574217, -0.23864890668664884, 0.020360629368269656, 1.1511890938035094, 0.7490394159971174, 1.8538710892355539, 5.422048482613377, 59.287928868666086, 51.00322301947662, -2.220446049250313e-14, 6.661338147750939e-14, -2.220446049250313e-14, 0.0, 33.86942562111986, 44.09030746297856, -0.9886647270619733, 0.1796348279334552, -0.9677482002246052, 1.5242422447425952, 0.6301395568904127, 2.240351511808285, 6.9899967946352035, 5.857451556105843, 1.9425907486078131, -0.2474031955080136, 3.890367052451097, -1.4623733189330324, 62.42051417074748, 47.59701476513564, -4.440892098500626e-14, 0.0, 0.0, 0.0, 28.048702692397868, 40.74021262521296, 6.28911450257857, 3.5277431298598003, 1.9420794386919624, 4.529019239580862, 14.67676933128655, 3.6329922711776135, 2.606540834276757, 3.494699256111062, 1.695310845394033, 0.7155559738854436, 3.054392420230215, 24.846685885307465, 10.25584492750869, -0.04650886169366686, 0.8856670860889153, 1.4738307989009627, 0.30284060690269143, -0.2977339111825472, 8.954456651176315, 25.895729326157493, 9.877316615398627, 1.438193393565598, -0.0087466410725483, 2.6282883926619434, 1.8432504734164468, 0.61884382089886, 0.19123770610212887, 2.581575275694604, 0.531268387595901, 0.6704402106844327, 0.7384572633743574, 1.6018653399930827, 6.686062665328791, 57.38096719653561, 36.979034193585136, 0.0, 35.789629239538556, 62.194920502550076, 6.768766553092632, -0.17947186622302524, 1.9389599139753955, -0.3621800211479922, 3.206366875426056, 62.38245449358391, 50.11372288783497, -2.220446049250313e-14, 2.220446049250313e-14, 0.0, 2.220446049250313e-14, 6.661338147750939e-14, 36.67767435815472, 49.014897376646275, 3.023518532764001, 0.8870256415918902, 0.4161927417115976, -1.0125374155586542, 18.783803910127574, 49.02203814263288, 7.150448320089652, 45.904867779124004, 1.3533362197148335, 2.1581275742277057, 1.3108356833508878, 25.04599223427533, 8.878685238335493, 0.3008759823813989, 2.5154375351173712, 4.074852326995028, 0.4247391936414715, 0.5439832377649054, 0.5346169995161745, 1.7725762587529061, 0.034716529079105385, 1.473536578702351, 0.5849298910272864, 0.35755736113765124, 2.591527237698074, 1.3902043125840464, -0.4884731046918205, 1.241558591632156, 11.877653042717611, 2.5903474435456246, 4.320568962518678, 2.431251519226521, 52.057808652084304, 58.28058370181432, 6.123095735477939, 2.220446049250313e-14, 2.220446049250313e-14, 2.220446049250313e-14, 2.220446049250313e-14, -4.440892098500626e-14, 2.220446049250313e-14, -2.220446049250313e-14, 4.440892098500626e-14, -4.440892098500626e-14, -2.220446049250313e-14, -6.661338147750939e-14, 27.104281303221285, 44.11187990267899, 7.5374904158196046, 0.5893360322723993, 0.47502617660677515, -0.16837443562917542, 0.36901503707372285, 1.3571538602736837, 0.746051009429948, 2.2892318570721955, 1.6472577301076399, 3.5024115415392316, 3.2357187323837024, -0.3504464817441999, 1.196927799825005, 0.2321727579144408, 4.273588493217744, 30.0571717469017, 12.686976684714189, 0.0, -2.220446049250313e-14, 0.0, -2.220446049250313e-14, 68.9007413152732, 73.15263334054566, -3.0169095921639837, 0.6785266328727175, 1.0305908798716246, 1.0282227749542017, 0.4323385930698578, 0.3696452456986208, 1.0947898023390508, 1.9158161545539087, 0.3778912889544017, 1.739494332503, 1.2701433532405417, 0.28838782652860573, -1.092521638739413, 1.9810599826694215, 0.7217229304815191, 6.452392930548285, 7.414193285873921, 2.5053933114907636, 0.1978148443533314, 0.3214449608852874, -0.5736972279728434, 0.4523646629070299, 0.607130580758735, 10.208776231402226, 17.085608630207616, 7.135833357329261, 0.5523407162789908, 0.8314030381761768, 0.003093112339911386, 0.8679662580775585, 1.5862601284874245, 0.31918752696788033, 5.692527849846783, 5.648169013468191, 3.3178232608211147, 0.1955811845837161, 1.9676466544314053, 2.031609346729738, -0.11293749801882313, 0.9946090722198733, 1.5562045064256154, -0.09310830384754354, 1.3704365731468897, 1.9168639180725222, 10.118908721420212, 3.946104843185708, 31.845139092222553, 10.937306146655942, 0.7999320336854794, 0.7326935274750781, 1.3663375270043616, 29.751580631194884, 29.100878472374234, 1.871058061709391, 1.1633616823175998, 1.2005418491571618, 0.8856109710486635, 0.8156876590988986, 0.07209048331787926, -0.260802541435055, 0.3637993353328284, 0.7627069588577342, 0.8728545647549026, 1.509690589933939, -0.1529510468620856, 0.14044188920479428, 0.6229091138949343, 1.056730413054197, 2.9127952831125867, 0.20568822914174234, 0.2309736608823414, 2.3129853965808707, 1.505532777080134, 12.946555216767365, 2.6209704985935787, 8.422332369028823, 0.36831780838554096, 3.038909143876026, 2.84921456495249, 7.421680566907071, 2.592156561896786, 5.628436956774976, 3.4734461258037754, 0.02302264079651195, 3.267347386132542, 1.867714096673808, 0.1861768649065425, 0.26357274772863093, -1.0675654685813925, 48.91838971828042, 3.2798840342292124, 49.65039926862164, 9.333955750578866, 1.388873841807026, 0.729632642815659, -0.07547782458448182, -0.054412066946724735, 0.500433752298477, 2.6296590147728693, 0.015872985650162263, 2.541702911702828, 1.4928212391801026, 0.26382112554313153, -0.9607292237767524, 1.8348596563914725, -4.308588042721453, 4.765224622192136, 2.319659259590935, -1.904498243389412, 1.716762866543604, 0.49979865111083654, 0.33560133586570373, 0.2095466016953651, 0.07384310450163412, 3.753044098506166, 4.2911338506638685, 2.499528665520529, 1.203462992111099, 5.556062866620778, 5.33505109178077, 0.0037311050875814544, 5.836911047367721, 2.1724479076450507, 0.6447472762499729, -0.539644891792932, 4.648650899718007, 8.008944520414843, 0.86555742454334, 0.48886792226687703, 1.9385144881747465, -0.18806119554005818, 1.1249391225546788, 2.362198064208542, 5.963994829041553, 0.1888955472620637, 0.14208837876117286, 0.28768356287025654, 3.8645786807921922, 11.075435963793268, 31.412966974362945, 15.421366435835353, 0.0, -4.440892098500626e-14, 2.220446049250313e-14, -1.1102230246251565e-14, 2.220446049250313e-14, 27.05585946180709, 45.515791301991044, -2.847943820771718, 0.6781341821432534, -2.4864421677276596, 48.16575815716885, 48.10187890950482, -2.220446049250313e-14, -1.1102230246251565e-14, 0.0, 2.220446049250313e-14, -3.3306690738754696e-14, 23.906126723008782, 32.02093903952252, 5.188815192891525, 3.9469730002166443, -0.3419166654940682, 0.3943482622210013, -0.05581518149369913, 0.9479738880054356, 0.4135502150111279, 0.7942573194313809, 1.2181191287405682, 3.3610668172107125, 2.718692353338156, -0.09679318578298535, 2.9743566408301376, 0.31260237485196285, 2.019234990872178, 1.0271509215414198, 0.051709575436916566, 0.41817983601094966, 1.8071383030937795, 1.9774716533058836, 3.6062808409791387, 1.7990659189028975, 0.9185300290070018, 0.6906048357777195, 20.710366605283923, 1.1068690738305236, 14.340202348581954, 0.20174440208506894, 0.9638049065076757, 2.6158140011725663, 1.1372588518448765, 0.5110144002974266, 2.840137782462193, 0.08549211308650229, 0.26371916975892873, 0.316420289561961, 0.9733786988905422, 0.21072874760488958, 0.3378168310625824, 1.623084767967839, 1.8431390451357856, -0.021740041228781593, 0.5581642121181858, 0.11802800836494498, 0.3939622230753912, 1.3621032112060902, 22.492609518504878, 15.332832903532449, 2.043828139665237, 0.26339786821409916, 2.4534229994778514, 0.4284640678091307, 4.0855392517262885, -0.6492195269757985, 28.080352814692958, 26.469885027635655, -0.7325992395595904, 4.181542935199673, 1.8985163363853417, 0.6424948538327726, 0.15728448089726044, 0.08026807424107574, 2.1046786788506324, 42.554531064415926, 31.39866628672982, 0.0, 1.1102230246251565e-14, 0.0, 3.3306690738754696e-14, 2.220446049250313e-14, 0.0, 3.3306690738754696e-14, 1.1102230246251565e-14, 1.1102230246251565e-14, 1.1102230246251565e-14, 0.0, 2.220446049250313e-14, 31.136742582878952, 37.01553941721454, 0.13679855813251152, 0.7797592575685712, -0.5681721947849496, 0.47921513333949406, -0.24100736938305545, -0.6544134432420492, 0.5749008326830563, 2.397788135568476, 3.867778176431102, -0.24554404888112913, 1.7396915135843756, 0.9646235851156462, 2.480952782702616, 39.890815393241894, 29.797985576211005, 3.3306690738754696e-14, 3.3306690738754696e-14, 11.516128995615034, 15.952564649878127, -0.10927145257068105, 0.6351428396924348, 1.7037157849107416, 0.640454119980518, 2.106937711691046, 1.2638580760690843, 1.47719411686154, 15.616409580929371, 15.408187150697927, -0.5877131351202252, -0.07111560216435464, -0.45155996457344827, 0.10451852766948377, -0.20927201775634785, -0.03254243973788107, -0.1423937815508225, 2.871555646615434, 2.3949673473615576, 0.7163012770947716, 0.6701556513841069, 2.6483463887383323, 10.613189514128749, 3.424280961529689, 0.23643673717424463, 3.507061321509127, 0.07957697689607812, 3.2006596746252853, -0.000255476875054228, -0.4369512766833168, -11.66266574189035, 68.56211294412549, 45.1974270586812, -1.1102230246251565e-14, 3.3306690738754696e-14, -1.1102230246251565e-14, 4.440892098500626e-14, 0.0, -6.661338147750939e-14, -2.220446049250313e-14, -2.220446049250313e-14, 28.597338357959032, 46.343362492795734, 6.587806891847492, -0.6020206064151807, 0.23040991458469762, 0.6037811303935996, 1.2009268278204672, 1.0926360438345455, -0.45226018090022535, 5.272040534314442, 3.18272588260902, -0.520342024568663, 0.41567500382086564, 0.3377715231072216, -0.40157698973268907, 9.33264564332444, 40.343496252247775, 19.436391632095365, -2.220446049250313e-14, -3.3306690738754696e-14, 0.0, -2.220446049250313e-14, -1.1102230246251565e-14, 11.416780865506055, 48.95916237202505, 25.373069064551032, 0.25505875784506316, 1.7162859135236204, -0.13802240356824313, 0.2431712557533956, -0.5677911974395329, 0.17490791991735932, 0.745849993198135, 1.6292395129788702, 0.4086546129277622, 0.40565798196416836, 1.6435249132667877, 2.895208355026057, 3.1906578435932715, -0.27296943591591116, -1.2723023015992112, 1.3868735299957962, 2.997081100175137, 1.7686021576330404, 1.201751115241791, 0.10037470327074516, 1.4334973352514453, -0.6334306805174492, -0.01752612064535697, 5.1812743847365255, 20.778186076594693, 45.30772478839984, 16.752813020366737, 18.97094559511055, 33.21775007539816, 8.32221884257433, 1.6213365731090335, 0.21506849920365312, 1.4193798823127963, 0.9785983243775718, 0.8681856732144979, 0.1385019656293025, 3.570304340174971, 0.7604800272599732, 1.359953301738642, -0.002792286852923098, -0.14293447260217818, 0.9895428513107163, 3.8181882619418275, 4.26653886669942, -0.1220316801673107, 4.323064876155286, 1.7322682896524384, 1.9995831261277317, 1.8421827654572098, 1.4084644412173475, -0.4949460789280238, 1.7317630438743663, 0.5304076147475598, 2.238104634702381, 0.2331248537227566, 1.7928590966512274, 2.510193946105801, -0.1624894737003615, 0.7070862625881773, 1.259081574472475, 1.036823359089567, 2.4272313182474363, 0.1688787929613227, 4.1010837335080055, 43.643217354419505, 25.006025489014178, -1.1102230246251565e-14, -1.1102230246251565e-14, -4.440892098500626e-14, 2.220446049250313e-14, 0.0, -1.1102230246251565e-14, 0.0, 3.3306690738754696e-14, 1.1102230246251565e-14, -4.440892098500626e-14, 1.1102230246251565e-14, 22.420071312063698, 31.76005526067263, 1.695009755879255, 0.4510338022139422, 0.15903468212809457, 2.5043702311074867, 9.74219683278983, 0.09602434215307198, 8.327823974532748, 2.325932725547432, 0.06566378054918687, 0.279925778087204, 4.0616540345960175, 9.533556531382374, 1.6221439933647162, 0.23012794098508493, 1.68555654012971, 0.5902228177361621, 0.6727702169910117, 0.3773598449279234, -0.0995657030618986, 0.5847333455718626, 5.018462723829543, 0.33350945518759545, 4.757335470716384, 4.829792426293579, -0.20567625981084348, 4.324860474342927, 50.698762766955554, 1.0365376752745306, 33.53220455070982, 1.7890615089554558, -0.22106817097915155, 0.12765494354539442, 0.10065793436524473, 0.2719490387924566, 0.06579614890159746, 1.899584256595972, 6.473137411708308, 5.209684031322695, 0.2569972319313365, 0.8875382403241474, 0.24040104800258177, 1.1543834388613732, 0.3172070184399445, 5.870001276656467, 7.612827286288734, -0.66374761303166, 2.5190537691341888, 0.22253452059715073, 0.17350091794560285, 1.5504976837234494, 33.729877489843716, 30.79951343557167, 0.0, 2.220446049250313e-14, 3.3306690738754696e-14, 3.3306690738754696e-14, 16.781645489327857, 43.44150001387402, 12.830264727383451, -0.8108931774211214, -0.41267854668581094, 2.279503182355029, 4.36998668618503, 2.3706431580270646, -0.3107742458264511, -0.09171160389007582, -0.00028325186383426626, 0.07549286267055777, -0.6863523395724087, 0.44829604529763856, -0.32211476359657354, 7.804954350202024, 8.104378498371148, 0.25289814407005906, 13.191169358963975, 36.61428049355237, 11.359987969801601, -1.1102230246251565e-14, 2.220446049250313e-14, 1.1102230246251565e-14, 1.1102230246251565e-14, -1.1102230246251565e-14, -1.1102230246251565e-14, 35.04389321609173, 40.42634150580898, 1.174260173796256, 1.421708419846027, -0.0893020153279167, 0.12786352923330924, 1.0486985294458009, 3.347012259297685, 4.666718884536408, 2.6656218437656207, 3.0952894176490418, 1.7414113418245734, 0.3335869461761831, 0.29198990806798975, -0.017228534238824977, -0.13568868524896516, 0.015464802904489261, -0.050348083763424256, 0.07331189134703209, 0.005897762178847188, 0.22513509824210587, 0.052265970693497366, 0.26166720018284195, 1.8413858042497395, 0.11778546918469601, 0.4969177847115134, -0.17681816059211997, 0.6356317597555972, 2.4748539772203344, 0.945272088216143, 4.256968704379005, 0.12398855745072979, 2.0405095364133103, 1.9016551065982412, 2.3734346937733335, 0.1326955158929195, 23.98001158817533, 22.784773702366493, 0.17968812564988923, 13.74385028643519, 19.71896136180115, 2.0829609078862177, -0.19049549026738077, -0.06590098211336226, 2.7193340977901244, 3.0304463840867584, 1.2569901626575302, 1.3748323138369187, 0.3013368951294524, 0.18278853436174813, 4.81216640468449, -0.008869140861975211, 3.486688795600969, -1.12516064591631, 36.81172289443617, 23.96822168634526, 18.998148078743775, 30.90666856581413, 7.027942363267471, -5.056886192255433, -0.19021833539636646, -4.232381819248758, 2.468897784132764, 37.415629423082464, 28.614483855881716, 1.1102230246251565e-14, 0.0, -1.1102230246251565e-14, 1.1102230246251565e-14, -2.220446049250313e-14, 1.1102230246251565e-14, 16.545654024570368, 21.923695241427822, 4.048023617388139, 0.9867294545497884, 0.02059358297753988, 0.2697203957447414, -0.26248822697596097, 0.09387636734641092, 0.17723040531939205, -0.09729673561639629, 4.681360949410021, 5.366593215274406, 2.086865868218524, 0.8205104994705152, 0.9044931132734746, -0.2368807234383894, -0.09609701938347825, 0.4320492962499429, 0.42225312327616393, 25.30975741082682, 33.235398906592536, 5.511110866441754, 1.1102230246251565e-14, 1.1102230246251565e-14, 16.8839671860905, 36.72009569883525, 7.003758708063003, 2.625960430107284, 34.99215851276824, 26.592835145240144, -2.220446049250313e-14, 0.0, 0.0, 1.1102230246251565e-14, 1.1102230246251565e-14, -4.440892098500626e-14, 0.0, -1.1102230246251565e-14, -1.1102230246251565e-14, 1.1102230246251565e-14, 2.220446049250313e-14, 26.584592978980154, 29.47804744348616, 4.0019799532886395, 1.6741579263976405, 5.872528825165489, 8.380748520175189, -0.6870825369734916, -0.3478086194263028, 0.8131414215597488, -1.4471797667735018, 2.7624752192109554, 1.1402362962055577, 0.21814126695903724, 0.5995622617547269, 0.5688405083176349, 1.2651531634512594, 1.1903747270465033, 0.33904257011238315, 0.5763077672045256, 0.0592918805269278, -0.20931702878613123, 2.7804569329146034, 2.7199108999044483, 5.144754145678689, 1.071984392005561, 8.327323269178805, 8.394284296181695, 0.0935233401255573, 0.019557871000756677, -0.08715389612029867, 0.2769405074345741, 2.6896378584985996, 2.086588500833386, 0.29565566484666306, 1.7006495626193328, -0.3121150858702322, 0.612346735987785, -1.0924170828452588, 0.34884220386845755, 0.04805600811215527, 0.08243378723625483, -0.17974934405600607, 0.09775445458649301, 1.30318867927042, 1.8502125496474946, 0.830636132997256, 0.8133221290979691, 0.5710890591169573, -0.017703692924669667, 2.0043627727733337, -0.3354318584022167, 29.45288046139237, 29.538217275392896, -1.1102230246251565e-14, 2.220446049250313e-14, 6.571969624482961, 23.459452139114973, 11.383886188335225, -0.23348322853291847, -0.9198024787534678, -0.2685866587158898, -0.213622704261752, -0.19361594189729203, -0.9518879034352494, -0.6266329550433056, 0.13668825438935528, -0.11655270327327116, -0.2153081346664294, 8.801961460089501, 24.160066223851857, 7.158036814818196, 32.973051426656355, 37.90820461950784, 1.8191216059008184, 1.0726665633937955, 2.857642063611138, 1.3319923048942428, 0.21091788019521118, 0.7021560253147072, 0.36087368088925587, 0.19395314479936587, 1.4016554304597548, 3.901836987583465, 10.445560992749677, 1.5909542942524695, 2.4096276060201944, 1.1815575114336525, 8.51856730305417, 40.41723666477634, 34.70303179031302, 0.0, 27.055162684402887, 32.779806186966965, 8.92056277040399, 5.409453885999483, 0.21037061134268242, 1.3567231949266443, 0.026527252063260676, 0.9198130023756903, 0.1353311762239855, 6.882091026034914, 6.349939847180963, 3.1528201944391867, 5.094453657472684, -0.33140348878725945, 6.552682688124378, -1.760278316210588, -1.9403100856636684, 0.13659448300120403, -0.1804889612307079, 1.432010863618757, -0.8737182362705198, 2.9520916732440696, 0.2458729276821714, 4.248458532581708, 28.71857158772329, 17.513283833063113, -1.1102230246251565e-14, -2.220446049250313e-14, -1.1102230246251565e-14, 0.0, 31.329775376324733, 39.27238671169107, 4.200342726669987, 0.45257086319531936, 1.8858180058053904, -0.021641971336521237, 2.449458094721649, -0.9512513062079506, 0.501417063445615, 0.7858569245474882, -0.3333940478941031, 2.013516500153628, 5.353585417177555, 43.42647431159929, 29.26456216712596, 0.0, 1.1102230246251565e-14, -2.220446049250313e-14, -2.220446049250313e-14, 22.864004082169814, 38.32481922650072, 5.783403588577869, 2.7345914603799883, 0.004261799985215475, 0.35675430160074484, 0.31298608251734095, -3.2919718491911, 0.4847363096055233, 6.247598352309296, 50.47006348615599, 30.67883655336216, -2.220446049250313e-14, 0.0, -4.440892098500626e-14, 0.0, -1.1102230246251565e-14, 39.303728255740594, 40.680299819612685, 1.4284011431171848, 0.20875106994867565, 1.4627147522179484, 0.16079916413593764, 0.4786361652264759, 0.5342837561440774, -0.9472709596634559, 5.063024572079826, 15.247933719873174, 28.656793086593467, 6.613252638436055, -2.220446049250313e-14, 2.220446049250313e-14, 3.6355366967806937, 6.541178337809434, 0.3303364504145918, 0.006577886301869285, 0.8991200851060768, 1.1802881581858884, 0.5328347532733062, 0.293737264182937, 1.526392035558132, 0.5031548698870267, 14.732536875554104, 15.32268682256506, 1.7686604270375028, 0.7611278546282847, 2.237684669455575, -0.36140655021984003, 5.760550986639487, 0.1443518685213121, 1.5819656601182146, 0.16922770747953564, 6.000102379975488, 26.799161547841067, 23.61036489610072, 2.5145813441971328, 0.0, 1.1102230246251565e-14, 3.3306690738754696e-14, 13.58046519128554, 25.96378416364115, 4.133442140190709, 9.60397430970454, 0.10272410516336095, 16.42784527070927, 1.6170538659279714, 7.972622729707723, 8.72233147364318, 0.9594984250594507, 2.321837774163896, 0.29127488639176136, -1.0364279193381662, 0.04570555168675128, 0.1600796347662481, 1.6218589102679744, 1.4602666108386302, -1.2570784244975357, -0.5076156627711725, -1.334050684679596, -0.3009431267914806, 0.34029032811406523, -0.1896953922891953, 2.200720366712744, 0.4410165864214832, 0.9807297548603628, 1.1441282100915942, -0.38599059503258104, 1.7340934160247912, 4.66953897284651, 0.036273571518222525, 4.322204214666158, 4.904736225871716, 4.532608350520832, 2.504830198669538, 0.47729498637949064, 0.4006404666301364, -0.8088307134413526, 1.9957107692421232, 33.82959012065507, 29.250858686747975, 2.220446049250313e-14, 0.0, 0.0, 0.0, 2.556056350928767, 49.117977277112885, 38.65395546864869, -0.4841721020497971, 2.637145062186164, 35.55909649194126, 35.63100276222309, 1.4995736486480666, 1.4023245040685026, 0.41773910179617246, 0.6531896330262157, 6.5192693594775974, 3.729167864586003, 1.1102230246251565e-14, -2.220446049250313e-14, -3.3306690738754696e-14, 1.1102230246251565e-14, 24.920750200610968, 27.989310984830894, 2.323051656082555, 1.7888335282618755, 0.41761583213224185, 1.0352880734774317, 1.8112262836602895, 3.7102977323163486, 0.10585169975274766, 4.6950612016036075, 3.82071465681895, 2.2270431517183624, 3.078170913507847, 4.28087549708107, 0.15477227082101308, -0.3584163465612278, 1.670803626189013, 3.825981530111733, 15.900230953566734, 0.6143706014367467, 41.18217837327825, 5.565607543712076, -3.1471744607374603, 0.996204608547032, 1.2107600220895165, 0.4018808379737493, -1.2485634748400116, 5.441043511818407, 5.893697672162716, 1.4193631640188187, 1.1297461905232922, 0.27604385534948506, 0.6198383693039204, 0.9215440811451572, -1.096687874312238, -0.7721934159335433, 5.220582897845475, 10.345391893196563, -0.234174979960585, -0.01831859894775789, 1.48088759478685, 1.8999697779850067, 4.578094079309722, 0.8417232623193058, 0.267214873282569, 0.9547994747883877, 0.6003876642885189, -2.5506310145565294, 0.7544926540956567, -0.3263152360185586, -0.4894879881703673, 0.2914906880679382, 1.1697783438260103, 0.23113264130552125, -0.3106688892494276, 5.279303588431048, 9.293605376087726, 2.8545782102626163, 2.677132624178853, 0.5926623064101477, 4.069167791542384, 3.56922905784711, 0.3547426470358914, 0.10710371043342093, -0.5549606714666311, 1.005360639618118, 8.405449472124474, 2.154281825627436, 7.472641688821113, 8.513197150365158, 4.0564956632307485, 2.743095459858637, 1.6557892293365057, 1.2517173955482122, 0.527532491465422, 9.219706835349996, 3.3214928870963263, 9.693366117466496, 11.562801437556061, 1.9990836153621103, 0.595701856016376, 0.46389284099313954, 2.187760974026105, -0.31310828838741145, 1.203956976254176, 0.6708340701168254, 0.5943425577190737, 1.4712324782595942, -0.25713321998023275, 2.5743107808373225, 0.3852244914471612, 0.33223423189679124, 0.12926502479854207, 1.3299754258699181, 4.464887691175193, -2.905444882642996, 0.5628130040452106, 2.0133558332834127, -0.31950385498743117, 1.7617632592312589, 3.7573999939341434, 24.817659775186655, 12.43900273498027, 1.1102230246251565e-14, 1.1102230246251565e-14, 2.220446049250313e-14, -1.1102230246251565e-14, -3.3306690738754696e-14, 0.0, 14.91437717497952, 28.826651133681423, 8.0878136870204, 1.3327647033754033, 0.21416812750965164, 0.052359327812041556, -0.46011299865529054, 34.512560360942075, 33.4466680551744, 3.3306690738754696e-14, 1.1102230246251565e-14, 0.0, 1.1102230246251565e-14, -2.220446049250313e-14, 38.56046756533328, 39.45398705068669, -1.9137420005109789, 2.25482512818769, 1.1519527424144371, -0.4050142259285394, -1.2263499791366712, 2.451653045383182, 2.0503167799139987, 37.33648038664768, 0.6711210623122952, 44.06753425115909, 1.2301829042538088, 0.975575355954561, 3.1979029920870516, -0.4822958452992907, 0.24568482364168176, 9.158032126048568, 25.715225045801162, 20.703770827351207, 3.6608752323376663, -3.3306690738754696e-14, 16.01828438940744, 37.389486358158564, 3.688518476586694, 0.9172296555163939, -2.4892016694054746, 0.9582244080995679, 35.90162831488706, 26.632010054864452, 3.3306690738754696e-14, 3.3306690738754696e-14, 1.1102230246251565e-14, 1.1102230246251565e-14, 28.131257570348794, 34.07101681103083, 2.697321525776431, 0.1903314469528823, 0.9140044480590177, 2.443454798450489, 0.5075325553442553, -0.1812720337943574, 0.1014424595895207, 0.37004750770438477, 0.29078613708031753, 0.9202194005907813, 0.02214455526745951, 2.136426468614445, 1.426823383759256, 2.3742075253942403, 1.0527436582228802, 2.158435233914588, 1.2792277635905975, 0.42718208630321897, 1.4924661823383758, 0.5813903437988301, 1.1252648198513953, 1.3195548117915905, 0.21432039554827043, 2.225676900024496, 3.152129964018286, -0.309606455997141, 1.6987942969317373, 0.2027488995015574, 1.0223435483383128, -0.8257882994165584, 20.322313683636423, 38.10756809827717, 11.005687314614761, 40.958193772337154, 41.01327380049145, -2.5606131367716216, 0.02838241625659066, -0.15087026746186893, 4.8420589981974445, 3.2722888932348724, 1.420846036953776, -0.32663945459739807, 0.8708005355300656, 2.242165553186055, 1.2338244717169573, 0.4681200921307891, 0.7762484140866945, 0.1963921631863741, 3.347814160804546, 0.8898526730382628, 0.5941187285498017, 0.10525760119185179, -0.09809902231347678, -0.31758680361610914, 33.896452042391275, 35.85770954862207, 1.1102230246251565e-14, 0.0, -1.1102230246251565e-14, 2.220446049250313e-14, 1.1102230246251565e-14, 2.220446049250313e-14, 35.23939600302913, 39.19198108632543, -1.0520696112982932, 0.3112105891510737, 0.743048568734082, 3.7850249724473315, 3.807099394978536, -0.7728984793161544, 0.18688497653272407, 0.615259345625816, 10.742961435507539, 19.806674141756503, 2.5986799298185588, 0.4485649481830478, -0.15183997768053814, 0.22141787390501122, 1.4301870743294103, 1.5859515128618114, 0.5232786793932291, 1.259263073414104, 0.589332674141815, 1.4879507292566814, 0.6363141163103592, 0.07845695806349795, 1.094280864799316, 1.1008755365082834, 0.5428587308143733, -0.5762325036391758, 0.9248915967411904, 0.5623280724611277, 5.684352361911124, -3.3377589885690213, 5.763988583797413, 9.425016737241549, 16.463881847098378, 0.07709137483465156, 6.7695663259173955, 1.1982489565024252, 1.2807142420762148, 1.6988079980651491, -0.15833918729163088, 1.336191970280879, 1.9823002858503855, 1.2958037651785617, 1.099419265033987, 4.834615162173748, 3.898189876000515, 0.06612602289760616, 0.550750009081753, 0.23833491639913973, -0.05708188459968255, 24.243405660020812, 30.656112430404505, 1.8357492443894898, 6.702688714156466, 0.4162197317441496, 0.39372185879756216, 3.5848562706135, -0.5539022567834309, 3.26132750659076, -0.7625402235689762, -0.04027762221721787, 1.2686034266239403, 2.6089029184540777, 1.7524816543942734, 0.08450993743849722, 0.9120298257905688, -0.5537338149767947, 0.7559448811308584, -0.7235444143107088, 0.5239111311294664, 2.251319999350585, 11.257530978619116, 1.1291590814466304, -0.3265518843930977, 0.08550090302242097, -1.276785108549916, -0.26680051949449535, -0.019660344810830566, 17.030449765310294, 28.321310991830046, 4.750549596321775, 0.37789452666117995, 0.48692810759769145, 1.1490686066662192, 1.6317692844701241, 0.6918891730028918, 2.5153382434244804, 14.160770978913206, 41.13579232176568, 17.167312654139224, -1.1102230246251565e-14, -2.220446049250313e-14, 2.220446049250313e-14, -2.220446049250313e-14, 0.0, 3.6200284324999856, 37.861371268575425, 27.263784924593722, -0.6581997435069411, -0.09223116755663341, 0.30550936136637574, 1.715176200701194, 4.469610220192635, 0.45896559324887676, 6.788003372264825, 3.1653098250370704, 1.4571133831742031, 0.6431491675959933, 15.836008668452052, 21.98897681853896, 30.620266267232495, 42.39959135763786, -3.735861552262236, 0.9769446659490768, -0.4302008167758231, -0.08698389537482853, 0.6578096417151755, 0.1479964506536362, 9.052298407191643, 9.740509352244885, 0.1876149989685132, 4.660821392832474, 1.6979494688308137, 1.1813879845261681, 2.4689136546655845, 0.6218170828790335, 1.0216662647934527, 1.0992959145240775, 0.9640751560917806, 2.5745587039181146, 0.1362200759090797, 3.390091074892439, 1.6038665752090537, 0.3619459034047168, -0.017189867979595874, 1.0531579230733996, 0.11181040686835786, 1.1893706862759927, 0.8441551419509778, 0.032344382006385786, -0.05864969506080797, 2.5345295741234963, 36.97656714532303, 30.812295818887208, -3.3306690738754696e-14, 2.220446049250313e-14, 1.1102230246251565e-14, 0.0, 1.1102230246251565e-14, 0.0, 32.816640676853126, 33.51890422422406, 4.199221912894757, 22.04926647050314, 18.367973407555112, 4.474337526038404, 2.220446049250313e-14, 0.0, 36.13548864471832, 39.74161027970371, 3.994030236902745, 1.03291055291254, 0.49066663680957845, 0.1621111435426883, 0.4801573838733475, -0.45774988424273033, 1.1000998432322149, 42.98697936166502, 38.510476424579736, 0.0, 5.551115123125783e-14, -1.1102230246251565e-14, 1.1102230246251565e-14, 2.220446049250313e-14, 32.45176978360942, 33.00724158012315, 1.0992656350559855, 33.80137546288995, 27.758342671390892, 1.1102230246251565e-14, -1.1102230246251565e-14, 0.0, 1.1102230246251565e-14, 0.0, 0.0, -2.220446049250313e-14, 21.694135946567997, 45.26703716340103, 9.809345354374614, -1.6867994039365612, 3.1270938222756968, 9.03107470421321, 4.328411769771151, 0.17262658509753237, 0.2857870547949801, 0.5968790146118295, 0.45588089128619913, 2.641814717840248, 0.2769681184606725, -1.715811686832808, -1.547278211729008, 13.478590830494255, -0.49469808101423496, 12.504994253969187, 0.19547985680037527, 0.8219525828385486, 0.7916337343901887, -1.2028038768582405, 27.212596992111315, 7.876074838639568, 42.965555038000474, -3.4568976666656113, -1.8863496782839206, 0.9954835763492156, 1.9186272716660824, 0.5432524387834974, 0.395007566250797, 0.4600093820934035, 0.28391536443359655, 0.7270010790529113, 1.2972345881272531, 9.10875443290763, 8.126843763582087, 6.492568203318626, 0.08471986149561417, 1.8092778985778182, 0.5919744114231662, 2.236982093252209, 4.613539519666631, 0.2570947910680843, 0.15451873286113482, 7.824045101731485, 17.65523592144558, 5.680819873222497, 3.3306690738754696e-14, 0.0, 5.551115123125783e-14, 13.70753714589381, 25.936590507032662, 7.455422139008249, 2.538713227189419, 6.531651516830607, 28.168332652909214, 15.093131237216141, 1.1102230246251565e-14, 2.220446049250313e-14, -2.220446049250313e-14, 0.0, 0.0, 1.1102230246251565e-14, 22.280970914146607, 29.163648713582887, 1.064631271614985, -0.906899742472433, 0.6298627306368871, 0.2743464263395481, 0.064896212658482, 0.17235243944259082, 8.386204878418198, 14.70916520206913, 5.80885077610651, 0.41760539508072725, 1.1505737676513945, -0.7400467323085422, 1.539690875071642, 1.794327649829711, 46.6793219795411, 44.4371828705149, 0.0, 0.0, 2.220446049250313e-14, 2.220446049250313e-14, 5.551115123125783e-14, 3.3306690738754696e-14, 4.440892098500626e-14, -2.220446049250313e-14, -1.1102230246251565e-14, 2.220446049250313e-14, 1.1102230246251565e-14, 0.0, 1.1102230246251565e-14, 1.1102230246251565e-14, -1.1102230246251565e-14, -1.1102230246251565e-14, 33.747449696501945, 45.0518017339204, -2.5461787838830787, -0.6233517134826343, 0.026096534625366985, 1.700354133862163, 37.34856054271921, 28.706889200948098, 0.0, 0.0, 3.3306690738754696e-14, 1.1102230246251565e-14, 2.220446049250313e-14, 1.1102230246251565e-14, -2.220446049250313e-14, 2.59691649072138, 31.80636374524562, 27.575479081853985, 0.4862101167863102, 0.30729419908311684, 2.931734910107025, -0.10202521457426883, 1.7243658823811074, 1.2282020031575485, 4.861789277529169, 0.767509623711021, 2.8137107491938878, 0.21182442388817435, -1.1820466157122382, -1.062429589538624, 2.7323579889933853, 0.5143562393994898, 4.039898018502527, 2.813503534157121, 0.23041262489300607, 1.9392231661387314, 1.987609841775452, -0.33572268994521437, 0.491783339900735, 1.140444553008365, -0.6984764511568073, -0.8902633389607786, 0.44968878637746457, 2.5624767107216826, 0.03200111897876923, 1.650838315679266, 0.29700922595645807, 3.544691180154132, 1.4850536200414126, 1.6589614742963477, 1.2833376591441947, 0.7815385898693421, 1.357334304010692, 4.085051700489771, 0.07794683888823783, 5.5332549856866535, 2.0001782338488283, 0.2763612631470096, 1.4213211678646758, -0.13896727422013555, 1.7211718794725357, 1.0776793578623938, 0.21960559751744313, 1.0280034632288562, 0.3853816577221778, 1.561144487024194, 0.35179602951620836, 9.360177689496368, 1.1001043122512328, 3.0487362691599174, 1.5750044403743004, 0.12440967901159183, 0.2590134584831958, 1.1306822720537184, 0.1095638698205903, 1.2098670005592567, -0.1638730832607962, 1.0239396471308737, 1.0177414585192537, 0.601291014911908]
theta_global: 0.2552908068239517
window_size: 200, overlap: 0.5, threshold: 23.0
