region_means,region_thetas,region_zero_probs,region_lengths
2.038019173468684,3.2535978774703445,0.8076975753744832,467.285764031387
2.4053946542031452,7.565528597306686,0.7372978530724683,859.1361287256043
0.0,6.991220950418717,0.7366281316465517,783.4528450789808
29.057648785122183,4.108104800535224,0.9039526397661991,959.9538517170064
27.995233565755704,3.227903152846307,0.7147036440943628,349.90733244475274
36.38364091324572,7.832943164563891,0.8281524584670612,886.0180766777067
29.649616370064653,7.179974285205783,0.8953957911083152,675.4747522998149
5.4476053971865115,3.7912326210324734,0.8942054017950731,819.8821234962944
0.0,8.304248183393128,0.7093345707340669,921.0369364252729
30.374601839486232,2.6164324639164267,0.8431805905330221,859.5488457504085
19.38160420905393,6.107245984467573,0.8515496382270441,826.8783592106807
33.16483976734579,7.939767221113753,0.9268933835443628,937.443936882866
15.52473058401287,1.044033515085493,0.7041493430048127,164.27448864539224
27.276350593646917,3.861436599894332,0.7062804306395858,321.3796286053114
3.265008088459139,7.896089498860136,0.9421937893340897,490.8714007127363
6.4826311917941535,8.032827859515471,0.7893935347998556,469.9767217716994
37.42528394171167,6.8129679344150995,0.7293244389384422,842.58288745234
32.19351503926219,3.036832813902682,0.8208498411957058,504.0620892970958
24.287799936259898,0.13780748794818973,0.7471409801020081,354.4303806579153
16.51030072141466,9.784045826728253,0.7820620217811722,815.8254152606819
20.16851163737992,9.646068581067246,0.8404702635334771,932.1689977394815
28.341358560807404,3.6581437121842564,0.8429330729959967,726.7429988723716
38.93867244369915,9.137778561999378,0.8440954707373858,295.1480416001164
12.748421992175144,2.6877153495282813,0.8277101105845734,281.20036026601485
0.0,4.757353564990277,0.7374424913450431,46.99955184626969
32.76241340221497,4.380703350877666,0.8821208661318052,862.5764894069372
25.86712362602298,6.0857881829181,0.8017859230597743,150.22034554746125
33.77094875512276,9.714209671756397,0.9404150226367882,416.2997122275274
0.0,4.054786120256199,0.8016602307456911,756.4199646632064
16.1998991117708,9.844848241813144,0.7170434838221458,170.73602692344383
19.240306777752455,8.349551828023994,0.7084047671023731,598.7560138569972
36.16746785501956,7.148503585453991,0.8831917948111202,273.11670709658733
26.66116162032402,9.660995389647102,0.7819487822577176,534.1859338998083
0.0,7.07321904576833,0.9448980792862863,804.1138554137223
27.9208437571792,3.0378756158097153,0.8352615376918588,759.427207857517
0.6443188898972241,2.926725161878631,0.9353627324078583,163.61220011006708
27.757178954029204,2.6264831711889935,0.8474472228988068,48.66227885236061
15.784228727970383,7.3422635974722885,0.9270549158342792,735.5652806022122
29.373232479690092,6.680984225835158,0.8295785760999477,432.19616704564993
31.102582165394857,9.792057639881502,0.739260992100034,453.5561708149795
19.22314680100707,5.1937569665702785,0.8852226005706464,643.5628314910142
10.150952774434975,8.48401035618092,0.8766678536026311,310.4588499822902
9.545733349134402,6.814058103826927,0.8425464489531901,215.6253386223865
21.521594764221817,6.07668227300728,0.7607447660918615,609.0315263481663
24.56463552986567,9.452431255198977,0.8722819807467822,439.38430215911944
13.840423429007359,8.730857441827501,0.7876232914573086,904.6086419302395
35.638249523019674,9.350297859745027,0.9021373128214072,103.85139662664251
13.138337216067484,9.96901319217855,0.8030736638805683,278.44253587274954
35.37660451178942,4.691949420758505,0.8356660619951881,169.27994177849553
29.013398187088878,8.968532763697981,0.8788758853805916,669.3670083775371
0.0,5.815345496606708,0.8427213432816325,179.3950543853183
32.077052281731135,8.928556411398988,0.8232475008857304,750.7136112030827
14.444240901647579,5.056296554779323,0.8425014827765671,602.3853507214707
6.984970729567633,6.778428560865936,0.9114355755080698,529.5445631834777
6.654522510748007,5.498470539018268,0.9075169262739236,667.9757003287399
12.410031245437157,7.523034366584861,0.7710363008597693,336.0482319317
6.166245917493463,9.363449463107356,0.8289077763752613,876.9000098273802
0.0,0.9828594017890667,0.8783516041070409,177.66066473450164
9.311532607814062,3.913218493607143,0.8982216694522589,40.62675123510463
3.6422809248118604,9.028727222046907,0.8138959503637726,812.7082604256369
14.844265673073972,8.185703719235784,0.7005122394478283,230.6363861803345
28.575078276326472,0.20407626651311056,0.8016110205107304,453.0121801677563
14.186587755393372,0.8385414206042859,0.8492483164689899,905.602495889068
23.649394285904744,5.7255223818494185,0.7516827926803396,954.7510383994409
31.707737142495,5.716567829271102,0.9200495759802367,480.88976003712213
0.45561040350747767,7.892031381416061,0.8051103399884003,120.93811263807012
25.567873702883464,7.089548814723934,0.9018269031411249,861.7826789294537
26.800881347873922,6.140836036358923,0.8148957898240321,838.3388788594071
38.74625119518878,2.985289783320237,0.8167940050494056,494.6281651895344
2.373294152397945,7.947862979730186,0.7485621785497272,105.66096935669921
0.0,4.5791397469960415,0.7846498823877659,907.5127723413415
0.0,8.042639379607376,0.8143529045563845,901.3253292049815
0.0,3.6781112708580745,0.915738293644704,422.48860327076306
34.573463616478165,1.60312921251773,0.7382275878180125,557.4997531687503
26.024944991575037,3.1112691249160536,0.7906284349632623,587.252175091534
6.014590334759074,0.038532532949391,0.8249427482988421,295.461838953811
36.197755371362796,3.995883731324642,0.7188656274134468,122.93474424868788
25.558075016949207,3.7907487348323503,0.7843293526825156,557.9384695719367
22.014098567605874,8.031367776361973,0.7565151412776389,687.9253786126095
15.296221501584029,2.825481167540733,0.8392183755110658,933.246291653717
25.907766498832892,9.456172775556396,0.9452452558518435,919.0719839341772
7.132227115509944,3.880349117367796,0.7291062018409943,168.6241822008803
9.116651805970244,1.5382185287458747,0.7448382620384698,835.3707673329021
14.870735652950888,8.265779513708464,0.7969847183877177,584.2393723677329
12.779514822554829,9.926625623277717,0.7402404502839399,554.0411872510336
22.745715111570505,1.5875788713032455,0.9035103249572577,504.40129345432746
7.494261746015861,6.401568802403153,0.736021621198029,316.46214519087755
24.301621518121514,1.2002858199042106,0.7593055229902796,989.2424456204672
0.0,4.090711617071901,0.8554202613303101,316.8208991589204
3.4196297511047593,8.902612280326013,0.8098194177742926,864.5291230844767
38.013563278433764,5.446862553432403,0.8034939833491646,63.54691635933847
19.094548168699614,7.207443836235634,0.8837368786404087,121.1923719196611
37.797321823004204,3.763292211752748,0.8647263265410596,929.0593935753229
0.0,6.874707853871639,0.8226236930100286,772.9703204224387
0.0,6.962750591736068,0.8720401364503464,158.8092026817905
0.0,7.932086641590918,0.9028513464296615,261.4068749380132
19.60264666217706,2.90220982017515,0.8895702892911395,40.02933749807493
0.0,4.941741238301905,0.8342542524728783,83.37706392305144
23.068431116662797,2.965784683790871,0.8112089596903074,928.8782422090926
9.75370298049256,0.3935890825253741,0.7761547030036371,145.5136162113875
34.303022364076995,1.711519200427512,0.7310275933262421,771.3729153272008
28.086468538859933,0.47567260570972564,0.7701109838164735,650.76616862773
2.6287619544016096,7.506649484954093,0.7851171994361634,862.1372952930662
14.642799007842632,5.809943730057435,0.7585883378195657,590.4188870273026
23.787308814627902,5.924974547236318,0.8061280062266442,266.5323887310843
27.251794330384794,7.821195221219551,0.8913077605959526,661.0131660059968
15.216429925330418,3.501116893137835,0.7049874331519097,229.49833045253416
17.758532552783656,5.9427090504537246,0.8145982469482037,556.0854787162032
27.954525346384752,7.766605167429741,0.9357821483128188,350.0743169468862
22.341435590629242,0.4429304009002786,0.9287835709848616,115.58333490263358
17.169619526720993,0.8613112082930601,0.7084091529693832,882.2651313219237
3.3348406948225158,7.052834430096701,0.7451619947843318,293.8082106607752
35.64274612777263,3.6293184878800973,0.7614296416705475,627.2228798672201
21.994655672129525,9.275764768194692,0.746722217258225,909.1229594510613
3.6219529075721777,4.5871101431170205,0.8266792513886955,557.9833731507044
22.14747956713738,5.247414291793672,0.9301391612896116,893.1476744182385
6.484694480011112,4.743953016948073,0.7011755058290468,562.5689570126552
26.62979768358058,6.706684749048564,0.7651073986638239,438.0155919750153
19.53577634497041,2.119349982266006,0.9257654756932359,693.9870119676162
33.946713404342674,6.3355387332185895,0.8397963076324066,309.7720996432886
30.614112357349086,3.257044361407068,0.8112093421052669,219.68116248612714
4.939683220649855,5.002637646023689,0.8618732118128737,992.4420054523947
0.0,4.6028808664738685,0.764745188481567,59.608065585915284
34.95577190408202,7.483924195189718,0.7692681802434387,295.2058280471123
25.571115722399288,8.69728364379289,0.8896311562181223,828.6407778342716
23.822651361942498,1.6174094405571997,0.9059975818537338,42.53677609245184
3.5291157460310503,2.1095815536270544,0.7284621971344389,886.1148953600066
0.0,4.41001878696912,0.7655184838273968,142.93297278677667
25.80790860861145,0.7495745520732924,0.9233757367708818,310.21251113733047
29.815748945433853,0.01526879854626935,0.7907792754344254,564.5268360215347
25.09937215559109,8.297444705649202,0.9113208507346946,597.0276615089242
1.9836450007482773,1.5035490067712078,0.7969435287602935,100.85433120806556
32.76375748243914,9.414566115678317,0.7874914165215703,801.8139503228716
0.0,7.670155866774864,0.8268535897279544,185.91569299621557
14.356777452681722,7.101824652128538,0.9070632432840166,468.0161126055899
16.036349180463638,8.471046199208917,0.7457627362207693,306.2406999553372
16.067035027487062,4.643542430947979,0.8686196463895997,488.2495366068616
10.4622646632068,9.464611026771953,0.8664112359559129,952.7816680887762
20.391809990388452,6.518553358875884,0.7251092942725074,561.6571848729347
29.340056099967207,9.601781331092695,0.8796624309702653,698.1311711982553
0.4103586975199151,0.9539497091488881,0.7394359876106509,601.8277330834018
15.709662798822622,6.173162997489215,0.9456500545984846,978.2561029539901
17.296264189264633,2.2166188544958283,0.9357596771596507,349.62660244428497
34.75234653983907,9.959797208347887,0.7840932731799,524.2314161253963
2.107203343722997,0.4863733521505169,0.7355836348443947,436.62502201366345
0.0,7.252207752141452,0.8572851040517119,254.17385425554798
30.26467115474849,1.8662407169157489,0.7343735335826262,604.5800887530498
3.592222414331099,5.752723078078926,0.8671783586366589,148.20683724669271
0.0,0.2726666535588101,0.8320254922501992,47.81039485453228
36.600545250935184,0.6008918916422071,0.7597213685581932,691.7606683756741
9.715489867169449,0.5486876826383018,0.7042183123130621,680.2173342018266
21.737793276371402,1.9059996167049287,0.7261939842531961,105.71137450287232
9.451231735542187,9.186816366624974,0.8313627519866434,577.9556093594846
23.306178992434134,4.154329629176659,0.8510262047361284,151.81121653196328
9.242911874324303,3.6776873740241496,0.8534397917687507,644.4696348949557
17.02746356568047,2.3852603037472413,0.8054278456021567,885.3561913869434
14.358768499354959,9.148963109296389,0.7653868433225453,435.6666650543388
0.0,6.226714812129316,0.7064137577267526,934.5587285457921
36.36785924205963,6.744940490109578,0.8282339222536129,758.9482272730205
15.380589049495367,5.317253703849809,0.7724980965956424,328.86713516342417
0.0,9.321713967468181,0.7428727276447762,301.8200687686439
0.134888756817772,5.502311591525701,0.8175945018007121,257.03755897861026
14.07965115682754,1.1038881647289112,0.7695739858189112,622.9875832186605
18.150105162196404,7.989058929609217,0.8631353163007047,328.5616259067529
14.635116546815269,6.478479292390365,0.8016316006033951,971.3946707271452
39.193633347293,2.7274951533299645,0.9136732330907921,953.8563646054859
25.919855233642686,4.523651371787411,0.7544941943826031,301.11790794358774
12.639937881184556,8.85370065107179,0.8140538334734974,693.8832483675455
24.13920346649727,9.967969339621202,0.9130690076972215,214.89641010254405
11.738253333806359,1.9306726157635214,0.8183759132627864,225.3807392276235
36.89028014238786,4.876384313837275,0.9475173147999912,584.5422454965733
27.271472382733155,2.9543437386370632,0.9092163490024903,306.08268106949515
31.73572439635643,7.811858181242237,0.7920709700830355,585.4830823458968
10.781461420625828,8.42754905571068,0.7762336970222374,580.6524877620197
1.8297226323472775,4.329462823981277,0.7572923947565587,470.6456383391899
16.568612281844782,3.8632701806701686,0.7041661999026938,956.8271574796488
23.055923051847614,7.736121131746936,0.9425767741176868,440.5098210374458
0.0,1.7095148491821088,0.7054513875900401,474.57825315874396
8.94900537166281,7.112367150493111,0.9418059673178231,891.7387835113689
16.97756247581277,2.5395913386192093,0.8193452070624222,577.4488720973509
17.649153423840502,4.604206187165879,0.90359975437861,522.7104468282192
19.17659125976618,1.1758473982880846,0.7847987271475649,885.8557252585855
9.549290611958963,1.1679089474635245,0.7740664036788539,986.0802746778405
8.568890107633646,8.956206884992314,0.8599695591730723,831.374433510429
0.0,3.6010735490533197,0.7948992351120214,231.67659808376456
38.148461906704355,5.172184753902418,0.8001733642631761,674.4092200940134
9.248605308610953,1.5394488181950643,0.7462241469395743,727.6296716326793
0.0,6.289682022686775,0.8428808063690462,645.8369084079225
17.74266752982632,8.564242582348486,0.702867973420807,262.8723241047468
29.966061548365225,3.5697026104164067,0.8004562957241068,493.5005372815268
37.56312524485471,6.871288695871548,0.8302085963486773,86.14136340736579
4.875237943920276,5.2518010662846155,0.7076299821711135,728.2702059269363
7.62518081914891,2.0308277852522956,0.8462820956283916,607.7492635856888
26.60731828174859,0.8034819444538424,0.8285244342200111,563.5658250293823
5.763140155379164,2.1518932274037574,0.9078617063793037,474.395031987449
31.400444336802117,2.2703630669988506,0.7454303193918014,911.9241564349045
34.12321944358766,1.9149438440368673,0.9267476061571701,585.8529593710268
31.34862755382031,8.381990012984346,0.7990360534319777,448.4505083582713
35.80771726818407,2.8969323040654307,0.9221233892968687,399.15581724569455
0.8070766262788713,2.705486277649888,0.811392068469841,272.08496076922404
33.918891609965996,2.582107128290997,0.9239782403970299,161.87028611441647
36.511050067058555,4.646332122752337,0.9423850859532865,965.9100384351298
25.251924597001313,1.0463924513766962,0.7513054614519088,625.756709716269
32.632632074839115,1.6509064808973855,0.898441238700427,527.3764605200263
12.260112698584729,0.16960176289227277,0.8890588272456438,952.9896747045557
36.53025121136793,9.281897991026211,0.8634796307935133,718.3363720838227
4.480745986268141,1.9911490250177368,0.7404538281325597,939.5144299729233
0.0,4.788452071957586,0.7883698541687263,808.3525147514557
27.824967130613878,3.301491546643586,0.7757909338339739,457.6126372945171
13.501958613133409,9.827879549015142,0.8629566428295606,917.504469621145
37.80995454198957,6.582994421223679,0.8851322653022899,476.3064289245311
3.639113033547595,1.7254673639630407,0.87679955606929,433.6548987401945
24.17675787583145,5.7410118276861555,0.7058435823252768,619.4005731108465
35.25039104009332,6.048947045000808,0.7006443547858414,816.872043747995
20.929682126340005,4.345006825051657,0.7538950845787709,680.7219168947694
35.532827222278186,9.540252165978961,0.7823921356110513,822.040976624393
2.3142597061770105,9.697714029305923,0.7562785420529122,200.70409387051563
10.454330536435476,6.423897528271971,0.7793497815449599,953.643944723949
18.04076858930453,5.662672342518915,0.8723902599773564,830.008759891769
8.019897023291755,8.508107785567567,0.7877572464595113,806.4598068661948
37.42853769756469,5.041986261745215,0.8817868980327834,420.06253535378943
16.49784515304959,6.289893125984662,0.793670996036089,521.2858495060317
30.444452888905328,5.132368400828326,0.7165522678049303,839.7293725985583
0.8378331940881983,4.906657750456251,0.9225215688185131,836.2610853236353
37.245706959804345,7.164148303611587,0.7081833887849511,478.1805010799445
37.76585562579254,9.860428092548938,0.8879130936220103,787.4859626698694
6.8947268635750145,6.126782480108689,0.8732696771924771,852.5520999886187
0.0,5.676262842871071,0.9129427748442438,199.75335269685496
21.61519886817672,7.2137896058244575,0.7559502042495977,792.5486659150042
34.76117018470409,9.976635193131292,0.8185352807174946,631.5323035417904
1.4589512757474177,8.527183885360705,0.7155056438493701,484.11168062442675
30.2103519856518,6.51033900658456,0.8311291652101349,383.81468788046936
8.640470195287746,4.669179193244969,0.8637362871892906,246.86901142239293
13.398505930884355,1.76595267148339,0.9338860182811681,285.7084957601887
6.576401467624506,1.1546251752701027,0.8676524505509837,767.5892757247229
36.6696418426878,6.251510963182895,0.8076573064517854,132.1060033458778
11.9856195507537,0.7444676829750752,0.7151852784687792,945.5742177965168
34.014213152703086,2.2066035796458756,0.8572562777468994,219.97658872819
0.0,9.22456512234861,0.7602492557178024,385.40311030832316
18.22002388773132,5.417407517771928,0.7775041106413925,512.4904073247504
11.679873729894053,4.844549105806983,0.7620429779056782,999.3017614223488
10.789304856238536,4.198538761339281,0.7645105816910587,751.3918253829186
6.924838333683632,1.1684814673656103,0.7201389690181608,192.00001487331858
24.608681329953797,9.414008589102275,0.8656473191550254,325.8335229471685
1.0710985707090561,4.116589758960993,0.8183269395290289,338.8035129433663
7.10361782220925,5.483351169302847,0.7067013216490353,630.9246573539541
20.37183869728283,7.5650052082215895,0.8585033600532472,521.9267928271444
31.08178266346055,8.096366274063755,0.7403799549501864,249.66764222648396
29.86184875709983,1.90311014868012,0.825317379903676,806.9803246534292
16.853596636146694,4.8246809662503045,0.7182777179741502,628.1148755059111
16.663863016286438,2.8465452574146606,0.928980252460808,771.3725387127602
39.03045506759173,9.621881963459103,0.9161062955126935,851.6743662401797
0.0,3.788273623653518,0.7757296243585463,677.6087360380371
18.739985339348955,4.905014526008223,0.9473662229158171,956.9973198761808
3.6232583156749087,8.092938686365246,0.9378118889352182,127.80086481915397
5.09016406425435,1.0216273328101542,0.8486136861054184,685.8340283149298
27.58930520336169,0.2629056332148222,0.8720299643891603,193.402629139174
37.81963001708105,2.3908611115242806,0.9172161493522759,802.373492329118
32.05952602763568,6.937444944397029,0.9213671089078193,327.92285195854885
12.280927292805238,6.06442699111041,0.8815762450877689,927.0012130678426
17.123306466551487,1.8764130558014325,0.9460707905390437,909.392004705396
28.561397554704698,7.14713274440431,0.782798109318492,184.11980118156742
0.4918078311162268,0.23602142774258184,0.9224411964127732,378.7854759192768
39.35155399087836,3.4118988593397646,0.8881481461711765,834.7400360855544
26.166025401993377,4.689942377009817,0.8793299508091139,481.54748749449186
7.968006737683075,7.277916680892497,0.7294345388392447,801.7195473126011
11.054190643208218,7.259048331109693,0.7536124372565286,273.35693243390284
29.585639969930547,9.307415955393079,0.9305665776369201,951.2635931213949
8.232635440935287,0.928485389645532,0.7470158882021952,754.9302735078842
26.32806622737688,9.962229918041492,0.7847889605789355,478.8399639975842
0.0,6.722738366205975,0.9435356888588502,526.3857270662356
23.16154207400603,7.493196222397305,0.9123013330490273,336.87329527912607
34.85196050400353,0.913665945217421,0.7571681375068193,153.6539377956288
34.08539268123302,6.433788644797902,0.888342565714674,101.3964825142391
20.742755774932537,6.869128424406624,0.7809479373860585,335.0037195636998
7.966309014339186,9.076529485285594,0.8256908823140772,669.8335563590708
2.9256334515420144,0.6069394253064156,0.7828795148603954,954.7551021846432
37.602184082755386,0.867715718759993,0.7523725126919116,265.64632554459996
11.114198603487546,2.4357658101055453,0.7948548728272596,287.28306559261597
2.5957061914535764,7.973158389726351,0.7232213159609092,558.2209063905569
26.506721498483547,8.232141814447916,0.7156779163916269,724.6111807091544
10.011365479746317,1.6821472049667638,0.7810252002792243,543.7589358133666
20.14866002776866,7.841310470581828,0.8177789672929536,628.8807864059826
23.329731030882776,9.691603780454162,0.8982354604900469,652.2172116024658
30.867740060868922,9.91269242934476,0.8052549803731246,802.9041944528303
27.569336029109806,6.0443664766304135,0.8646003885999946,332.7307565014669
25.153397801064944,5.141532352595991,0.724792954727885,583.3916798641025
23.33548675408824,3.7362622134687817,0.7646292267431438,925.7003922385583
23.92929923183032,8.218627723850423,0.7694984886044193,294.06141746230924
26.175770139921728,3.0635709649285174,0.824418072629014,955.3351364388616
20.706273080944705,8.845237678373525,0.7846292245282738,651.5095708566008
6.548830554033291,0.022928743101863713,0.8994109324138587,622.1491713878337
27.34836178748591,1.247211208702259,0.8730999063572072,996.3831329098028
5.399611420172867,4.307979206427572,0.8749535521263518,910.7063283950847
39.358121439458095,1.039056765441088,0.7497389841643525,763.5004730605882
17.804546807995646,0.5322576607155804,0.8457520345741592,71.73461086241741
13.872205745762408,9.459987055754903,0.8351111158497488,327.76818544187734
38.240397023774605,1.407992698084723,0.7986297042479371,624.5545078143808
4.816985577853163,8.43550075673393,0.794917241417552,61.71193042707909
34.27198751699956,7.401195053039529,0.7066039190873156,655.3095651012862
39.90047923719594,4.56329391281022,0.9192281972405045,682.3555567975842
33.85022463415782,4.795549665790037,0.8251805253798918,975.0913554419503
20.06078586412333,3.8884251094258624,0.7076158216652548,936.3976947406591
38.271679023549865,3.4614465437158386,0.8544904240830086,984.1848087008655
5.891589488300914,5.511489797415843,0.8100982883664046,204.54366924908214
30.345320256810528,6.389901640233431,0.7455971315973908,67.43616496644759
25.419542053989968,5.426231144447053,0.9245609819385932,108.21209910900674
7.874622863283929,2.8166407364805113,0.7513894831100286,260.4901032961827
25.183726019121426,5.5071406394938345,0.8382484357789375,131.97535053578196
0.0,0.12689264625286756,0.743192149904217,569.5092513055633
37.21147412321346,7.75013511770138,0.7853990424463699,401.0222788346397
22.733082762344914,1.7331998141057354,0.8639770784513678,810.6503777226172
32.52063315525176,9.215632219715102,0.9285920654092867,851.9748782068341
9.891971874945954,4.675877827738752,0.8026528612851224,870.8310253487516
38.091752114016664,7.801040695426842,0.9274317784874717,714.5064212015902
31.40867063638601,8.88752906346756,0.908723536297844,705.3916305512547
9.670457247517268,6.590613852051554,0.8850590924804778,102.18435410518157
11.733535724241168,2.4015875617481752,0.8659884337261443,113.31442461306224
0.0,3.2831546330150703,0.8403030897192549,127.84738902699019
18.57982611479519,9.330221022694717,0.7646659998956474,695.5351481686819
26.11690466500931,1.8825845891708701,0.827948225874994,473.83870960947934
34.42627700059537,4.417921970829935,0.9388636026906043,329.0941995507257
14.544753811564199,2.502952017687919,0.804243265726952,383.4980937803631
32.355201197090615,8.005203987527732,0.7214151602690818,832.8547529185666
11.693976096354776,0.979600544364936,0.8783186716416409,654.7393530001506
15.570983797290797,6.445845761563628,0.7426637809888392,649.4406329316778
7.672314842653862,3.920274310422349,0.7788216316560913,242.8559566897826
0.0,5.263431227667773,0.8724861390041251,448.7451694715879
28.804234114191413,8.992981335445164,0.7107863893021018,551.7156914924004
28.214234833160045,1.5619855965079177,0.7225387135749737,827.7910030000291
9.479128475991065,4.209892824987449,0.8673885104449619,163.85651412537354
13.067976698976675,8.11281718433008,0.8136839104728932,99.45934611683562
6.03266969606213,6.149123918550702,0.8601268162017308,118.8733695950994
25.99872714619781,6.775822424237574,0.7612869963912903,415.2208065227455
39.16450077908655,3.7029155881250646,0.7108410128936692,79.45639201547823
28.32847302238264,5.709760625823244,0.9387020623913672,435.9844579665214
32.96825000264339,6.366406439995747,0.7543834676009202,645.105779555879
37.89149453237135,2.5303062699368355,0.7551032396882131,436.44519550713767
7.868966820894921,6.109391752046098,0.7642222599711082,838.3277098555404
8.496895455267381,4.498922166071335,0.7085793935531983,639.0597588767193
39.88080256251366,2.872114510150648,0.9352376925131898,350.94559545849285
35.720679935780396,6.362478456748718,0.7870095749657039,768.4272979853274
1.0497048588022124,3.8939656758522694,0.7637994504212287,606.1457730501751
29.957432688087405,5.785734289481557,0.8269592731319391,887.0059106397632
29.797060068001105,9.833812234920943,0.741947892465846,949.3802908656829
38.20988390186369,3.145989555698899,0.7851826956771213,338.04813052196454
39.89667951964352,3.0379488555015954,0.859429335092711,306.5776193350825
29.118810908805635,5.286847428272821,0.807811018577677,507.7949484587502
5.806913107694022,4.015080303305219,0.8943227593265176,138.346160071474
36.85057461487033,0.3656499122618268,0.8867752688924706,307.3241370057066
38.79854920731153,2.2512566020229903,0.8933695150400426,526.9473806849057
4.925651441372342,8.371327350818918,0.8909988889172509,189.45312442133314
34.7364108530562,5.956126555052777,0.8374580882186495,507.40059011755613
15.316349577356084,4.160891032636235,0.8335766317918062,908.6173387945488
22.849563918491068,6.2930730080355195,0.8273577688921915,892.2883620203617
10.767039021922168,9.98450301009326,0.8332928698393839,372.6200825651137
31.927232500152222,3.624423727675853,0.8754517641532221,381.438158958651
18.136620205085002,3.1539706469088027,0.7606039117295749,527.8190224587672
24.535598216678626,5.102395171748481,0.8147648738134868,332.65354294588917
22.723103684496746,5.985712704174262,0.7816793144121797,458.1405282532862
30.65094429704029,0.48585873710153216,0.7343850997897425,804.4826188021875
38.98850083239751,7.688871583890451,0.707366250189952,245.10725850110896
37.747429345202434,0.421081185936662,0.8690874427666181,550.8884027143598
12.553469096535018,6.124530671217219,0.7318596405404002,940.3802745965934
5.384226795081907,9.435951177931384,0.8641703693689184,979.0382515904231
19.115573034521752,1.2520120793544272,0.9175886213516459,747.4983449091562
16.825329253995918,3.909195624973269,0.8204767609279672,950.0076383970539
0.0,5.390781953225949,0.7300652222837422,423.26472773994897
36.30493301039176,1.6906170869390302,0.8589690323308696,617.7800752404578
15.757695931628616,3.652927482727879,0.9340860068261057,278.95974769104345
21.540692449173932,5.993807848846011,0.7184232984740202,166.48211126218771
8.291908050281682,8.520738505319764,0.8565373553064424,265.14208818735517
9.499337302828584,8.752411249006858,0.7077335592069304,386.2414151662645
19.331146772257437,4.335478363155432,0.8510046714943675,340.07554774011135
31.403061053639288,0.5782537427958644,0.9082482876868365,502.00197171384315
10.2080531500772,1.0603431364772324,0.8398156151668206,385.36626155875047
35.56471412187269,5.997567209116915,0.8271557306971983,121.07623391068927
19.919786823572803,9.355860600279078,0.8552423678347232,674.3886359091728
5.137018775679984,1.6117912575097273,0.7042242808129517,766.1406965760423
2.626277256710275,1.6339087657094276,0.7002224636500132,83.15750634074394
0.0,2.6007669895574095,0.748367295866843,312.62141959643657
2.722003541745743,2.2507150053382934,0.9220774398232412,93.44923941532763
28.460811005929727,1.9882076782766824,0.790772200510412,310.69984433507807
13.126813473852604,3.9102964929080066,0.9137350240565889,391.972630125544
24.807607039130307,3.669831831754398,0.7226866244058447,434.8589471229369
15.871782070673536,4.940906071224172,0.7525576690949506,769.263857249225
4.67447043678839,3.837176554908581,0.716182174044258,537.1679958012086
3.4936879770548064,2.4971175745115777,0.751763013374229,400.935057760306
0.0,5.010593920923692,0.8166644991093893,828.8614230667499
13.314853782873907,5.5928941947676165,0.7573479592661418,236.76314105747463
15.104833462262494,2.9599189884720722,0.7718708336469371,998.9485410688646
0.0,1.2825595315714644,0.7537927339757297,364.2026634870892
37.95845425409896,9.311879979389351,0.7966562789888041,449.9640536633977
30.078714463854844,4.216757637739837,0.7300156522907089,872.2225840168506
16.39371113664155,4.413902874111256,0.8645616511414558,552.2756783645951
36.32754804181192,6.572398163924004,0.7290456587817857,166.9553997302031
4.164577062835135,8.781789997648861,0.9415820959357892,339.9575082681178
25.808921856346732,8.933670137981721,0.9268569695104338,871.8185496353584
21.36138532010378,4.456402307392991,0.7511503757582498,883.4726660764787
9.226039133058194,6.429468908070607,0.8074248815971464,856.1477543888808
8.234354752896753,6.810769180221035,0.941302735352198,411.0164775156131
39.8813609038328,5.704418362595068,0.8391490049838358,216.91510008187487
30.103302835272217,9.008029621590243,0.8645427325930394,273.54734050533574
11.96160680439859,4.67050291203588,0.843588688948818,217.69858288166304
17.466303792596833,5.37937892005109,0.726751973264615,843.6170164988804
4.760431061672767,0.12424135439305799,0.8505731683121651,908.6791074419368
21.15669411072561,9.806269269350958,0.9298618799614449,407.8087073322381
25.805291287323215,3.040269887106001,0.9405853828515583,904.2153222515273
19.743953909113813,8.629279785155003,0.790985894367404,876.0015793641207
4.5014610272571725,9.351845699995762,0.9155772505756825,948.8295989512746
13.120510784948504,9.526654343915004,0.8026082256011954,702.6686848767109
35.67057829704267,5.10293843942934,0.865980787670789,319.93888027711523
25.348685675333975,4.30189801317019,0.8299882017923182,688.7081444626559
4.622606354386125,2.34519445707219,0.7752432648941204,923.4832038722965
7.330783014115472,1.3050314609449507,0.7813609827980368,255.92155248383034
7.022356383995195,0.6153119649230917,0.9481841301131102,302.9612615242253
4.360367484436206,2.515494584048203,0.835990103198729,167.1174354524781
20.505986655093317,7.801466561608266,0.7307248707494155,617.5322032118124
0.0,3.2381975327627006,0.84606414809026,809.0244647579684
8.689867101462651,2.03895442873506,0.8161813998074046,283.25946716549413
2.1687458717496053,5.333838426480256,0.7390683688233042,113.00354486182371
31.819490287364665,7.908857901656303,0.7514547154448847,904.8246163569478
39.496445001542455,1.2621123957743903,0.7568601157003018,54.69251885230907
7.407838384028172,0.8942447958188453,0.7356793549865833,327.64458286995983
11.592219961614248,4.015830806638076,0.7644786159589643,403.7537391509511
38.29586776830046,6.040985669978769,0.8969123695955719,380.5428361091307
29.641259664484704,6.30212143125878,0.8126292156905428,198.83910143545663
5.919883165976002,9.958938526657235,0.7126643501360423,991.2376058681929
29.471795980810565,6.416664313251959,0.8152964110226335,299.70378062416125
32.17818485126564,8.19063372800766,0.7161154546297883,837.8750563205731
38.52581019859219,7.442623587069485,0.9397131931993392,941.4842209531947
20.386532727674094,4.7141878019423435,0.7812091982356835,816.4556281603279
17.405128485691428,1.2006262573114113,0.786827527324828,197.66965084218268
35.22630607438835,0.16217956144332243,0.9194993135379861,215.05984954206508
7.346735413710197,4.912110849188381,0.8012836953623528,689.5077986949184
17.241789338233083,5.809442600339967,0.8701209969759344,973.5343142865092
3.2347082483879124,0.44674685885659826,0.8923077050705653,895.37265316006
1.086292895431716,7.053226786212925,0.8135738611569537,164.27339901309477
20.432616924095303,4.720959746432141,0.8840351957690384,227.4025875456395
28.07244774429744,8.3886489418253,0.860991679816503,403.1611430645261
17.04295015099022,0.2417123381139528,0.7386460155647822,687.7178788506691
30.004990653668592,0.2705472275952863,0.7087423717751928,969.1988364141968
27.956072079830783,7.728199522233084,0.7082558428658486,829.0147106671112
9.290224310058784,8.24523605143666,0.8900651605667997,671.5345738382343
0.22893076892571043,3.1634694440395386,0.9434193241527588,681.7167563573183
6.669344545177311,2.9361378036123233,0.7228199047918537,999.9435217477945
27.178383245768075,1.2403820020215388,0.7195401381502011,317.32002838615915
30.826975634049077,1.0965883324855146,0.8660182045788729,564.4835835298511
14.210948433240416,8.709338900321564,0.8891795513772636,385.1682508466505
0.0,8.268036774156748,0.861899377851863,629.3458287148354
8.9044613317593,5.962737541501608,0.8999655590724263,947.7579600666813
12.975361510282562,4.1009937725132914,0.7378971520301133,420.9859394750791
36.17574708543064,3.569100634394592,0.9312031466124152,100.08388319525761
14.602269137368934,2.8490429430680795,0.9109355810240031,814.5209567440345
0.0,4.978958909569864,0.8333695966716274,553.3329755638241
26.583929981666852,6.414226712179773,0.857388016470216,780.6475035145879
35.94760790338031,4.40657970176037,0.8548634696423758,405.6426900740187
36.107945212766836,2.7129125028280803,0.753672620706859,901.5659583010081
14.124867741846726,4.910259289378914,0.7650932212090802,835.8510280825864
25.248748553627635,7.31994520508796,0.9121330108565711,59.84148161272909
4.180493460098484,1.8833237038070407,0.8354522630832446,481.74248855187477
6.814430480537053,6.5678336792509695,0.7458024784942963,207.70456648640425
19.795008148123458,6.1778395192608295,0.7756280890622457,428.9419477277512
15.32857344591977,3.2745879422969635,0.8897246176237549,991.9172778105506
0.0,2.207752090234976,0.9445015474937394,619.5921508855373
27.040351504697057,4.199473298308531,0.8009746935165158,94.80983048536305
23.740618661517516,9.864364728306594,0.705011437440001,805.4045770302831
0.0,4.420216612572894,0.806408338184073,830.8502377763207
1.786090490000318,2.742441246270318,0.8046006969563775,556.146089253839
34.95017792138133,5.230561055408512,0.8716226255678217,975.9312804704323
10.95601398008152,4.499213718398036,0.9106924574921051,876.6144624165045
33.37346915546099,9.813009937444537,0.8590209780489237,879.9642334578238
27.633121501046556,2.833005278625875,0.9167238092256597,613.2369919578099
6.954108762312434,3.763729246162379,0.9397548999220692,904.6071687693527
39.75730863480648,5.706136988897351,0.7337091782669848,564.8762434763712
30.266177383525818,0.8766946995364876,0.8794992737296464,448.03745101580483
17.614184323995495,0.3860844730200098,0.8263171745441988,305.27812806962834
0.0,2.6627192993496447,0.7387004234310688,174.36969864607767
37.55594049194508,6.8473513617531285,0.8516757133125321,107.31523240429968
11.838363896521182,8.931141349356086,0.8941558159874531,543.704192837272
18.591579877024582,2.2740110245613354,0.7182630642320091,733.0882673334273
11.26345133693807,7.957221396126881,0.7061875072390371,669.352995566047
21.228507050346426,7.0556782511155935,0.760575749910878,423.01074253034494
39.48909982276802,5.583085073444267,0.7635741647067809,243.44713382959955
18.96427262006292,5.035700803442176,0.8599806958877474,938.440119547805
31.864892634074028,6.206126921531433,0.7397462729637442,999.9717111797058
30.644388786417686,7.729631052763676,0.8330805421055258,439.74316633448694
7.002684219763457,2.4981318767843974,0.8449325079847361,686.6035611589325
22.487437929856327,2.9725472431442004,0.8983565256630532,271.1360695451478
21.95461701523169,4.292921695017951,0.8845129003326677,104.84780215865743
5.050794004654425,0.8629288413124403,0.7920030202923022,516.7169412731093
22.121056911231864,5.8579172541790125,0.9029716164244794,973.1183202447119
3.5851906634002946,8.915576370913772,0.8186943093135437,988.3519221466703
35.74798880757285,4.677786492073695,0.9249430043490793,612.0360726908839
13.903887947156967,9.393370195299351,0.7880270537869689,181.79795691654675
7.488228770412366,3.47398800075765,0.7351518542161025,938.2995375719041
13.328142810439074,5.336061915131278,0.8401094428375094,255.53322122639725
24.266325615722074,9.60628083062067,0.9391077565246891,271.1406856117286
6.506740512102839,0.28833431874236864,0.7764237571303588,630.0430331817284
0.0,1.3292924778564827,0.9418552016891353,166.9846616839319
0.0,2.772526397554822,0.890399173437513,586.9861896892514
9.589537293956345,3.4521317015311594,0.7250097582846513,480.06267762949733
13.05699838549258,2.862116850469328,0.8460537336710486,956.1311641395897
26.11464473139379,1.748626134649672,0.9371014421660536,854.6411958406455
31.612894485073102,9.64958270620637,0.7086603725426435,43.82606201322876
0.9673363768252359,5.7822011161936135,0.7536010724374977,101.7343665557689
15.304822931824932,5.348114393786165,0.9211153403697253,916.9007206325957
4.563205022592715,9.662360374606788,0.8283420731409041,960.6474374196783
27.54664248081893,8.80217779697958,0.8034102598764035,680.5816016744333
11.535690841392414,5.4482137718692885,0.8977895751816846,877.8918410400073
18.810779603883745,5.8676307307106645,0.8955326399057397,262.1451934123376
0.0,7.9339310039821145,0.789831648119699,400.7928456745857
8.492289405096379,0.6995864650419049,0.7494083688486044,478.89213779794716
23.673354766212945,9.63744193577424,0.874720582194325,475.1716060659677
34.18683515259807,8.876817115266471,0.7669783261426737,949.7037289387722
3.86891937417999,3.17105637376607,0.9093847275653494,264.7531451406382
11.613530027613514,5.018641764294552,0.8211448067011464,677.8273437137502
23.580449850026373,3.4055519738424476,0.7971787349909242,722.1312164934068
21.646229756708266,1.342101577031695,0.8720371871917858,105.35920365854795
11.537203235309589,1.1870996337967057,0.9231393326214796,828.9477439334134
24.438911232800432,9.55473661798164,0.8686857791301279,794.3675294736556
12.582140970492878,8.077321162609312,0.750354407728477,884.4414990345829
0.9283219386803035,2.5793607931610514,0.8784561190952692,220.5911880895565
7.163532378308951,1.3957897280720042,0.8216815636004615,826.1347303125756
11.187332107402666,0.4301875351506418,0.727408089138611,450.84030199355135
9.981878913208549,7.901203489459761,0.8742697939047117,990.8000466957756
25.280647189745,1.8780971423358788,0.8813389919656827,711.1806831185238
22.827097171519107,2.206291670523902,0.846297947724221,858.170251226272
18.549133733592257,5.765646571320404,0.7806665718951595,815.3719990365454
21.506722524593226,2.5910947050432798,0.8389349190754873,761.2489776511379
19.825006099724572,6.49916871241602,0.8827675768879645,717.136113477609
6.0234726628414785,5.497187791926966,0.8810842295578875,495.55489780037885
34.409771770828996,7.350879747693864,0.8435055018352939,570.315239160405
21.636714454420428,1.694058935362724,0.9094082528567364,394.83486400938085
37.77782203903318,5.180898513668464,0.7422396394295884,110.2510446309822
33.29337398548187,2.4952861246335445,0.9090082650731955,448.53459791459386
31.134077235142744,0.2593427465780649,0.8287400187932531,864.273908704029
27.327879651444885,7.880217586073264,0.7457839638459355,688.1814456189595
5.294510437253829,8.926916781672396,0.7208025421497879,911.110368748669
26.694556852406905,5.809531598413736,0.9115643641763714,91.24480832880792
26.815076547809007,5.644006683568706,0.7264775072796595,925.2710051195048
1.4573107080511192,2.01435965382944,0.8991020321634469,211.17640583575408
22.335985832708328,3.591365515966443,0.7025234872566107,253.58935199629536
33.29378062428476,0.9214700561358573,0.7366782425580538,398.2299064631626
15.942230941658392,3.9143497769036038,0.7014838251021286,513.711458597455
34.87232412002052,6.8505881098629695,0.9176170606808903,200.38316662962583
3.0643356666825463,8.823879969521853,0.7160879984335705,784.8749893842537
29.35413585568587,6.384351046759596,0.8836907150049031,807.464134087445
25.12745406191975,6.225806568585249,0.7916169184765786,640.7723652289418
26.458260116768205,8.070268215349378,0.9130653919393961,624.1193500304709
32.60521069357902,4.254758152480938,0.8521851935826055,205.93581924926556
14.511652211188787,1.0488892938985312,0.7346924484449784,66.84362343664563
1.5555223920984662,4.849448746525797,0.8449431983113564,282.9511082043494
2.7202142790314063,9.792727740539155,0.9039104370459381,775.4476670252441
21.034271308749144,1.0733061205698333,0.9028542874992895,401.49483047061113
16.438482870338316,5.024290641021167,0.7397229846919829,548.194986766181
26.121241664647446,3.875359545699174,0.9293169630291206,365.81353478166824
0.0,7.628855979639189,0.8444971162791353,991.8032585228514
30.57305793124224,6.39151111732035,0.8240473595724894,996.1589044217936
8.99753242533317,4.308088041847967,0.7097393735992066,863.0603721973093
30.449100827189557,6.975692333630698,0.9336434842421292,812.5690222988521
0.0,2.923596448820079,0.7344038400575246,245.56348537573962
11.008866911109969,8.369718553280006,0.7325381870454584,796.7014925093296
27.735095233592972,5.727185530261946,0.8065860938055313,520.0232605746227
3.437154646766073,6.0227392201546275,0.7236324117160821,153.0074036545679
7.384884664479425,5.662269817105943,0.8703564374069395,329.71930598891834
34.99965842781033,4.188667719950673,0.7846057107325134,822.1218786206002
12.432949107783378,5.474123763586179,0.8097555496918931,685.895382399596
38.98012150290457,0.35732526414183774,0.8278763955508444,299.0383562158754
0.0,7.194434440010744,0.8394004394688863,97.52809330388516
14.229923896910407,8.282892267659001,0.8836167751585615,863.829760904288
0.0,1.3792490907344144,0.7934971417525071,985.4068395611877
14.926116882012549,9.34844475540647,0.9098664341174811,414.90763877515116
35.058400130939134,6.9070226613710775,0.8537011662048968,491.60319478410554
13.65907557298404,6.889039758854176,0.7720298142904318,570.6651046269777
19.554474635960545,3.272705422871746,0.9234233964482925,405.64555570244323
32.296661929759146,9.869016910816422,0.7403558001070585,412.3134694391813
11.807023046729688,4.928420031849084,0.8032581674769332,684.0060991239383
19.39929900133087,7.878490829104833,0.7898420411709602,87.38941160925762
0.0,6.026482399833621,0.8215750694022186,881.6153565266058
12.080954262515633,0.7365583884018534,0.7166894032254418,603.4429756664879
0.0,5.165042312179316,0.7538979751249644,162.3520147311013
34.20920598190721,3.8133167744588836,0.8573776704935414,375.1786069589621
5.559464783367061,0.7213673718014579,0.7093363750321542,328.1287214228287
2.945564329607644,2.1504304545421977,0.8470893468168051,747.8309965850243
0.3475100897057287,4.249341883888369,0.808839824411036,131.7526279338798
20.655561546978845,5.202839977443552,0.7497700626784737,847.196197557489
0.8782669539052547,4.109877541706444,0.759702767868567,315.04462252838084
34.33271211536249,5.497213283700563,0.9051842166888465,591.7475532809168
30.33306543327962,6.342318609821126,0.8382937755667664,366.8087761583072
15.034018874184728,3.01850978845342,0.8366401685691318,721.5296227820136
11.11832743159176,0.20815316591346497,0.7325339806436916,899.0428525488018
19.541515710837306,5.973061456336708,0.8619486046875152,798.2201005398572
0.0,9.330845580745304,0.832635357330227,563.6231543191386
24.170358423501106,8.47892988045301,0.7002673152715085,876.9652366423527
15.449216073806552,0.3443377880913062,0.858400161411677,854.3729357171662
25.585155977972423,0.12450949531116688,0.8044064411382691,598.259406661445
19.972375042821213,2.9992772465389357,0.853022286890599,144.31995275780758
24.06649819805482,4.71102385166151,0.9075785017857897,864.6730677094143
8.928025185439761,7.9109199288991086,0.7363261890517966,317.0884948369691
15.33572504259322,8.304659721370124,0.8411199548003714,721.0158981960462
2.5550424899217616,3.742656699478655,0.8865206732432884,280.96046136843177
19.648037074887952,6.718945830320197,0.7292703583159604,766.5432709342077
0.0,9.080274531734798,0.7443605907695009,610.620438860778
1.2137940896103496,5.2723544863640734,0.8736842854457039,364.67899225870565
12.610506322360468,3.133583951436144,0.8379891813361193,706.1796166389964
15.903051631386978,7.238835699899409,0.778391415901458,330.5216973955712
21.083858738523748,2.9834526064422757,0.7083749931788752,568.4123828153979
13.338637343866633,0.9240496522262617,0.9407124326408484,504.18715003824593
22.032634003949198,3.0659947785934496,0.9340936999449958,380.9163966432567
0.0,3.158726002228957,0.942414998958249,109.6896377214932
0.426533055964485,7.521588389630189,0.7976278412107993,41.99756592514227
11.963452640979286,2.507452237754326,0.8445014309847894,294.11256927014136
6.378868174236397,6.66824577055662,0.7819870539324039,594.597298759291
13.039775933535473,5.318641142909278,0.7197908123842306,741.2821878931411
12.983866919574336,2.566318342448374,0.7448611090738662,230.0432713686044
11.065012006260645,0.6355678229400753,0.8357345005839882,447.538861781028
29.860792727394085,0.8080121749851945,0.8693670406800027,718.3022085752649
2.6084514970368584,9.439104866269476,0.9209698619899526,193.74048932731316
16.494103935766645,4.626332594358957,0.9060213874832028,99.75768958314038
35.09877663998811,3.1749549667755548,0.8293204793531181,901.1517615094062
0.96819481385749,5.667376233007551,0.8747847098478577,693.9782935393183
5.087162507440175,9.59548095182055,0.7222467471080413,737.9409882687046
13.471527871868128,8.381809887412256,0.8511251542123047,820.3248630037222
38.59494405784035,9.73624289402731,0.807420998281666,563.5616870305598
25.235826126046888,3.230874291938254,0.7496277989720177,744.935794881757
19.94914796535111,4.56893011626364,0.8341718976822841,71.20541295333055
28.912525092223508,7.943126693596447,0.7264935919679217,286.5076664148527
20.765632266956036,9.595736241654665,0.818401138797656,949.9204343119113
21.50069367339407,4.895764073158572,0.8734738260121627,918.2937441021547
30.524508932670226,6.8756210511442255,0.7441689659125084,831.5533928871154
32.31263133910934,5.191627053879884,0.7850410541471831,404.45596014006674
27.872334634439866,6.367349612673491,0.7278761464275062,770.4250102553332
39.13960430163598,1.9257777229109778,0.836134172059605,183.6828321530702
21.44684436199449,3.0951695608541856,0.8489026179229718,269.06977409933495
34.1917449769109,4.4259607462425326,0.7388107643581345,385.4183384994494
23.454441639511316,9.62555060694751,0.9233461895285879,792.5740186180674
15.5148274567428,3.4698136483707835,0.7347749763858007,61.659168841556315
12.291964106012665,2.655668925317094,0.7327455363318989,830.3506304348673
39.505499364745745,7.085863952185624,0.7701723735469678,304.1359924321018
35.8683550097973,2.281021066153354,0.9455821508864393,70.60761893482457
0.0,4.803838090021399,0.9148069832828328,335.0874084469033
24.524043333300206,6.6388829531023745,0.7477009886111948,329.90280797306326
31.69447967886331,8.406116139732232,0.8158249562983682,782.8490505029408
12.337641220170378,0.5788749540823065,0.7872766625402232,664.0836582197265
16.643567518722715,4.784670296220286,0.7432380948677481,270.465350860964
28.34395591820203,8.488026695112513,0.9125794994065168,685.4914441523904
0.0,1.3370010738616658,0.7547879607404213,628.4478872239363
17.57138288710402,1.075916044239012,0.7819165459269396,492.00576977904717
38.21392448082758,4.584864504029341,0.8775727216065314,867.7569676238139
0.0,3.2243321924495736,0.7838164967903817,158.3441150978079
4.846141809059156,2.117135908685116,0.8938178344368141,64.33363183944817
0.0,6.75120923606572,0.7054567632440831,430.7042931433401
30.220826769570735,0.06785586881080391,0.828618810821576,585.333519011151
20.009598860347644,2.36259259588672,0.9461381587062714,589.0095024412514
30.133038610211337,9.81535969806115,0.715177759629915,516.6869424743251
21.36161640800248,0.37127282621791735,0.7176696330732646,282.04346714768195
36.020626261512376,8.70534981382169,0.8363828028695695,336.9167025887392
19.96440964152093,8.56654155320162,0.880092812353153,224.4279518030336
20.168054009086863,9.246344288802781,0.7289663944272383,683.7933759137991
34.8357433408206,1.3263156232700792,0.7889084692506911,983.4513539488416
28.28842529658123,5.734736657648641,0.7772940311949229,51.60345019165632
19.055082137067807,6.7901534227540585,0.9038525453522017,938.3096628432544
38.26804404665095,8.224968317854538,0.7920926271328139,900.8394371706642
20.315108170220256,9.894293800943199,0.7908744257497379,493.1273520544137
2.3007405581646427,5.887627658474489,0.8029929854294484,314.67019263716236
0.0,0.32328240973944067,0.7925180214326998,369.03239961158613
2.3518668501007762,3.986297255907831,0.8070306894260957,129.40362125889777
13.157331263230015,5.645315627892163,0.7296465928154134,534.831304436203
23.326999375269214,5.168796943126032,0.9069466582643447,650.8801522318697
0.0,6.801079636344613,0.9061202168715113,249.6755413603965
23.213689774241054,5.947496032952558,0.8917237048578316,389.39104914399496
37.6513249751541,0.9781809402517104,0.8652599156113324,147.35088962017048
15.450474057291787,8.23693628803049,0.8282245671088123,46.91767242850407
22.8820294952916,6.934797728069553,0.9116398232599051,966.6966800817663
26.177292005263226,5.5919745858449765,0.7935585772694368,928.812609001636
38.8190023691687,2.1128165744219376,0.8935323575491227,394.5237016489238
37.254947357502196,2.995914921937211,0.7393501982889824,79.33227390561505
19.372894605666325,3.3714565513602537,0.8177938450638905,608.9198237960928
11.51302109466626,3.1175109228401774,0.791216924149937,253.06882863787445
30.329408979184876,0.158856353169234,0.8927865417870006,225.21683504483804
34.33820653201735,7.996310682091264,0.8954019281182279,366.2252541002148
35.78423890772706,2.437703720719463,0.7254440020436634,710.0715635252085
13.088817157292928,1.8720606146185632,0.8059299470744535,979.1199047244592
1.6255171123556906,7.142408873198728,0.8277245966038465,779.6193785350551
10.820929062490391,2.704167055187386,0.7586716586432255,874.2247327713116
0.0,5.932197681729799,0.8579292940109302,625.1163173124619
16.532559865427135,0.5257996970004934,0.8852199583663964,993.5391305488954
13.09958060048133,0.5762978310833765,0.935968244200603,98.10536561103412
8.64769471396744,4.188944536502202,0.7350535230267937,711.1934714342565
0.0,2.6360401487546072,0.7650367835783345,499.27084457837185
17.524562307839332,1.711454050798179,0.774876841058707,429.23580735623005
12.31212134101456,6.381928746856138,0.9354568896105344,711.2833341121988
0.3019801115097418,4.365002889046233,0.7812204605382382,694.5708249239207
27.05989185576741,7.297251222622521,0.8724349583037586,920.8254342269294
17.747340766636437,9.880755152358082,0.9270269862574451,74.21403965400077
14.45700110767007,2.372643595107932,0.786112696150745,354.09877100161634
11.91287746310296,8.472503592640598,0.8744088908367067,939.3683121741136
30.46278087120598,5.668437354920918,0.8472379312176325,253.61149306053977
0.0,3.6639916934067442,0.8320370212187911,204.96689097313254
10.911660085815448,4.552043230655239,0.7910490432361872,805.7537495832322
12.61309745335214,4.264651577117382,0.7255593574143373,466.376632787945
20.030618029666964,3.9015499254143737,0.8032566593311347,889.9187058534465
27.572722703359116,3.550490023794381,0.782052633088808,751.4980606104642
4.12039751219231,0.7473040365096276,0.8374473472890839,805.4353692323998
38.42938166245893,9.014125627413664,0.9082126029227104,342.72652722346385
12.812011687684862,4.249476646366959,0.9396341712414681,770.7362793077378
20.910348511488635,2.3998738493901244,0.8228949014226522,883.3172955136642
3.8098660368042205,5.816384495110833,0.7810017139881649,303.92415474273974
27.279186152266902,3.36930603412879,0.8108871039198556,894.2663988370031
32.9085528792639,3.347708291505616,0.7333267282079737,77.05088753072036
5.901697190371653,2.2462323003075646,0.8996361956385849,359.2602111889819
13.67699481453785,8.956531617725313,0.8972674168689528,67.34207525474154
4.577092020382432,4.603078377684595,0.7821589306246683,40.145598266709364
6.182367961526205,1.3133332019748183,0.7098185664601178,43.675271163234335
2.2550425940839447,1.2281237888327272,0.7652565702198552,752.7434872948668
13.657432171199913,5.9592411943909305,0.8328391872935182,475.50441265415077
23.50672939126585,8.338060240160912,0.9100618466229915,343.9164942313876
36.64419802513705,9.348585609924472,0.7645129104570627,722.873765809815
3.8946459885790214,0.09653048957934725,0.8259205491467713,940.4546156813735
0.0,0.7440519587433735,0.7311774630145036,823.1307557533722
29.688596938096612,3.9213488864047057,0.8014857551722099,557.8263089700137
21.12491965824591,6.359841754759374,0.7869381758211904,773.4977797360449
22.024648656487873,6.6150686613543,0.9400337495142262,644.3440635039159
8.324941975296948,9.021305822835155,0.8607319187740263,124.39386327408855
30.44150799643376,7.63954687522192,0.7319698266443058,627.130321555487
14.277277180709568,3.9431208713969923,0.9366362538395073,858.0511814080897
19.27129207070765,2.030157572866775,0.8459169339064554,329.62387328135594
20.38959793545539,1.6872908038695253,0.8000019060148558,185.4299749474944
13.562257168177114,5.202391197744848,0.8398376707606143,480.13072996828396
16.604667529888747,8.625478340315242,0.7737468388034783,667.3055159945611
26.519075660348758,9.252199160506635,0.7196329150951515,451.37207240284175
8.457902941168024,7.650857710237317,0.8349041515271105,614.2472330500548
0.6944543791830436,0.01308301059587797,0.7053843754202194,963.4368429054348
39.32128431077871,3.361210039412894,0.7026812175003332,239.75461769220294
12.710414838382416,0.02652943455273024,0.7177379595532015,493.1142823104311
13.723672656757568,2.1752433751161497,0.9245053266162433,217.7137054236674
9.648600404451779,2.142636307460282,0.8467806081262935,375.50297890392517
6.466286318949901,4.849238166481586,0.8417037501817647,339.92214306523044
5.696804913729598,6.994698759031276,0.7647682462824658,562.0637355867924
12.349620087901231,1.6195509652482272,0.8336528781367828,98.31497490271012
38.98818164823319,6.018826458603324,0.8642813373864519,315.46318472384246
32.3669217871057,4.702909665732792,0.8996929442898607,387.9134945132948
12.348789234492463,7.618156583286287,0.916862550332105,290.7611759672256
13.272681336447167,5.750680598991129,0.749311762980115,620.9241851362547
24.71388025384763,1.8864921047582928,0.9294450844266813,922.9933238135301
38.42052648866946,2.434127487965748,0.8527555803072487,667.8109312090265
6.448956313779674,0.43653009054024255,0.8398671653076392,637.2514664786739
5.975525129200735,5.281107734416241,0.9055138619097671,181.57071595210243
8.969139883012566,6.48361253036777,0.8843347315070428,655.4676480087494
25.752465927510205,0.6206758491503679,0.8433123464018657,775.0060755501945
33.62126349434482,3.049004866861838,0.8976824209252254,316.7357001262068
9.331079825471916,9.973398614417839,0.8415407004000246,820.7365213250769
27.698296635494856,2.649299133071525,0.7371456520553644,341.8439336768163
22.813166872680018,1.6128013970668154,0.8159429874104751,798.5490511762013
19.215929103522996,6.7793008353979305,0.7486928032649448,212.17266662222173
34.83543924434153,4.363603141738643,0.702881012702117,226.58025047208227
18.073144966464636,9.495757313621613,0.7510017632733306,510.1184240371284
37.16460700325069,6.20287330210164,0.891562574924618,537.9236858539358
29.062552166079893,8.45041529508959,0.8203273375291841,129.29073839702266
14.851565477556905,0.32619598015157114,0.7060972479842238,822.5817021149757
28.07178580436884,8.503942874418428,0.7621825986255604,219.23427845917917
1.4794685071751645,5.604222193477588,0.8519863296312928,123.6942604412292
1.9912851844103376,0.11249742145535728,0.8354684942541835,896.215252650562
26.381788907262116,6.146929364898532,0.7685055268711922,361.4290397271927
8.244949379750912,0.5029723712322064,0.747440419794004,964.6989265082069
34.74356943814574,1.1491337432038102,0.7563040764357836,123.26497501691861
23.413946463433557,7.585216929148051,0.8849912562913075,784.1532815616957
11.865323930343278,5.293607377119966,0.8097530619648357,525.7490433977529
38.29578550551036,1.632489825560201,0.9250224169311889,478.4177288873678
15.757149674039207,2.0273908390461206,0.719405424255953,154.01629335150088
19.55677311820689,2.7730347337157513,0.7695821974337852,507.2470891919952
23.160511633672407,0.41550672085200463,0.766718464321569,195.08988036292678
1.0909015978208916,4.143965867432645,0.701406618395481,719.6839467437565
0.0,8.69588469614164,0.9049964337552376,344.52557343931335
32.76000143117982,1.3142503869890332,0.7466068442875509,592.9117139578561
21.880203930087884,8.067294279971158,0.8516594938357,841.3905437224469
14.699639661116493,7.75601206958931,0.8718669673163348,837.3078101156104
7.689605932010291,8.399377623152906,0.7686727574642582,785.1520246275514
5.949987926604572,4.426753247334969,0.8987057520468718,399.1189624740025
10.832916395146311,6.784062578522534,0.702472025450015,343.81338849228973
21.412327255267673,5.4493215793057415,0.8061986480260551,968.3833526607322
27.74380800977978,8.272918669330759,0.72221498228014,761.8816450035074
7.445100712560331,3.3111362022096884,0.8521128063304002,350.84363883427284
0.0,9.957685748295367,0.7606655274925298,580.4084545139727
18.150129597968014,8.507337086297198,0.856836256927746,576.0809098160356
39.826928107511634,6.925938615485044,0.8464340151504938,384.0401589087639
35.57556848355042,1.0308048053820027,0.7279438405033676,534.6409524125147
22.077863984134595,9.932404273352113,0.7645534090682047,303.1975388597589
36.44783475314952,3.721475865115996,0.7377775909447549,445.563546121116
27.31295349293618,5.681961785522167,0.8525789006479825,528.4237782175562
19.85238773527042,0.4106540499386757,0.8902411529835401,314.0404248601404
0.0,4.252579862197448,0.7855175784098327,871.8788860552054
8.402893676932775,9.928479967394251,0.8464818838475489,53.99475172442422
33.75346940405792,8.693147000315973,0.772209937265825,792.6501018074345
12.131040950053189,3.664274116024801,0.8353802926825769,606.7055273368163
22.503730092618053,7.404115371649544,0.936213322599125,721.5996687143166
19.180695332654885,7.253455727983181,0.7595629491081477,61.00601194126586
27.45078182337949,3.6033770164180803,0.8979933241168195,234.40429645970707
32.396546038736425,1.370279779395377,0.8310622130331269,728.6748437844942
18.881830025194432,8.120559052463712,0.9231360391627899,181.24339504499358
23.620974226054457,9.738221552724204,0.8381764446181026,293.2107385222744
11.061420795933259,2.121598436691018,0.7788517069995429,149.066714549807
36.577554572970904,0.3797289724824336,0.7504437931507124,335.6942442789696
0.0,0.21289731312265406,0.8607036528164659,331.12612156819574
13.80641261825162,6.436917760806063,0.9188775035083154,319.1547406221813
0.0,5.083351680573986,0.7455932026075793,598.0404754260101
11.27249411125304,2.3922595257863173,0.8092409332345758,862.7738209905164
27.041781002435446,0.9221672287033961,0.912520809166061,748.3133114465318
15.01279816389055,3.077007259903437,0.8914686920525579,404.8014014708293
0.0,4.679942016061112,0.726980270829155,162.27935691979044
0.6791530913568654,8.261391384448057,0.8696105315663295,894.7508507504484
0.0,3.140301537168365,0.7751033318112591,715.4195154698593
15.442407676651609,4.8954725343417325,0.856827970336254,575.6220329309054
28.563170390800593,1.525871030065411,0.8736984873812921,992.5865536342992
0.3818946807570425,0.24396922938450416,0.918860562099266,61.263791586374765
21.26303366805532,3.6428281144752783,0.8148934751080945,124.03049206619426
36.2145984692283,0.9479839322139653,0.8126582471568581,639.4246461920814
35.23992336430334,0.4339202470940667,0.8681629587167669,58.857125292556525
23.757873091487067,4.282974374451299,0.8690186101351707,88.05641067074293
38.00442443431802,6.342028495957387,0.8221896869219218,311.3159273070469
31.78979800348809,3.083295915001803,0.798949540164843,640.5181432201123
7.657918366069165,7.4482006753437195,0.7147673650977171,977.4291223120634
39.52444070693431,3.929336562717026,0.8657327462175158,381.51892497711214
29.39973186495448,3.6100255589482595,0.7407918105039824,659.1871224421161
9.229185476105126,8.966212974849709,0.8656691207987133,501.9113927267437
21.850427420247374,1.2346386343974778,0.7239339290843582,463.6454178475939
18.655863704188675,0.7572733837446005,0.8336633158445074,444.9655608101416
2.9485565327480994,5.826426766126525,0.8538649423523824,382.19072306124906
13.97336540861984,8.705052043669937,0.7778129810690204,365.8420783247323
26.1417643981759,8.700060395112084,0.7609606970993454,784.1505365011349
35.27919513060688,1.0108022398196355,0.835655844105362,617.3700908547273
37.55420534964842,2.130924966506526,0.8745923122167915,411.7139894419398
18.50822549433235,3.7748483788797444,0.8621712928410812,369.93605362173554
21.642560641213805,1.551260803156346,0.839582357746407,879.0266892878349
11.526159432250541,3.3536305661172885,0.7129569840012547,429.35856203576407
19.435621372634195,1.0637128033409957,0.8032240087355982,661.4795319144353
38.2313559129653,9.724857989343725,0.8756476492923918,959.2573915772795
8.189280996388282,5.413832597353591,0.9030259789066547,190.4000152459847
16.794105324198487,4.550069576079777,0.8225148945024764,193.3482635748008
19.297666336851613,6.1922311357368915,0.941769250397771,750.702410740665
0.25499721438280587,2.0671479784308,0.7924648563781882,467.2991360064504
9.629075857249543,9.297286291825628,0.9336031481074288,702.3987138273394
25.316727413052895,6.57371751377971,0.9369220730131078,378.3019793545352
16.995567615625916,0.3755817503408443,0.7945958763835275,210.86660965516626
31.643190273856373,2.17736289199513,0.9185751255656539,108.02343244263807
0.0,7.51213358504515,0.870134253565111,697.2439968810944
16.58517846995276,9.529233492032509,0.9363323707370478,136.78988760777176
29.43117079632972,1.198712795109667,0.7209708721463696,451.6073333403486
0.0,9.700696526031578,0.8429026757717647,551.7658504698643
21.21715949576388,5.470936340009959,0.7535777250373789,359.81891129668503
24.63282141560931,2.9416391489016256,0.9463835031766452,917.3702717076965
0.0,2.7606715216845434,0.8830960449262719,240.74756393058277
7.718597743960769,6.723781911714415,0.7257857308287867,40.75518692521591
39.938267305809994,4.155427215850821,0.7107425764547847,284.05882255532765
17.752730103786497,0.5238833001842509,0.9440197851861605,870.1659581649787
11.101199124064088,9.176903957352081,0.7634397400363101,578.835723544893
23.38780470404509,5.552681810918923,0.7865973859568245,81.94688052282167
24.740115657390188,8.873429145606956,0.9488549963902912,603.7853174807003
38.83783641329774,6.618707031215786,0.9075081361208924,234.80869381884443
32.85940348023918,5.888816986939893,0.9267653712076399,626.780026367866
3.302761435949948,1.0175521677103456,0.8413061862613351,862.5628351384983
33.0371357222913,3.196686657696423,0.752463923977968,593.5736311767199
0.0,7.967661886630713,0.8602004294894768,661.6206924011123
33.166579762129565,0.0252011718759966,0.7604667936171732,971.8989447250616
3.0606168413717145,1.5626111946971675,0.9052049210650138,706.3299688610578
25.31948795850026,8.402239962630695,0.9027403404229121,881.1049033186557
0.0,6.428111687000462,0.9395937781301468,439.88638067397727
23.80494904520826,1.8274957190151635,0.9281442733057395,631.8746801736172
0.0,8.725694990761378,0.8068903883283624,508.85331109876864
31.988204377250774,1.5789526786018937,0.8881522724435369,848.1396965726842
5.771899658148758,5.987044401885176,0.787717475846993,493.6063630344129
13.133958846776952,4.8451803507898905,0.8297206440140215,657.0768552493155
18.652533514120634,1.864536966783107,0.8807797720744167,847.4712249090778
22.44605482396177,0.43603252913889606,0.7583028461621637,894.3366660961751
18.36780120987262,5.552508096546174,0.9327559736450519,519.3284505688234
36.85058054420492,9.390698420614811,0.8599700943543467,413.02703817805576
28.16885794546821,4.515500830974795,0.8272427474423799,227.47248206482448
17.90042775169473,9.103456436340874,0.8950269076120035,470.5228384307043
14.993120734716774,3.6387397060443543,0.7501073724192445,460.33411545710413
37.158950949188544,3.6563889556409395,0.8253063846559651,805.3609451449956
25.333207065008004,6.3759755002406955,0.7086148499495657,455.5836576005457
23.021934770156737,8.856655442744417,0.7680126662036538,232.5372944715572
10.971655449297174,3.234867376990957,0.7675070129976443,229.77499194121347
35.00841486343352,8.822288333219321,0.7969193488813306,410.50564018823775
16.735910991658088,5.601012636585316,0.8936192981589909,521.4476051661878
30.36599889675871,7.308750529955052,0.7704698194767916,783.8607528396643
0.0,3.5657638091669113,0.7732023136107402,952.490696922084
0.0,3.068458180868637,0.8758654292467332,659.9822020049509
29.140764737982156,2.5689144569916307,0.7990496297778238,410.53436543808436
35.06917385565387,1.8918982378225693,0.7409981090578719,669.5172765837376
12.87066196978462,5.051427269354458,0.7748902747686974,797.9779695138242
12.025413741295285,1.3475904276844968,0.9441375850355829,538.159343813929
14.08664245168755,9.837647540254267,0.7338098504297831,50.60687267494355
8.66180295234262,9.56849095850015,0.9276207717283002,402.6286357042526
21.028275922671988,8.860210645563933,0.7054364441610244,713.4482373106437
32.40149837303007,6.0857287875717905,0.9358521466874431,610.3846614876077
0.0,8.681843452875418,0.9366475336502937,301.7927614547481
15.192690508298158,4.5825983915522155,0.7742540564516948,193.53309304990947
37.24908798333124,3.9928924723332617,0.7231127031224921,957.0326526602573
37.21369690485348,2.2797240150071856,0.9269747547883489,203.5930379465586
1.2712134003305058,7.566142992100047,0.9432135605488061,479.6370977606746
13.365170158704757,9.69971349033817,0.8543223277688995,327.4633022154758
38.72387109168521,2.6646482627969283,0.7073242927015597,520.4742154812557
21.1026564008765,9.707148173128862,0.736986028078762,783.576955912627
18.946117719591566,7.870845910749529,0.8012811654230378,473.5831472415073
34.270136045990945,5.378938977717421,0.8715146681114152,874.0285658175063
0.0,0.9334620892766167,0.9452731179796173,535.9775181791118
39.89655011409508,6.554876415942079,0.858806709599695,156.27040964549622
36.917833460819445,0.2359186234848384,0.8252415809375228,975.0777247756017
36.88285615913739,8.716329020884084,0.7722083255685586,46.731479812519794
0.23477591352390015,0.39836512831922105,0.7808217697624884,601.9089353726761
0.0,0.24472247681761158,0.7789676297715107,554.2960274238565
5.273785401775187,8.148924028193651,0.7534544091208553,678.3839561831577
6.143853364556118,1.0819698350753175,0.8953701653205764,448.48002998305293
0.4670403920582858,8.817786274301014,0.7203613968323833,381.925711102484
18.04353026299811,3.5966247881283313,0.7277675513719409,448.072781020955
25.776992121131304,3.6972693014088134,0.7910640297107462,913.1710442082306
3.3940696370079357,1.956416542441381,0.7019172559327898,649.9190710618265
36.50847378019735,1.8393685646268325,0.7527239095976515,678.7691288999549
34.254719102231725,9.312732561962823,0.7510968175616253,692.0372276537976
1.4416195202156215,8.786031895769224,0.7057536387355854,249.87766501756164
4.701746062178478,0.799158504107797,0.835598644978689,206.07954237573216
27.601556593691523,7.316060623715754,0.7312667833192494,556.6775449878058
21.656823838189375,2.618243689485614,0.8927192433113482,609.3164238903084
5.328485271446754,7.371950011790551,0.8797793254582611,836.405589185639
2.312227157464806,8.271301248854188,0.943925474028604,477.59187832477505
35.03334557928397,2.212488889433556,0.9093208546337963,195.374966116167
0.28150107499963534,4.459543432036482,0.9153998525734633,214.89727292490238
28.8158426723391,7.087076995528136,0.9446666292129429,119.87232029301776
21.592553838857587,0.19546257834516234,0.8527708821760345,757.2463675246888
15.744440988526401,9.57743940206407,0.8018941753445074,446.3432505434061
0.0,2.641916825119582,0.7899531231475563,145.49143636557258
30.8387193947695,5.387748810790949,0.8136883291803366,645.6774670630496
29.32135064118993,6.626797312287911,0.9033098809697233,400.65738510030775
20.05487066075561,3.4693882183312095,0.7569812640686353,177.3707905251322
14.612904945574513,9.276811509202416,0.7097847024470814,654.5420771652628
29.504123180224713,9.145728113166891,0.8463113941973377,727.3724464043435
15.325931253312076,2.1425734299290946,0.8210323579885128,482.3589781264045
24.93251717263231,9.771552497095659,0.939038206816142,357.8360829601741
16.75088508250123,2.079960360784899,0.8297003180299046,91.34708461862644
32.0549628226809,0.6408175300924879,0.8843375159418654,803.1411427568986
11.458494602717563,4.332391226778354,0.8464377365837782,177.17881505938482
38.0765160816876,1.8490359220853236,0.8423124727202191,478.113836043181
13.765415212782822,4.312700968213969,0.7815657580951179,262.6537050586864
29.00956554112318,7.5379062619171195,0.7654005497485431,864.1581024366826
20.15427494560023,2.9384346057315094,0.8429221140784775,872.5654833785813
29.20752405446698,8.93884133759093,0.7812033533769898,163.42796144309946
20.062276461154628,9.91028032207074,0.9388688644670147,577.3751934388358
31.01277564573174,1.4446251961111276,0.9334366552995499,290.96203960126394
13.708072379770426,1.191599875544504,0.7043842953443867,169.16389664457384
3.4685801665287657,9.221875087149597,0.882785161696398,615.8879535365198
6.7645217687981365,4.413664843892897,0.839781963399267,597.0729331457695
36.28249601685338,1.89688858963715,0.8208048101751805,734.6836927356505
6.4989715640823515,0.507227713037992,0.7949321442780177,291.4679028456984
37.540235043798084,5.665208302670223,0.8145905509399538,436.4723742538279
0.0,0.6954941745499214,0.8426966525107715,704.7197706546551
11.308752020170179,7.2157686130615275,0.7193872288542827,925.877379222303
27.525874938230665,6.495101213975573,0.8736423418131312,353.9086395387846
26.792508555084073,0.6526543556525762,0.8817360313460411,917.3136947174488
16.58142849579518,4.928518673365958,0.7101529186283622,950.4231349385408
5.870440762328505,2.147766614592417,0.7380842534268689,838.3208327098583
15.389816354701578,3.34130450214694,0.7684133451188055,155.2269555645637
37.69927477187271,2.7695692496949653,0.8266984816449556,201.73563306072163
32.00573317683578,9.70478279674862,0.9497172436348585,874.2957028377401
26.475335515472327,6.440806762232857,0.739243777061019,959.3388021234607
13.614026403123097,4.324403296524105,0.7090347538914974,292.908250198914
26.462225346210698,5.10197357794115,0.9448868646044785,600.731779858136
19.187506983931844,8.052550382279124,0.858133608118808,564.7766018211526
19.96275953727848,1.3746467447323873,0.9471019987611834,943.1573369221554
13.85718771878121,6.235618558275347,0.8949004346175347,537.4857967024498
3.5465983311804465,5.806527825139358,0.8380913552624095,62.38648519078264
14.937117017450033,0.12608452486094285,0.9392318461770549,926.7046689204515
17.946809333264337,4.388586268501731,0.798237740515782,543.6504136607965
18.3405309842732,9.052707899412923,0.7898388394556792,691.9248052292709
0.8207977831962185,9.685788989847675,0.719362926820914,261.81289602480285
21.763758749807668,8.97355325978816,0.765005371125669,539.4282139140272
27.439518193435024,1.377119366799638,0.7656742392242333,379.8761692010846
17.28956468138751,0.1466752989990127,0.7903476516871981,846.1955460242217
13.971030808689706,7.202950698802475,0.921838504179509,646.8064845636493
34.8164379203803,5.0150478593813475,0.7646759600831647,523.6653519362276
21.394574490323194,5.988384123908184,0.7641285177739416,935.9022083438662
5.415454718777045,7.611959515955147,0.7233789841027387,815.6971589384303
0.0,4.115643629853184,0.8181480755809228,176.07755410622752
29.669452750832576,4.133199942893745,0.8730440661089495,877.6620081532855
37.27234901719557,2.0447819964262055,0.9487084420998373,368.6351937109535
21.585026371019158,3.292504917729561,0.8678848510387553,875.4884326919822
22.643417070699044,1.7389949062031136,0.7689976422030609,131.71467975287882
8.174498410843576,3.050425247968228,0.942132192150146,316.969957307204
31.26958211229769,2.16417826299966,0.7820861838193973,108.60618676472534
13.923752446791886,4.789236694766026,0.7368764599809522,924.4529325828037
3.3009624385756666,6.347098083734613,0.8201266999725298,332.6646241499457
0.0,7.555358016596359,0.8637355333028655,170.88459456282874
6.30558342218056,5.330410257797912,0.9370408452577976,950.4690361782194
28.222169679456268,5.301157014653116,0.7649659439938072,615.5661817970679
39.53572315075588,4.404260022674676,0.8365371073428355,793.645077774302
19.192008753256633,8.27790554622019,0.8044636649654665,982.1648085265479
10.553979752174776,6.939770742271396,0.7741389630354203,210.06215451973404
8.978041069603544,3.967065157799893,0.8315091554379657,701.5350268453521
18.459392533434713,4.976825254692614,0.7333102677940124,854.1268358948081
38.960242822797476,0.13254704017409288,0.7870706902998043,747.1199207757974
37.45134640687428,0.87730862998989,0.921956557476584,217.39813905184124
34.59792262787039,2.603742642961002,0.8533996710948886,567.3749979683984
0.0,2.776156484120685,0.8813485005394152,673.5009628471571
0.0,5.442002367018036,0.8519926772542505,267.92723787751777
32.03056763271484,8.619012022704501,0.8409715464927311,329.4132048947893
37.24504073811635,4.264575303983676,0.9118799225798773,333.0820694627337
17.60581904721978,0.290385509264959,0.7050498843457434,316.0962201263444
21.001857614671373,6.46093993956534,0.8773119766338888,973.3612170205142
26.659592955657715,5.404941990947231,0.9039496389125283,250.7148426444138
36.318990763500764,8.894482683391425,0.7441622030795796,925.5218271210005
39.14600059751479,0.5770070360237394,0.8894268329910591,643.729106823075
0.0,3.327014923064586,0.9397790228264846,125.1999248762969
34.11345399797135,3.9794388409678194,0.8603536427861178,961.9963060348323
33.04725976817795,3.8355505575225157,0.8209946951681388,620.5855842882524
37.93604008881866,1.8429737984023125,0.9060988302997965,65.57491567791679
17.53275594114198,8.89659972234005,0.7508269510605494,117.59642608535938
17.075879110355828,8.573355894990483,0.7385339949341087,232.52038386872374
35.64652804077231,5.004177754193592,0.709764637236368,800.394850804754
32.35947227200475,9.95738593454718,0.7012796527877598,545.85093940856
14.810813868318224,7.476049985022838,0.7976721185217712,607.5842379458335
3.9940798342139447,5.313841185678605,0.8076948673475115,266.1040987900219
13.795949095620227,3.2257637856999066,0.7302215739326431,629.4382531237088
8.117796960297365,1.887069574130896,0.8649769258354705,90.18865118681134
24.371650269717886,5.114254134521635,0.8052170496656073,423.5853978659011
3.2071616948852326,8.465239230784821,0.7237418623139265,200.77779908534666
22.458441591585228,6.9427913171098385,0.8948140530972326,497.53741453704924
14.63089245930956,8.323395489600735,0.9489441446835114,578.9283644576029
17.850796743328786,1.535966960968272,0.8435998905038146,782.2701912026253
35.180163270181126,0.24085132408304274,0.8531413023257859,882.1893230950025
37.44097705911212,2.448036113865809,0.7369810083940942,693.5245321990494
5.932913357322982,7.642520036869812,0.7347090019192931,208.39009117139426
33.511072973986046,8.744326448629215,0.7585470907040369,984.6989384118632
21.395380406374507,4.556076773066107,0.7339772985393438,256.7705812615725
25.00807314683812,9.880184573166911,0.7101413388950033,530.6437877456801
35.45560368090502,0.6038593233991595,0.9007951295957943,336.9716588210427
0.0,8.08451850297117,0.8114264788685364,154.40460408670876
6.935370760006901,1.2054621759128283,0.9216198483630628,577.0946921141965
27.136677615264603,1.7134643945173575,0.7469231638184172,136.82408032356386
35.67552404678354,4.76765950443235,0.7112896906696664,213.30486739635032
19.09778924540093,0.3259950404929066,0.8260456834030179,363.5184131397751
17.151161021224578,4.142831278058368,0.8739319760790241,855.6770843622611
37.065798322302996,9.92569662772256,0.7236283229627599,439.6532812051696
2.337584611757582,4.455765404259367,0.868394616063038,338.0713374081554
27.89350041735766,8.998281105182373,0.8989286857501971,520.7047962365687
34.52391093134591,5.392723108681153,0.7669581146089037,236.08580557422277
25.833204061263707,7.890926993322484,0.7395699324736363,751.9537517158591
30.971614215799455,0.9481394166841614,0.7902899237624427,896.6722107309572
3.0141257595172157,2.6677987926498408,0.9090879368245262,389.05561214867083
36.585096336093805,6.418728545310456,0.9119465440501381,682.797713547309
0.0,9.761915469372465,0.7471230640194032,458.3357467227368
7.211410752862228,0.6637299063653955,0.9168616995837386,393.0698740852372
19.405571312639776,7.466405707356605,0.810444571829666,242.73676779860716
32.54343147502906,5.868459522682076,0.7986604636554054,484.44561601727537
11.357185769502305,0.012923303330700303,0.7486320339999977,871.482282223383
39.69215547036968,6.014546126758904,0.7887698951432187,876.5751537368853
18.16462357862003,2.364143238885331,0.7432833405624947,487.93147256789143
0.0,9.378523321830025,0.825492729556634,404.8443242967016
0.0,7.760169447248515,0.7537708481622942,680.8199998303812
11.151869338655121,4.215884205205552,0.8152483196595905,656.9600457215122
2.3845003411784234,5.1143522377227555,0.8549724982003951,416.41844108693016
14.548011102110777,9.508801128773003,0.8228655845910992,816.2615718676358
38.1359897018059,9.819428711734378,0.7248995032485676,887.5909272282295
20.507644937936995,7.840825143653024,0.8894274701148548,774.1825209698316
3.841861105384608,9.828398810704234,0.878460367128153,535.7504599053043
26.566214164326876,5.2499238725980915,0.7338016270049116,912.3168630880416
36.88987391748703,8.302202191173771,0.7325005788570269,445.30696059605924
34.101009910921455,2.087596417856536,0.8459100088388274,256.9006170662583
38.21487162922716,6.9983447827084095,0.7173208521150705,759.4059611034324
0.0,6.2882265520275515,0.7616447275753025,417.5358200628434
19.361488247756867,1.242462266167632,0.7523867627294233,844.5285595027434
0.0,7.708548171885631,0.8405195314780918,816.0379154106375
32.816735155861906,5.752592875389506,0.7010563107457958,616.3484641288551
0.0,0.9219723685143251,0.7278062727247724,488.7631869942188
30.85836596295402,0.7600489727102115,0.7070661864062795,577.1846352814068
0.0,9.528946980698986,0.8857334138085562,879.261635878349
24.78642926106926,8.97135526002985,0.8081674066705052,715.6699780176034
0.0,9.408628913980941,0.8501731007676835,870.9728632229982
24.2168628360789,0.516041703881294,0.9114940229080764,65.43316154136934
4.624704841528752,9.159164716812718,0.826233910582819,727.1016345135604
20.569724867914626,2.0044922740646833,0.7718812009577036,701.0251326480246
27.30808416316568,4.123070590094935,0.9402994839766863,935.3700243821669
9.129993811290188,1.9586466762903894,0.7562838072940609,644.1719319716357
23.78270467414034,1.2092031036091715,0.846317866560099,869.7214930262907
36.63336756286608,6.303214107356332,0.8626383896115333,460.5041796738193
15.248317873279637,3.5846718539164946,0.8589777005088639,641.495909649032
9.326482401967118,8.933748042077564,0.7060592331816103,388.6730242538627
15.572523428798798,0.7349671243859587,0.9079870759830054,895.0578153635715
4.778454718474159,5.7748720985930655,0.7624392519062464,926.705918878907
5.827674922286699,9.471448603347861,0.846683987023818,429.49394916314907
37.89214639607425,6.140662183459015,0.9124552704546405,191.82557292213485
10.994127041653165,2.718773432966913,0.7525001307433989,331.6717613491905
16.415999515772125,0.7955783588568424,0.8694605421389106,740.1820892452916
38.21623348043302,4.5199475904469715,0.716537597405973,469.0299645554376
26.98742121098176,7.771944683135765,0.7937202338013548,150.33335906184618
11.695679255537106,4.611885271966917,0.9034264787524301,905.4284259857398
1.3557108882852356,0.9162651027963559,0.7599533076333946,553.5825642253909
11.346224189270234,1.151417703083794,0.9106566141698155,371.72294727482563
8.01379460717253,2.927841616869566,0.856168018814524,754.0831333420058
39.9824590870327,8.807824129043343,0.7456956155314782,298.80893719166625
12.251225436725035,1.15358360187605,0.7811624490312635,317.9364560446335
36.86969689609548,3.250705630480111,0.8531769518036019,838.5811305066743
30.699345598516132,0.8832285734233025,0.8473550056896703,859.6537467093085
20.326250101715054,9.255831733189188,0.7563963458147644,566.3845568621441
11.838128426008042,7.294042961581208,0.7686457575414322,986.7192830320519
24.02950254237512,1.203461293898118,0.8182457230074772,862.275421671436
36.7047452485944,0.44186385631291475,0.8126762044818282,852.1766407252534
0.9441655278409908,5.370630459832006,0.9431572400883572,770.6068544960475
37.82402515687507,7.141984496870481,0.7940593990455984,818.822633193383
17.114126477551746,7.755986254647969,0.7482751878750961,474.74953407000453
0.19372553987503488,5.286964983909245,0.7621195663463789,140.23738310276536
18.892212828331836,7.338592228593408,0.7992228638433558,641.2596521168706
29.107498103242353,3.977242523876001,0.8806689274707001,568.6504455131601
21.98571346410797,0.7363261297325793,0.7270076334059447,842.6407678899714
11.123402012325233,2.0690166297987265,0.7031050738486457,945.676809732393
34.77167270531011,5.1268818612738185,0.8890120009023336,123.64717164870349
26.022216829173342,7.590550105519939,0.8617105198880606,827.634805853754
0.0,9.678272357389904,0.8547372665163634,728.1927082053639
12.851639215239866,9.02292815027104,0.7439726528646254,247.73169908843198
0.8324256681002901,1.0096206242358554,0.9184889874308639,441.69244877039733
35.971144607702826,6.612037675399648,0.8224313770972151,127.39438346403837
13.793896291189034,1.679390885190847,0.744138219671581,714.019157455738
32.97169839152985,0.9344970828980048,0.8806467836541222,434.47560312472723
23.54558281526762,6.357094318175913,0.8780309629914707,981.1242159630496
35.18465900282757,9.59167182738912,0.890504656119689,517.719194891424
36.002361541956425,2.2477074362576994,0.9323471070115368,258.0770031190947
15.896239340543397,2.776109294657733,0.77776625026172,131.35870107314844
36.56344571987228,3.387815224300543,0.8344551286756797,884.9122725611167
1.1778178504637125,8.593387272448506,0.8916979555085696,279.0642095124074
39.00142320362973,3.7694792145331144,0.9305619999943806,143.85935440438516
29.478628145251367,9.497011962906436,0.9400422649991824,89.34373484024024
6.41844503465069,2.1346001740739573,0.9371877812158835,233.5570539375554
39.02903399287523,2.4828737580489024,0.8768687019494453,136.24538910981437
19.510565128795108,6.932120368882881,0.8603488762643947,123.17702271801605
31.235188795959253,7.054183116652664,0.9275642331036237,49.668193189543004
31.569286609925243,6.099029538178912,0.7842374162204248,187.72005559053002
18.004920908329908,1.266890760145007,0.7211414895381911,118.58814500724125
0.0,7.511087541121228,0.7885964623365901,99.74871944396344
0.0,2.8822922106055,0.899654231920386,197.0101488977732
39.28339408023272,6.695314212851689,0.7981928083440154,645.3549827385414
28.698315733635276,9.10908797191839,0.7789041347468233,801.790519269075
22.682288640662584,9.879093500511258,0.9327286334317247,52.60743311162589
27.60752239953734,7.9142773478396125,0.8432228526863657,96.91039912402424
31.69166821345747,1.2385175289199886,0.87173599607398,501.079618361741
17.44625592464818,0.2883346107504477,0.9192015389257802,148.883587056782
35.7210576234766,6.861769603643167,0.7498048071096823,108.68084342410086
1.2052750326801298,4.629575298117638,0.8461436793451891,153.6925488251767
0.5284521523241823,9.651569805605119,0.8465757046003386,922.5029840588732
8.067131733960736,6.387705542640525,0.94612145181488,484.4048067624151
18.706127078023066,6.556445368246375,0.7616506395572986,640.5827204960178
37.769674592138145,7.584432949516453,0.7332238921869845,436.2047463303989
15.181516999472004,7.363433765280508,0.902177982565197,410.23117236741683
27.01881680495598,0.7026654014793223,0.8749816606946111,396.30906997180875
6.060477111936039,8.686861786124663,0.7678841235143776,285.25648612961425
15.895855904986107,7.538312115216107,0.9470613140761279,344.79337488199934
20.13766175524628,6.1621537242270605,0.9232869259024863,590.6366218815757
38.110300167853325,1.1150849902216737,0.7693283912726747,140.25153758235845
36.56174998608764,0.839937459857765,0.9167655729913239,806.4086243032046
0.0,1.3893311721218993,0.7114506884081858,641.3159693728288
20.46797315260003,7.6031243796765375,0.9087405483740454,915.7706437623087
29.45034989035117,3.1847571042523555,0.9382303893529559,290.69297643730647
29.677879011294408,4.035765638456291,0.8886964219602249,362.9216630356876
14.856763288459263,2.574691633753806,0.9422513093067014,279.9242787170711
13.897755489548056,3.002698233637815,0.9212585329531463,779.5815834423694
18.73604057670827,6.631559636451414,0.9469711164610739,639.6424124732331
3.0395923807403924,7.805692848769175,0.9050538448359706,379.23597911168275
12.751574152148835,3.169594274329497,0.7273902859684435,658.4662496455702
13.300456759017944,6.687982066734685,0.8807985733450842,606.6680202091482
10.477093685010868,1.551322891613413,0.7480692127174735,193.5865668206833
0.0,7.329865502016119,0.8989060558134159,995.8961696988877
34.352507861666915,5.889013994430531,0.7702150985135461,45.08317071599006
34.02536069476834,5.552036129570888,0.7418684465063324,540.996341832993
28.169947942081503,5.312681636859397,0.7437335907745246,526.5314105200439
31.655015583572546,7.881982640645876,0.7807574849523623,645.186478339147
4.876817597000738,2.542956280402128,0.8050154936603745,349.02624185817575
23.87388316908687,2.0134143485252958,0.7537967728426496,745.1292650818327
37.0245890734769,0.36678002078405375,0.8099275623514659,452.3894451844702
7.2298051547641995,2.351709408585879,0.9011860938466458,567.2515501258322
0.0,7.565736283703434,0.8240049160183321,81.52659326609502
1.8301496914582045,4.272836862448464,0.9352842413780221,537.4401990304923
0.0,6.2776515696216935,0.9476488845970341,957.7852057313052
5.038337799763072,2.1742913173380076,0.8118524050434723,953.9147444771245
0.0,5.315411306261969,0.754638424495938,863.0271476990328
0.0,5.9372275295897525,0.9287077099180843,239.30875093137092
14.538376647942043,0.6870725306396588,0.8692882168440482,422.96595070764954
20.383355795457827,7.0348680210180285,0.8700864835631432,670.1108434289474
11.781597686358518,1.6114899116442767,0.8495730385355665,319.68782721943666
31.829512083624973,3.499459511245755,0.8138374148026941,878.4908954232249
23.97256591359586,1.2518769755702557,0.760040178832678,186.3759958445847
5.818174554480731,6.018451174679916,0.7359194273349174,272.83049546004577
36.83025961023689,2.125433646006525,0.8544021373260098,921.4894116474572
17.801936952941563,4.224532780689208,0.716396649077982,852.2995258856021
30.67767235224398,6.797195005994641,0.8889269415135481,537.0200715694252
27.206423292243773,5.606139186442566,0.7963397577614808,786.0854367463561
37.076511445229364,4.813925190326722,0.7353854738373475,231.0165512824531
17.966281859466573,2.434542376965097,0.8652794765794165,910.5799119044422
2.5366133291266206,9.939255024262106,0.8258076461202636,404.69314329016703
39.57599938401506,0.5607660844987843,0.9467503640703309,763.4910650984788
12.688099394643753,8.996256804989507,0.916647359973457,48.009984819305416
26.17155468200935,0.2154732821652723,0.7222331167545504,718.1151672551184
35.44244904948081,6.293647069735306,0.7349382058526756,844.248587224798
39.42239409357676,8.788892044870433,0.9231794623361491,123.47892474992236
35.492254780522806,8.117756845472755,0.7641133514742291,216.66279344178687
32.27748478511056,4.070225026577566,0.9094438732392471,331.9394599480416
30.352299672164012,5.441617860341184,0.7710735635659933,126.27934619351461
11.065303226831102,5.911226493206793,0.7498213794660606,597.7596945977035
3.2717470577320915,4.258597473682115,0.9317962571887758,91.28690219223995
25.235102324236905,4.398802859157587,0.7211918817611331,953.7365381652219
29.895824927027295,2.200950001192967,0.9350783567959433,148.9603068959712
28.070642302426613,5.486808518665537,0.8587483165327005,298.834590168186
30.96274298991223,8.846812069974591,0.7605809737548651,911.3399708221677
0.0,8.380459664615138,0.8003389312951075,930.3508985859178
1.5964026456891778,5.126881495342275,0.7142096659097633,336.20050754380287
20.463749597641964,0.5766861600637994,0.9477303148557432,715.9613168098697
19.05589296723789,1.384563408591931,0.9083178884556902,396.41382049789223
39.38151266197647,3.3880147028172702,0.9373482412692852,748.660746531116
8.924619629697563,5.020034995945746,0.8217959909218449,478.3845181299353
36.20688453693853,2.8286321264542966,0.7695074848659171,236.9846799221253
30.542183759757382,7.586293266255862,0.9187466705076366,863.1599705297666
30.617250149321986,2.322481134251026,0.8927174144631789,188.59666751713542
4.982653950389726,7.143888465485933,0.7927019559073702,855.54937658914
27.98360795880872,3.0280582203269835,0.9154447947139474,118.88490103663545
0.0,4.119016587377457,0.8087893794178271,364.48981681811006
32.60654935431277,2.6877923514429787,0.7230083216590182,482.02320234882467
4.34846337359778,6.816703710375736,0.8321229771067548,456.5424659055321
12.24187405538933,2.9635545754084336,0.7519035557914387,882.9840377650455
0.0,9.070987114331418,0.9368473022207064,450.4568919306774
0.6738274245231088,6.02847815013923,0.7628729906783257,160.22684900776204
29.307497896226568,0.2726046473819605,0.7809923385660247,707.0673035659413
16.93789527295932,2.9951476838656186,0.8211991088998183,252.99133984636913
4.109226283528472,5.928573173670881,0.7501709238249147,218.746870635682
11.993066929812247,3.457651268778607,0.8652755073688649,266.1828328817594
36.167214813163945,1.5673800292096343,0.8571505345624783,110.28329670672616
34.64296111918528,1.963712994003494,0.7321658486428229,496.72671886996534
6.802532332376773,6.985514532684375,0.894905281697785,760.2676140111864
2.9031287444770104,2.7157086511036317,0.8987743465271488,350.5919979307364
35.6949982303556,4.142026138349363,0.8025879826744498,629.0474997965227
9.695041923446288,8.820466728405446,0.9435166761646635,547.3573664711516
22.868557000476972,8.66050832729835,0.8875201081464927,70.86954964280866
36.20586242796148,4.3349386333122535,0.7520034795015667,820.2220878093281
18.247997466242072,6.08832386136087,0.7584713266655352,213.7336647174978
2.258387778925966,4.589404209995724,0.8130618846091807,89.40564374395126
14.109239790732346,3.1703197010631703,0.8611778048721009,121.84736520175669
32.270428070441454,0.7892576624295835,0.9221020249643894,45.66256407946245
28.090636442738585,1.9435061031156244,0.7026104494471165,712.2240601715661
35.20228259823293,6.172449621464986,0.7573676108966628,408.9155099349388
23.577760219453523,6.482806236623608,0.8119712873884698,282.4050822829281
23.9071874071837,2.155065129876006,0.9300240072486268,908.9078993717192
26.32553702536178,0.8991853045967546,0.9285979831763708,469.9309884222901
16.197011503846753,3.857311606279438,0.848353887722754,227.2988224006359
20.25444031776074,1.4863514122746304,0.8711930775490075,592.945876191027
36.030947695671045,0.21432425348366882,0.8448588810824331,653.915214582118
27.098907354228206,2.4866657695470993,0.8760605490964692,543.3558959792795
26.671397615772026,9.047241491942644,0.9245078179666275,937.3064826990537
17.616531991545134,6.218796269270121,0.7859909289941738,229.23563094758083
23.35712686432224,0.836701457861521,0.9319312367139216,583.2725415786665
0.0,6.868926751808677,0.8694114216840716,274.1949215204426
21.008798641888223,1.3815292318233705,0.7266521176951428,136.53912257523717
25.176821665228758,0.7383588045964732,0.7051129036052846,101.67162293434234
31.149086031238355,8.039712181534266,0.7042646433767288,793.3855570851008
20.022303714961996,0.6663957439024888,0.8579381636441724,201.79940628526228
30.777788764200125,3.38813732648308,0.7104569848444331,473.4189221445763
5.829100083342388,4.908080745248136,0.8917953246262577,598.878957754612
15.441749492178523,8.568550574897344,0.7725065759184405,579.1971205527169
25.89135521212315,4.290640365161509,0.908957814039199,412.2483583946214
12.808124660332588,1.5662964098299512,0.8622158207090851,115.66496787615935
39.5117399325327,7.406166917460438,0.8600714940585171,561.6078886761785
16.32925724715059,6.097642959141638,0.7301892909581628,97.70913374624217
0.0,8.729994935210017,0.826031185092915,962.1559065349887
35.703756740258534,5.8802838950558005,0.8657427333727351,227.89687687861775
21.955268964180007,6.006859412933923,0.8631417436757258,498.801810161474
31.561548399566547,3.0302868165265906,0.8236018993474103,939.0254800655414
19.19831674873513,2.8273586571722222,0.8140494039466453,374.5046290045696
4.021495417072387,3.6385233242622568,0.9204523218132861,553.2634425406038
38.06933946520748,6.304768959868325,0.8064117300647559,308.4259775112592
26.744200931852824,1.9292378100837813,0.9184274168170371,275.35009013474047
9.328706328227895,5.804668281420285,0.73911805920828,788.9598423951695
18.571463577947608,4.392032134781468,0.9329314500591428,475.42299845481807
11.870179945354684,5.9300968381479215,0.9187195407190403,220.13919681870973
16.120053383067642,7.8867052320391995,0.9171704579569956,172.63854612116785
0.0,7.802239234576166,0.7870212134810255,290.00009581018406
27.861582932056535,6.98900159378483,0.8481903095418498,934.4567251419634
0.0,5.648154033813794,0.7681054544334939,224.9389439871112
13.907027879525893,7.706370225280092,0.7029565997310192,169.59249509501103
22.563148275976566,6.921531810686491,0.8536404793478902,782.6990381978964
18.038185070902863,0.044273951763882505,0.7499687637979552,668.3352967888956
36.927944145712694,0.7593221220789403,0.9163053775138583,238.60070691215094
21.962615558429178,1.5459520131973135,0.743781834010465,645.0962636975835
11.127995689828502,0.16793666592018272,0.926545035678808,470.07941341923816
0.0,7.959881011310008,0.8724003237490963,922.4600468152255
38.157580793571306,3.762472249287181,0.7053021658716361,423.0350363105622
0.0,0.7041949134831096,0.7586235371103245,458.7927112846786
15.743948136763647,7.843349943657281,0.9260472527863611,658.1033965486673
31.88713871324962,6.936711921415927,0.7561059731347167,556.2714257905558
37.14466138833825,2.07648447483016,0.8831817304434029,421.58404967823515
15.293265313268408,5.7707103760485685,0.8584782486806948,219.39751425610865
21.999406022136746,0.8898296734081863,0.7797415787173112,706.1880709943168
21.20662456677301,2.9776969852389015,0.8360876629232827,721.8579574314099
35.658729015255,8.0192702984714,0.9289253277831623,661.5310237949053
4.704732506339182,2.749847207945965,0.9231335070781869,344.82406008918997
24.47431588218802,6.965857654393089,0.783964856262656,65.32819324524155
0.0,7.435992788433381,0.8762981807837502,686.667971403999
23.71234602044038,9.419792977873804,0.7674370926097895,809.9848443038255
34.258873263297566,0.019981771837976253,0.7478099461660539,904.8244668268185
15.74483627143698,7.41501069874167,0.7336610462559402,567.7306038118925
4.483567716140088,8.620777158005552,0.7561283170259507,566.1093793357758
0.0,3.0952598521283647,0.8044145617773073,286.3051126500346
21.88470164909306,7.619943355054394,0.7153798234071522,506.7104362024147
6.069449623582454,4.800199338959143,0.7416074445337236,266.59926684020485
4.38096148797093,4.126947911376882,0.9488531422439721,815.93112185732
25.68622352942108,0.5251987020605241,0.9312633251156017,987.6439237563446
20.51633964053054,6.0719250651668695,0.9412052944172821,254.94125620348518
20.829869896472335,1.525251387019071,0.9243140510557306,279.18295406054557
28.377120540682654,5.6749497556445885,0.7307947650181079,310.1650652707646
8.352026448010974,1.873118827179185,0.8365190104199357,383.1343483838638
34.13612849531976,6.574821262751853,0.9327007111309072,419.07359097962575
37.730836471842466,5.908784268654935,0.7563285324725214,286.7599167323471
26.74883949785133,0.8374875675262896,0.9098661598817614,770.7746607213215
12.814291785385043,3.955191297595447,0.7014522615089219,875.3589678110034
24.395991373245455,0.18360113577045037,0.7267357222042945,508.0760950096555
29.359261401643792,9.412757899520727,0.9287798127633913,381.8807706980057
0.0,4.086258005048012,0.7477659538382004,448.6681297566958
19.550431951724732,3.834322353258794,0.8233895335031175,161.65355453816503
0.0,7.717873324710554,0.8137641266640642,398.0829246020012
13.439701143959807,0.33700792943446206,0.744714673030702,813.1403072514938
32.14926766693427,0.05006718971636419,0.7387112734308594,783.5586425994762
17.163892826140277,0.527569414100476,0.8649335808427605,999.1148223185663
18.71165076082885,1.9944019677991967,0.8340873528790146,571.0066480947954
15.673485938359386,7.990576558606593,0.7358893288879873,719.0340077459485
15.836969408332475,5.513117044970173,0.8698466053134754,312.1686964810954
13.682360368541943,2.983892958039525,0.7033807041510477,454.50651191638246
2.743479395060833,8.788919729793793,0.7209316995214248,801.0567726183025
12.693752948614915,8.599467006093,0.8386044348108472,712.2272478899018
7.738254562041558,9.856227373166854,0.7272222389248402,331.4884502306486
1.545253462853839,5.953420943545447,0.7079310511175276,518.2439548145411
26.885588140723097,0.30612791222346164,0.7613264808119287,514.1250319487951
0.0,0.24461534456012046,0.7865166903265293,357.90435856251645
13.781625726928592,6.574473202374157,0.8688865836035946,704.8788113851418
14.741747089746722,2.3921533387767298,0.784695845368425,319.7557966758479
10.213864526608297,1.421834118032008,0.8630808772582592,601.8476407704154
0.0,8.407688329334134,0.8966925368866755,501.1619691194207
3.31860362821905,7.090643506547481,0.835071628676409,910.2078905735202
6.954392417918932,2.82693850379682,0.9362140502462384,777.2403635046944
39.436329698336046,5.423141669937138,0.7438409040227711,938.42994295622
17.61744868171179,4.482797252398005,0.8148413919920247,925.7525169068724
5.476005233011452,0.37360834483925603,0.7293529779447476,679.1995687004738
8.566051134591978,5.734448057277544,0.7139186926311183,124.71933514851077
4.214641299980464,3.9813522108294768,0.8901488582556604,48.64674862369668
0.0,2.107204163393447,0.8418013266812264,915.7801937894277
32.12203501587048,3.6471272925246994,0.7506343692501489,83.87093988756459
11.57564616559448,1.1146128180181583,0.8435648451195418,813.3354794581536
0.0,4.598325179536465,0.9491409348708831,182.9798292148066
10.13092023292388,3.100664551780405,0.9290453434337215,306.44769836751715
0.0,6.212369619837325,0.9365322480300278,416.3337626111494
29.65832982675425,6.891454654229571,0.8526398971168844,654.9867921379838
34.01951902685567,0.07415311866666943,0.8707582208914342,479.5026957600321
34.753003190423115,1.4631278488479806,0.9251290474910656,503.7382275675493
1.510777158073716,6.442590553623089,0.8078783558784645,860.1343984404408
15.19379983751018,1.3514172139219338,0.7207960265608354,133.194896233081
37.33707104034061,8.616514358353022,0.9445944261918041,952.7750006246514
13.550090148252785,5.367511658037998,0.7966687258882563,857.3532942820037
11.027309573770632,0.7052251009935376,0.9472150790397817,927.4353100201819
15.617193643360782,6.793088138310364,0.7922799228055792,456.96982880514577
18.518449501686316,2.517603200938994,0.9459427281185755,693.6165395533066
6.129533243745338,7.59516526081949,0.7480607691096803,51.52802160077478
28.998378354645183,8.188773881339731,0.8125747628865594,569.2015912666782
34.23930085351546,3.5305957185306664,0.9212039358637487,782.7269647098353
10.53564580143986,2.52087578020097,0.8409441761595591,558.5524348467391
4.711509316518081,4.841690065075458,0.9181705790299548,726.3645006940274
0.0,0.6692992756428329,0.7811950376703825,569.5416590830185
10.458821823166378,2.2583562064930995,0.7578066741379244,101.44792810015818
0.0,8.749426395703694,0.8393418223185485,465.2353422661261
4.465889435684512,5.625806355817709,0.7792096688205928,97.01030109428238
8.07802947024069,7.281323334720065,0.9053818847835308,660.3726089541184
8.515713983118353,0.47044886912560907,0.9096954772407106,172.85805462680366
15.51562681660146,3.2329263677147546,0.7253913591511878,53.75300479139508
28.915752891956345,0.758536184381384,0.84663436642398,984.4904232519426
29.831899884658174,6.2657689524852795,0.8269099515286372,623.2511318431701
12.402815025890959,4.42660392745421,0.7898367806698898,896.4389285126307
31.4781658311807,6.8944147100307065,0.8673067874264482,818.0002047427769
0.0,9.078722515756516,0.907981876329148,674.7339287829487
16.41661468765691,8.317223592108173,0.7294188432162197,530.8681985588569
7.592403210492446,8.823812518278555,0.879870116700644,578.1302378608959
15.905209795282007,9.931246009550891,0.7095571303432017,716.8859667106751
19.040076730489137,0.1339275237608076,0.8031621967096831,811.7978580641313
17.079334247474733,7.798791106400341,0.9324127078471834,89.75074806810042
26.00149445832694,2.5657991023494224,0.7633980602228392,57.02813786529845
0.0,1.2317907200297404,0.7015366275463426,731.4534849164698
19.593005452123958,5.679094590185966,0.7123111556220918,818.376482764209
39.78732959272586,3.684259213015011,0.7575251646359029,124.02871092826484
31.07339822910331,6.8763405754258615,0.9459195771419917,370.12200643773843
22.985018838439718,3.7945189779435395,0.8911821166250937,964.2300070741376
33.99628794689143,9.922197660560045,0.8721721473776851,378.07240461630647
1.425820864292791,8.89398586296557,0.7544041988416419,829.8441736071443
20.857037669615323,8.97956313472262,0.7085679502691166,135.1230094095195
0.0,4.937856625641698,0.9356720503108842,685.083045139712
35.58862886193612,1.5501771196026108,0.7602029259805079,311.6454365827141
26.52861374279835,4.587836079926899,0.9112864028239134,615.7939257948092
9.98637696687773,4.989339901682165,0.886185927471542,694.9722266574507
18.959401767699156,1.3378291575103771,0.8931101525726654,45.52669874676809
28.17685301943594,9.300044993641068,0.7868746163295954,166.79054235374343
6.558483617868604,0.5463771739191072,0.7057321020335919,545.0504767030687
24.13926748577142,8.893422665380653,0.7386597143266737,691.2979395163376
14.17531939228343,1.2688035407774063,0.7890208022080955,416.03839735391875
28.390743365442546,8.189018633459693,0.8618919256578477,497.71129751577297
22.672215201726697,1.8011397018331834,0.9169957516832516,344.87311287962274
25.344149425359323,6.081798635132651,0.9204937617473221,526.2198464267984
0.0,3.131938329550408,0.8890549972776955,649.2851676414713
13.870334465950643,2.763617037905703,0.8128759652800792,643.599723202698
0.0,8.863469974066025,0.7128529881097836,103.00610488496304
23.279375185684373,9.98333798006048,0.918448709784168,242.1545225545134
24.02995540733685,5.903679344352059,0.7777362130409351,757.280637259248
38.63515293271268,9.61668339975023,0.7615025769223177,583.0144505234657
33.23320284925596,8.42852012725635,0.7524430915768363,285.1649448116193
0.48925511352517426,6.773067497156261,0.790126652416546,972.2387876460335
21.650559621886153,1.6741713533376374,0.7424264233805327,980.5690780063767
15.14501744906753,1.462005901460493,0.7237705863210826,286.27066939127786
3.587219176271649,8.920202200013089,0.7985277745963151,662.974608928889
39.1844081822677,4.535979420445879,0.9378002807273733,961.235859868419
8.74956022926109,3.7169654853706784,0.7080234881288376,328.9571872062009
0.0,7.438797856808105,0.7313459018402809,797.1781364198986
36.90874548659013,9.292507198447856,0.7126328553783958,887.5424598984949
36.815538537990996,0.2212164993630615,0.7191933249613185,108.0835621296568
15.789081002601053,9.517796746519698,0.8020286570719658,308.8384154934601
2.517494328784009,2.265648251578657,0.8558196082851263,66.40918962890687
18.40115827309949,7.245993161616109,0.804339080206295,345.2216106607391
12.897331858150865,7.590384827097146,0.8090182546098057,702.7857474665668
5.677794624902,3.3579429225184536,0.7179007015471428,370.1386372385204
10.767437079412096,6.1795532444884955,0.8408476990988913,502.1204011769876
5.316732456558492,2.1017474468640627,0.8033193871245949,673.6653059593211
0.0,5.136947855603622,0.8641801149112361,550.7475900646722
36.49225525976222,2.551823597194582,0.7816549759392262,458.74891534849866
6.451285249513652,4.771888806499185,0.9021181865413848,302.5761756863429
6.587614366269693,4.75186074919361,0.708004738055862,459.44028544470933
22.439230993274673,9.318509515132082,0.7328945247492158,325.54151462296426
16.702614507862606,4.2400309342464535,0.7831107011114344,558.38284100667
36.3751431465996,8.060220129178749,0.7009238839162433,681.9744107008719
11.993237228342803,6.131600543282842,0.9418503677684736,348.29056593999354
2.3402618892962814,4.23585165012523,0.742097260741922,887.4990382508441
1.6388262209684932,9.894992236496675,0.9035118987375947,917.9606493781753
33.290027268891784,3.8926116473173806,0.7672743572842718,966.826534151651
11.892092302018593,4.879262934576133,0.8741245662408956,198.46908263934463
39.400914991437205,6.5172207472500885,0.7599930540489073,473.17987785121943
34.176489260175025,4.825638520328913,0.7015635019027591,316.47369567389535
13.803820711609534,7.5659241098840235,0.7465122979442658,565.9785985090165
28.746338277123677,6.71277575951462,0.9056137539588114,214.76320405323062
31.011870681098262,5.1465803857974635,0.7216453231996969,909.2428910425664
26.28764106779261,3.594811475848501,0.8028547626835288,66.18081715037363
19.863923357660813,8.828436970688703,0.9152681923498194,677.6290130002401
0.0,5.174934692031356,0.7116258712733247,274.5133124552542
15.090204982323515,2.100377673412024,0.7041904291787761,451.95590804341055
28.613422576369242,1.379797342888545,0.9203640454041648,289.4721340722825
18.055672059389657,1.2553126325373551,0.9248776171324737,275.5945071936638
0.6879968976294994,0.6550507822784944,0.9427992238152593,101.61745378872709
31.336807239565324,3.0143474602485054,0.8078931448139989,633.7981942717828
30.944810580387788,5.800731519672737,0.8154258432621864,766.3983633615637
25.063555510464543,9.772704100555698,0.9459998460108632,279.26400579557264
5.2895395037120085,4.407806272208896,0.8355775597343466,47.95175522834828
34.709413088183794,4.455586850712406,0.9249978672343397,615.8013245243253
23.512144321813782,3.496509719410798,0.8293941422540321,390.94110569002817
0.0,5.492454511052365,0.7418572970163422,347.1852603352207
5.893480018554126,2.053930591143674,0.8217221077493374,781.7354357832307
10.765224973737467,1.1785706451785833,0.7765057471066308,737.8239636634572
37.67521398030525,3.1411023528279935,0.9250993453069354,759.0627598813738
24.672305488411567,0.8039866668870135,0.7436709562479749,307.0620903096083
11.608914599472621,2.070702300090343,0.878561982957782,607.8955920155073
34.25433737137802,1.4923760579337195,0.7801411653302779,401.98067794585313
10.562453042114376,4.079525785478936,0.7522289798912062,51.57420040835934
39.35487957690506,9.988619979620239,0.8006145229790782,847.5807049419479
6.79150132976309,3.3349541939822362,0.8554457356462869,699.5162626321562
27.949925519304376,4.379055129335518,0.7956509664233279,196.44432623904464
21.071393757878703,0.42837232629383787,0.8659554689852833,306.9939407101646
3.338036523394746,5.8737403472560885,0.7380118581826097,879.9838717201872
11.877239177190754,1.1528292929924224,0.8592721875827384,820.9990526450779
15.608347155678407,1.850077904580224,0.7706393030195899,813.8827350842967
2.6056315255345646,7.123797888225053,0.7821257598992041,770.3028464353526
29.62541793520528,8.632976529367802,0.8673419957639745,519.5818773427466
8.138536592891809,9.478069423994617,0.9451552535211689,214.0050015742977
39.01427308859838,0.9317303043475776,0.7295366558562946,62.481577807636626
0.7271644956292186,7.175548432236708,0.7391352162811262,830.1780985821385
20.53765924438566,0.3017274356700158,0.7491960811607185,135.8208762895012
33.45761300704117,9.004116841924194,0.7476645466641819,491.10337107728844
34.63455730334325,6.084264291624469,0.8031011659267544,688.0960485903503
14.749423911350817,9.75195248953897,0.8084492473017445,368.8029182956733
27.134698462915754,1.8486400721047602,0.7985098018472018,195.6104105457132
1.735565907348961,2.477413560249047,0.8105271345549865,379.513137004437
27.049470692569354,6.949474219785954,0.9181176947803924,225.22286790082487
0.0,2.7116060072580757,0.8914391042529516,705.3027472240632
21.71381471254062,4.674800093640791,0.9463991354224714,365.86619712099116
4.542818621286827,0.8483136852036351,0.8546549930042688,907.5216708729373
17.64071588309035,1.7478653219841294,0.8442531459946514,790.813346003298
26.024732176364274,4.510343073236364,0.7384532071538467,487.8743361349186
7.277691635518306,0.4381939745438331,0.7040310074549445,800.0129366930472
31.502705340784917,5.481700324435532,0.9478871545665666,158.39766321109155
0.0,7.384284224735458,0.7652924255489388,552.2407878202763
26.094110647985055,7.174632935912806,0.7006167050439993,574.1032331098843
24.94070050343121,4.937078717123048,0.7724148461943168,798.0455199340796
5.869657426005229,7.941611165712115,0.8204057055903292,581.3480284611695
28.734703577061655,6.030701338310508,0.9014540873126513,441.75616671193006
0.0,9.506874265487511,0.7548211353417025,176.2890754760163
6.295931375377074,7.526193287244314,0.8447342231244861,360.111166153785
0.0,8.2464768190037,0.775774841442068,912.7868259423406
34.34192531156617,5.9798857170699415,0.8255015493233265,383.56370429376904
37.04108402087561,6.383900735022589,0.7118420375309751,479.03540670068463
15.639436397974151,7.361345265396296,0.7313196111727597,336.5776295204767
5.546628336413132,4.552630915609365,0.7904262678662479,661.4719218986052
14.769145646746997,8.366550500522152,0.8541894248318472,222.3440488060112
32.11336122948369,6.007385107898639,0.8352788659134136,739.913753896121
13.446901298868218,5.676665385720474,0.8229375926282123,498.15672353488475
8.610629945453558,7.078211888833112,0.8415797375279965,586.9539208200881
18.599976460709687,5.371033993150778,0.7499667725552073,143.35408293502485
35.64298589483359,2.6333068559939017,0.7721668393914928,576.0027459896904
25.194173391697824,3.152369776701781,0.8331175409139423,860.9208804565618
5.85693655144978,8.132971669890287,0.7308860157366813,628.0745036288425
12.75515317603918,6.881228559008617,0.7744465700063354,519.7320288871763
22.40298513141807,0.5767459203446944,0.8193316736011643,574.4705044492489
38.64740758370651,1.166896512846183,0.8771035762707661,466.6047555360026
29.811538106707577,2.643182206798152,0.8332029590178676,165.55261907791035
5.994726019996258,0.07611858670260856,0.8628350405226082,597.0530657132426
1.8933166182503418,5.654327131691261,0.7230771882875595,164.63219549407455
39.99226496597689,6.092199909423842,0.8630386720464227,897.7031960583537
23.526168874972402,7.8810583907245855,0.8055775355624426,757.4189254008023
34.442846032665756,5.335125977183776,0.8763291760178185,190.48281878289953
20.332027340086604,0.9395026482600705,0.7001003628262907,711.5188778145
34.48553774197026,2.2395540330078005,0.8218806289587078,165.6797408411074
16.116533039596753,0.5519783551782877,0.9204127234137649,894.8258792986474
19.304438131651963,3.8000306792466443,0.7679833416588983,790.3616834799986
9.964281489051608,4.14611422644537,0.9111364159275886,627.6705170582024
19.416644939138976,4.02256526354798,0.7297898573602978,152.05604973623377
38.9552649125468,8.068216630114367,0.9191008199911734,347.6016895935585
15.469668878048214,2.645437714174009,0.7224998395759659,763.6593351096388
39.6313969370998,7.281545105995156,0.8114742687093699,395.30560554901876
19.03670169979582,1.6255795372212078,0.7256051651340748,582.5466954588292
26.414467065495057,0.8673550854683216,0.8251875549888577,375.5674053334874
15.545134072538202,5.280572586812479,0.7517625844644071,389.97639942663864
16.304275177595738,0.27813863568861874,0.941740118046565,446.92931913697925
3.9783676222947677,7.039984621870038,0.7629696357361657,706.2465991550623
21.01579159692419,7.787438340942879,0.8855110408391051,528.2216557629326
0.0,7.273335897449577,0.8131032483166923,203.97473927324373
7.5304316746484465,3.9596662461871643,0.90566759857416,330.9086858368994
0.0,0.7477618934471342,0.8740588972123692,108.98442962961468
13.77357156828771,5.474356336406127,0.7546493377426842,437.9237767770111
25.998105217254984,6.010368757369494,0.7824508405043469,765.2970979574847
4.799989008127233,9.042996304009426,0.7726157242700005,370.21936964388533
21.819607237814093,6.488126910230056,0.9231739574927186,169.10815060658192
12.62467083741611,2.086715133507768,0.9146352524035001,268.1709746351513
7.741940676650042,5.732726804447735,0.7083829498133409,258.7313909732309
4.166440983476169,9.693236287438697,0.751991216248453,634.0632481431186
33.26577623837927,6.9647689427275425,0.7659821422895985,711.8752856455129
30.444602620174386,0.458154786187288,0.9257701532775462,821.9139185707637
0.0,5.8629486754891085,0.7613041753245504,570.789216749862
18.79403365850338,7.036450708067245,0.8897897167580068,349.5245592931923
28.041586740367464,8.485366755605565,0.8024287336789048,126.74887714970691
5.109685577619786,4.427989864946673,0.8853280990514563,233.21868180811043
27.456477977574192,9.998395501721152,0.8065624191385897,589.7218423408681
31.36164492541357,8.23227792964163,0.7392975030611936,354.939740903209
0.0,7.0535386735299985,0.7830100073261255,833.4630080795417
14.815484293171359,6.998820655907192,0.9192002683773859,959.7455097948764
37.814230510516936,0.15583358980267134,0.7893748078275852,895.8788201790309
35.52518509552037,4.821585294919919,0.7909620972584029,813.0835501727026
23.49389547510408,6.8692005918665044,0.9079493880878683,295.323224559846
8.441144391701465,6.4838548509620395,0.9318185810515384,414.2606401474457
33.89476136257661,9.973413234386282,0.7866283862599484,196.1644916519472
0.0,2.6320195616413615,0.7973085178477279,997.0511493113444
32.3955124775893,4.5871904856550065,0.8733365730751793,519.9843894905584
0.0,6.5995146507719475,0.802581858595872,129.39261707303743
21.85065412220357,3.698487908992086,0.8736801505949467,449.96568338444774
39.90698684161656,4.735357580915274,0.8191492727578545,524.586929938327
28.263194271357484,8.399117971882688,0.8880252350714781,846.5544148872244
33.892608479183735,1.801916953675768,0.8603216191316879,480.5752712259778
19.48127744914399,6.4620404277822034,0.8787736871127056,889.1448674866879
33.459057500468546,9.039841296601784,0.7785511054960331,360.71437563666575
23.33521704535353,4.941858615894281,0.8365549877891493,554.9924702392902
11.389322749451354,3.7693132440877717,0.762957615830675,400.04224909970696
12.512700401940169,6.674901224817022,0.8060356357930164,555.5083401330296
5.089252093391614,3.416332561739073,0.7604282670903962,193.41446811239945
39.88980524173345,0.39736844334515076,0.814183282048894,783.4151011950831
30.903935652892077,5.061925853436879,0.7553102406249544,389.61829612180543
39.37054037116768,2.893617790451409,0.8295023279226424,911.5247445184057
38.44318601072555,6.914099754955351,0.7322127765351711,980.9472286487506
34.58162843603547,5.019120818245606,0.7433879451411973,671.8207278695462
3.009890199083387,6.871552841665464,0.8027483440653354,630.2966539223644
7.459384385548149,3.9143917380866164,0.8843566455141192,585.8391766311715
13.163627384096444,7.9793521279240425,0.8500172396242418,122.51338820592224
19.90647719623287,3.8415675611743274,0.7336812363732705,826.7950611911169
7.665762919362306,0.29726914460288045,0.7298798980209833,521.4239506799918
10.93550734189516,4.108935566072606,0.8000084190712987,378.9710892962918
1.017102341059264,8.893888565405897,0.9293661617735329,930.9524315492072
1.872516362142284,6.464408381499969,0.784643261089238,542.0495788641999
15.433543366756513,7.8988179137480135,0.9029974569646687,252.33992474217845
26.67896432764535,1.2566640970209324,0.7785995960453831,838.6242815573157
0.0,3.7173922766552914,0.7653501709029774,301.9301107570144
28.740823159007146,2.4958215244857396,0.7346558453306726,298.11443145437454
0.0,9.591784441784979,0.7360680922354059,228.1649955950969
22.00276830216444,6.746743856877212,0.7906054155601825,182.27271530302374
4.651529721505757,7.74329766548631,0.9473051872825383,491.50458160066546
15.385377280467122,2.1023392049493412,0.9424640353457373,981.1356200062825
31.365364582444943,2.1306232886523127,0.841865668457677,868.9669285169646
4.730579393535101,9.481100409848889,0.744370840762401,750.780272771219
31.153073718486652,9.180014522750797,0.7386358435838852,833.7705411481143
21.96026307709574,7.884271671749621,0.8559484491504545,750.5522002051794
21.955481729788524,6.9252677685630495,0.9229756832465003,118.87170002047974
24.157237230003364,4.219055596021196,0.8885994447713774,388.3641728414636
22.121932028643663,8.176808368721323,0.8330462990994751,70.8138738458305
39.187290953128425,1.2088095264172738,0.7393338770535807,374.1552148171148
1.8284682055720942,0.6595137820305996,0.9222022719967367,955.6097641682451
37.45745418120673,8.871590226893803,0.8730665983124459,914.235042871038
1.6656304879307349,5.757826420024089,0.8434515172993489,68.49212446094216
6.250569084324039,8.980193002410727,0.7908736655336215,813.8050361324791
28.090294912181314,6.780750450772371,0.8572479787721031,558.485323315694
0.0,8.339274860363671,0.7605557201736655,266.2199000803964
35.20996778301126,0.9703886969045299,0.8496058278249619,134.12111213593687
29.62839487802886,2.068772555462862,0.8889736207591201,386.54393582510795
0.0,3.692512354284047,0.7919327284737308,724.1947687592694
11.1834638707343,8.97277997431098,0.7715211469425634,509.380744437187
37.014674039401896,3.5101718615404036,0.8677807402203226,437.2224953843367
23.97639106614736,8.862896048312972,0.8679207240912674,806.5762538345758
27.926055424819737,9.213763400537621,0.8916991575472425,537.117457512406
0.0,6.341915116423521,0.7183200843228239,835.3552209764304
2.4204392090843516,3.562125130524403,0.803683366173536,165.37324993697806
39.38183390426775,3.78413551321876,0.7227933880061582,440.41947294184615
21.175152266734266,7.542433189923444,0.8255796807765973,780.6202199334588
35.017421730525164,6.48308685221921,0.9408938126992296,455.4212952176682
20.661435914372547,2.6191536488465554,0.9139175380889399,705.5086994476198
38.21737816475574,0.7680987847926417,0.9076201191638259,550.3736841463642
6.764142501697267,5.859088704011692,0.848455553586799,85.0288084793404
6.4977961706054135,2.098832252228447,0.8506114424082507,394.3188462654472
25.445527612738363,8.405641904141339,0.8449046462624361,270.16257194833327
1.8130902794842234,2.838763248027354,0.7571329594081837,499.23778174381164
24.47774572271439,6.363809832652642,0.7915610456409481,248.02973521492896
20.23395460317795,1.3000580984398065,0.8619521192255967,565.8694441113106
10.62770995793568,0.5514310472788931,0.9194336915790714,397.0795470595818
30.670964823560098,4.72285936206535,0.9479131165749409,660.9348746519801
13.625514663804294,1.4235179045537507,0.7691798379998426,628.9460853858627
14.662091611254564,1.7118303451744004,0.7539525210991261,109.85200124107045
18.135274806886905,5.266973165640175,0.9207464323634504,782.868644594762
15.775922093520517,9.801705719314525,0.7414885492534351,626.541000236341
0.0,2.4946243333896123,0.7694511384115236,225.3330643934786
26.926766501869643,7.095421774066364,0.8946106939934024,326.1135906060714
15.788274754489118,8.586702282802607,0.7624273644454816,361.59379407526586
0.16224292223953632,6.979059915972345,0.703226004022092,51.03677984917269
30.338041037944418,4.45445744778065,0.7533058741027748,759.932946267916
32.09713114129796,0.5219357697037954,0.7377485975845409,332.37209574556357
29.099906421340847,3.7101588624715247,0.8185694489501102,302.60060422427364
11.084169231679141,7.342335316763823,0.8820530955683871,810.7628854770322
33.35200003182217,1.0835656851205109,0.9469443946746137,483.148042901426
4.009686504822933,0.7317317985281809,0.8463318147703083,930.6991073053898
24.820298173630462,1.377016325361405,0.7430784184923852,210.45136645807602
26.46301066338703,1.8391777937689062,0.9437895582436706,605.2654304937095
19.829789907461837,1.8550047968930283,0.9315475742507744,109.18080606378183
36.542678103800434,4.7989129847328975,0.8506883874924803,904.6702341504493
21.896384624293727,4.790160831650836,0.7259015830482007,997.9406266534418
9.886936241208993,8.419251119719501,0.8766641370133251,226.02281732858503
12.731616560312501,7.111675097999025,0.8005158553867797,587.6214118847796
2.8618964730872074,0.3591126187870138,0.8733818565619929,513.2967496882827
26.774789167486723,5.544274225371616,0.9028773165210867,904.3095571630388
39.2076568934881,8.52174916649295,0.8529314324621305,872.5461142094006
14.062200864178726,1.3998760877317247,0.8444588620730955,710.9813434353359
25.75218541994511,8.196814291419743,0.9101703425763047,641.2325289353313
28.05162376104608,7.840441801084732,0.7129407357066507,492.5963494074935
8.14605524753701,8.040518639288019,0.8943124013546564,47.65674193744392
33.68767403756806,6.711276609489121,0.9467232399971308,584.0643497561001
24.373020665586896,6.717002080859205,0.73631796147528,944.0714168089615
8.57192767315334,3.921472322763833,0.7174082031278761,57.06459768317217
0.0,0.8714980952193957,0.8602547921580123,876.8196346772327
3.5272659408686358,2.080663138504254,0.7183491588864928,152.76218670380575
18.067716356332152,2.462552466041277,0.7036349656099745,235.99392499830475
33.4600888335818,1.1316389521540824,0.8011981847119265,896.0044534049678
5.506745807253957,7.487927676989122,0.8256373654413703,65.80246188607568
29.16443314000785,9.02197313127938,0.7191774551159203,46.79748237616845
19.44881193377826,1.3542575960055676,0.8904172933580415,223.66071541563937
18.55549541778314,3.131653412871509,0.7557887706205667,575.8642857006039
7.33566369922219,1.3230259469077001,0.8472581722232712,716.1846638209031
36.50535795551822,9.07922262226879,0.8597758004696865,517.8649205833058
0.0,7.44764757939157,0.8669352737875897,591.9830974336957
30.94874411418587,7.684515086717725,0.7632684061847657,139.67150528488915
2.597938464192956,4.167812642537792,0.731509178790732,753.7579913654988
21.029329618503077,4.742998996822773,0.9058797326365775,354.131096192235
4.41740925173645,4.7515708002223915,0.7418499563758791,683.0935670820415
38.92690041228108,0.5258796927656881,0.8418432915334619,426.7182621891608
7.896829594483765,9.77669579979276,0.8554205421651015,630.8077441802114
30.869108058507308,3.4297128005669175,0.8897586257318763,40.820486440491024
39.510315242529835,1.2253801011496244,0.7983041022873412,373.6812099746177
11.93747927180163,5.692548687355876,0.8744375156804818,153.70093861203745
11.565694419380604,3.6194247457508366,0.706337666192521,987.4767947353466
7.323437509638358,4.117875085180983,0.8932739179456447,529.9258907962669
34.448523191689894,2.2038588145339477,0.7734989684741449,657.4344233082486
0.0,5.0005283865841825,0.886526506315715,445.76943576760084
15.581799500944713,6.0272077801596895,0.7230087443256477,471.7175768189937
11.778805894773614,1.0382166506849828,0.8338006936436945,117.28169370264342
12.453251698546005,5.388869776183725,0.8426190990326272,504.31029952464405
8.40055474486297,9.263165631580376,0.7692680738134732,680.1040848388757
28.9042007468055,2.8091469575203623,0.8449503328274386,905.0572494825077
21.83932578538637,8.020960829281403,0.7149561566160426,274.3185000698553
26.296199739784768,8.394092673540847,0.8474359811163972,886.0188222166746
21.106139791352856,7.881814232256394,0.7809931404122099,551.6190593199248
8.131160818245757,0.29136131928316655,0.8648082145891127,540.4142056658562
0.0,8.216477442069877,0.8488120438859416,736.389215973875
33.09811725686104,4.714746790945625,0.8469175055365491,754.9985570471677
20.46093542610791,5.873140570373537,0.9441442163565442,297.6907874094668
3.7635372195089665,7.199832702045601,0.937779749302516,404.9071026312454
8.290540940351947,6.428511426366339,0.8824586110631141,903.0416794720813
8.830525489356907,1.0461623136116345,0.7377868740742115,55.47832317612489
21.098920012652723,8.968558746790567,0.9098966498374199,180.17838704013656
10.19759962463225,6.994674892351628,0.8480031761644535,956.8807821278451
34.84983701236192,1.593751846279381,0.756646705860639,294.2578969518702
36.76139919754995,1.5006867631670455,0.7980523480457579,510.7770639500776
16.70713540413565,6.3667763378456375,0.729342116319204,583.7532061075993
4.998444237436897,1.2624434220876235,0.8260609457193593,339.5242580710332
7.094333559471177,9.463983035761162,0.7176010795479201,211.94435296301634
10.267335782572333,0.06740510789909016,0.8919634830905689,238.1549542189635
21.97399507535664,6.765506019852652,0.7972034144039533,148.8930680722619
12.122827172307971,9.399652817342126,0.7710201542124726,523.310596507706
23.8786345943126,7.5118100887126715,0.7156256680230948,536.8572588781014
16.34556056303677,4.2021716526322646,0.9347296283356993,399.8920367443927
16.140680506901692,6.164323605154237,0.781139370609025,79.00273250734318
0.0,0.16236201029641883,0.7122046467897422,636.6649927779965
6.342970724189923,3.3307415293688263,0.817700218783769,530.4266006368782
24.5738792273609,1.8435199444500205,0.9252234303261389,148.75751739004602
21.438083777388705,5.949820943105993,0.8785869845506078,279.591643436144
21.82109379433392,1.9673047406962747,0.8221496737192544,656.6080380718347
15.938388335881562,5.800982661390366,0.7151507256530281,386.89089640873834
5.5098939157865665,4.082923642813354,0.8374661929970931,684.6433383452368
22.634977566500456,6.845132879812598,0.7192606016127931,738.5079441981895
25.008009318516113,4.895016326138859,0.7059527099644503,853.3330566982277
22.638452862016834,1.7820765498122675,0.8873091580921378,829.7072097804041
36.99610330781037,6.876068465685243,0.817777805848384,901.8592165663563
6.819733205518043,3.604391837270062,0.9438332864283212,372.7859394560619
3.3802592492865493,2.4596610269090324,0.8764527905518074,554.4712508120962
19.838471095516574,5.270159056057948,0.9427277961910101,77.33175271623999
25.852273005094883,5.170149079056754,0.7530091742390681,123.32638237929146
17.696220088177135,9.749039034627442,0.8807587071669261,45.24653851272017
37.06850705179164,9.278052047394171,0.9090473701048167,477.3474706201261
20.11370371983504,5.13836673128084,0.9237921117478364,330.6203162283773
8.86193710515619,0.31876537498213514,0.9159096473433379,352.8104120529153
38.343694733885535,5.550274308752836,0.8116171029406474,452.1425761682948
27.823128002425694,5.511075017873385,0.921153190631653,569.2671607857286
33.256279318803124,4.775018446865686,0.8683260568532711,126.30980354504239
33.72940746973791,2.9046230905888963,0.7983517348707683,499.5758180913946
12.362049503130892,4.808376998410187,0.7845968381105579,659.0700647630165
27.963513876625708,2.8799073565632276,0.8729283959782205,749.285022005262
6.594372126518292,4.736088227569316,0.8520357734143563,333.2279806110049
6.950463263047624,9.472976898166735,0.8728792536435006,524.8684897251194
5.639472478865819,2.4482737096320726,0.8026253894268656,545.9802448913446
6.130031201211011,5.639460990509291,0.8495099140107092,740.1386921044085
1.799635594186029,1.8407263730373156,0.8065209403296681,922.7118578042073
37.57722503742764,3.455559711682752,0.8485901055007985,694.8085703787274
17.980354493998217,8.388779142458803,0.9265357800023573,355.52359982544806
29.820349773064244,2.240079687310077,0.9203050418981016,617.7751793840808
0.9174635019384746,0.579612617592792,0.937816132073751,634.499327484239
4.993138913645065,5.591623167731849,0.7836009222582141,146.3462020817357
0.0,9.117758434932306,0.7482836772748123,206.62867934292305
6.434006333921415,0.18309890004697735,0.7464713840820378,868.0371209773822
12.97562933250387,5.109544879162799,0.760497501377057,118.37202335543878
8.860832802288199,7.435510161248815,0.7074253804967227,253.85556144751212
0.0,1.9877499529344704,0.8628869451009552,322.8821125525793
26.868666655342416,1.6409204389814693,0.7432867775526569,712.808063675367
10.522463333822108,4.844640557003749,0.8166833365865597,389.4054255443686
5.5126543854031,0.5068617225859801,0.7600322667580881,431.95649533260803
4.016739523379666,1.0861899327982936,0.9304425098137328,640.6320365834183
32.542135426445654,2.451205784657856,0.7734131709430726,905.9977865935348
33.002856280971024,2.827843655053366,0.8051999040989615,89.74687270695665
16.347540350579965,9.605197179198296,0.8005256665022351,366.874127696422
11.663487409299334,7.480474971204238,0.887969921637571,297.88447803017226
4.721315555139882,4.864022324942951,0.9292530513898907,371.1466417028545
24.896480329956923,3.5469994446459614,0.8527706902910545,299.8210750663336
13.87938499982874,6.776189303949306,0.8470088632780357,262.27709414505534
7.553904393532927,5.471043689318545,0.731546982776731,806.2119556657487
2.636248078687858,6.924006784492977,0.7434033769910922,720.36710934737
34.16843718955804,1.2286202870564875,0.9234313129443672,159.41995974377215
38.24161498129527,7.80674219577511,0.814538740943997,885.7015214466903
23.068413078150517,9.397832748211632,0.8879452406499528,644.5808794739622
28.12165911922056,7.438823760297766,0.8472559597873925,855.6685141382056
34.140457449024716,7.891304536938923,0.7838241582360125,188.03913674892047
25.911027270482375,4.807454469343216,0.8913497993358305,120.84918266706961
8.064556683043659,9.056349658517002,0.7875075377514014,511.06593389884114
30.57409401701304,7.709374857728159,0.8740402114212715,779.2242243522879
38.41422094770318,4.972382660615014,0.8821193908377651,80.06770729520721
23.010788859987404,6.5026325678843815,0.7036967923203367,536.1696377398099
26.165121791463314,8.616454946659372,0.9257878326438966,127.27002929522254
0.9107194876405403,8.944345538742747,0.9186386315598194,194.1623321327218
36.309650761710316,8.687845112838403,0.7494824159970178,977.778589600057
30.16356517442328,3.190070651425519,0.7889343391018173,305.5287424723592
28.88808655294517,3.9448093926892738,0.7700242866560322,596.1848898051333
18.650854530487326,2.9687457354832287,0.9355447960883924,43.90980067562719
34.994112701598475,0.5437170671861968,0.9407421101743674,704.3229449313579
37.290819170430055,3.939772317942271,0.9116687916559759,599.9510431645737
16.88884122783505,0.5024108908414975,0.8217030670129178,400.8223132558161
21.639258944416085,2.514786511395689,0.9497649264966608,666.723047634812
28.58346013802731,5.758045786687761,0.8172935774129255,327.5885859518461
34.653435388486535,6.778870506285074,0.9169518893969065,178.76776580870524
23.501480773024742,8.969827630407988,0.826840183604877,130.9859666366701
0.0,6.743872698432604,0.9421341654176498,173.25244940855873
16.58488124147721,3.060281459760136,0.746561672897746,697.9536642915234
31.3136469177899,1.5527110144824228,0.7175072194586396,763.2208651661849
25.473362480290316,8.552837281942558,0.729572005526195,371.88009116889094
2.5303939309506065,1.7174323925492294,0.8250414397406844,241.31014368561725
39.817659227358256,8.369415154083939,0.7724995105215999,869.3799973617537
30.384376120259734,8.614675412540144,0.8069528338228275,461.64630030471204
38.621331786939244,6.443077386755769,0.7536938236287831,298.665416955917
0.0,1.072064506372856,0.8293380593906677,425.83718249623576
5.2821322092097125,0.9354781153180456,0.8578022207543723,567.7307475931696
0.0,0.8517427458800163,0.9426323038636168,275.43923647724563
19.43877397426629,3.6082830205600556,0.7409298544526695,840.3134747077121
0.0,6.88993203151005,0.8614218771903557,848.5178399135553
29.852449021656476,2.3182753193972707,0.862494710390667,620.4643637795122
17.311998454789258,5.124192470710596,0.7029315595617807,918.2360956492154
6.466018628882245,6.295865839221472,0.9041041695200043,945.9653573364462
0.0,9.073367373548654,0.7090581366096091,310.2564402472882
0.685703734618184,9.624142948437433,0.9216569205637339,192.75208816036437
7.736631557239664,1.8713290462933858,0.9336805709527549,399.99365645904305
9.932675144348579,2.4094952162417473,0.8684004163066167,602.9542144593485
37.7504826142489,8.364821540701216,0.9161929911964393,533.3900548934898
7.943561737190031,1.3223239919701224,0.8425137104229755,599.8821056347302
3.1504483467258426,1.2247643923057452,0.7133878290977682,108.57308810532967
14.433318210085213,8.620792983198639,0.9402366044812828,57.82762224342527
29.382249508347417,0.6720130905408875,0.7380699463623621,58.87242035976065
6.851349507623091,1.5775958149773,0.9257484568203842,579.347699668949
23.36787610489592,7.481651915447236,0.754034887340956,782.6250499856526
13.76516159661335,1.6643098035701718,0.7097007715056896,186.75287048907745
38.173508975140784,7.237279793363808,0.910912519711096,248.23483350273787
10.12660689528959,4.291938226247227,0.8717868676476155,722.3999186650482
0.0,6.883248487172779,0.8658862485115203,740.7320932916139
28.49227280750864,1.1560439841676613,0.7622442408364601,118.50574261453986
35.17997998393998,8.739207539492932,0.8435343357176518,742.2454332884935
0.0,3.4086285635711278,0.7384050284825705,434.6787987729831
38.68610442628893,4.692978734978015,0.8235949571321093,904.0302957055085
1.4114729057248645,3.685450615308219,0.7640019356778045,952.6871466711128
14.314121238265011,6.393520561818041,0.9205177041905547,888.5543916273627
0.9275121664953929,4.648503115375981,0.788191834308526,653.0680587203167
0.0,8.950446974297106,0.7928561756255055,713.9717913113013
1.21465224911109,8.89605187181103,0.8698898577527716,503.3917118125306
5.494935112217164,8.94863957211058,0.7497756049654611,999.8426500041661
0.0,7.243328400847355,0.837062954836674,658.8822085200694
36.408183652470925,8.704910018733722,0.7547067620975106,747.7977149185938
0.0,7.773548398226,0.8086427806885559,661.316828161717
39.30244410429618,3.616223449749433,0.79302508245746,824.7297318143957
2.0740174682487558,0.31484752252386944,0.7375729697821193,384.0044273927702
25.69825890642556,0.4817622865401266,0.8569538867265826,676.7503336633572
9.827440094241558,5.603175555574096,0.8359055533132198,263.9631192276284
0.4457567998001433,8.86433749183523,0.7384091402756309,966.345111945534
27.584134962147026,5.320919934438301,0.8077740120414204,183.76104536223107
33.95917359262565,5.148947795793759,0.7871893278240005,998.5925905669674
33.917974234920806,8.73058268559018,0.9081784011191834,881.862650484913
0.0,4.5574323070400204,0.9396734220197467,925.5726866413531
39.06480306048446,0.5486900540541948,0.7640289475386011,103.19186227049777
13.730728277229717,4.289111071909086,0.8184176137886099,505.59010377433543
32.094688993362496,9.407304894268638,0.7174120417399584,197.8843923035173
33.30947444722212,5.383286239040737,0.8451625353238795,110.47989933661071
23.79387712519694,2.7003974272908464,0.7908296426315329,415.5364975217308
13.019656769335917,5.576422074242877,0.8830058004232462,610.7252697268367
29.45611497606969,7.698492784113191,0.7390323584795249,989.3109494429714
12.46310422948243,4.853641282652909,0.8655046694919736,918.3474307092982
9.28273416718935,5.423789374728892,0.7458014826917421,300.52123316165154
3.232564466625109,5.108886078519885,0.9029030038204258,981.03982566328
22.11928672718786,1.573081679704698,0.9102390262394939,546.2583198697055
0.0,0.5413670344969566,0.8466389096876638,77.31887170149001
12.518639820723559,3.5030451443494917,0.8292338228968491,433.5181295049251
9.665013554800309,9.175022483768148,0.8659109634730301,92.95751004031584
11.24037584972762,2.6069624741879447,0.8606045568302473,518.7587909149383
29.778830310493667,4.26136763129339,0.9077652390686551,939.7491256668011
15.661629983421609,0.7328853701782445,0.8469302691100438,927.2437478870111
28.408195165636716,1.0975103693423394,0.9368088753447334,651.201254371687
28.764831438324155,0.5423700525506621,0.8211437256191442,866.6433108375991
0.0,8.23545718773855,0.8900702837390462,725.4994226029226
29.140645525361297,3.7139399994411897,0.7921806136742037,751.5794608086992
23.118135652340683,5.882692601373824,0.798909573741684,475.1037017225368
14.776397962356457,0.6347216032130693,0.9197792144997139,733.6089435613542
13.676434910193539,5.81520155273567,0.8496012762000296,198.99762290264766
35.863151196431694,0.5676627567486539,0.7800198658970858,696.1899042967975
38.18908051458624,4.280105809940177,0.915683683545469,358.6443969653019
6.447863532904585,6.746735253922385,0.712153302777179,558.2551916270784
8.032185093418798,1.4393805335738799,0.8354489727764816,984.1885782378224
2.5903175412807165,1.652558053927706,0.8503840928090369,731.0833166546511
27.878936042370256,0.6278232282471332,0.8138088587937266,962.3563404177467
25.610005979230607,6.083452245895433,0.764848372822845,455.53101769877344
39.34098075755765,4.120639308836541,0.8396896828705123,794.6509236835933
16.998222901675256,1.0417106784731531,0.7762983875159031,233.2802767925713
1.479689217375815,2.5370466869620643,0.9465526122998109,732.6029604135862
30.597575963715702,2.1520385764871803,0.8507995487961568,835.6760135121812
6.431104670532634,7.1278378868890755,0.8511163507197917,606.8585444776721
13.30954455127946,2.7975325333199557,0.7505608003882411,434.5920803364033
21.634029338868476,2.5467316533203865,0.8356981140693098,419.6491401551405
16.463271941475426,5.085133688126244,0.8820113443743026,824.2863905108836
29.394815962115146,0.7513769539124666,0.9362318678164199,134.7352932857855
17.47436471966558,5.890731544983166,0.7163314870453572,374.7149896519188
22.806514239761057,3.838658604251048,0.7230409207746051,484.9996087264679
0.0,6.165547033329588,0.7001142167009591,730.6998793473335
24.94886645330088,6.865750089290615,0.7831711298725872,347.4980846992138
27.11223129074307,6.019734665973975,0.8026591473068035,959.1474590350496
16.27322124704399,9.884523148343977,0.7852789082381528,294.18737836481574
3.6582731672919993,2.4007187243330037,0.9120679024893397,436.455738591051
34.63377421048254,5.904224661662093,0.9477031576486388,176.33938175826916
38.22719748564217,5.432331474386236,0.8955133522618239,437.71840873668106
16.677844544255287,7.96551115263938,0.7558124609823498,299.1113962321502
31.522549911199768,0.1247614131370434,0.8794266315772437,973.0650670129083
22.68809287818377,4.115180148530839,0.9329224051240912,755.437944664753
14.123830422832125,5.083469510309863,0.8997042791252869,543.7514496332245
0.0,4.424099024447709,0.794578694576293,629.6037293243063
5.128613089467957,7.138313423955535,0.820026716836599,617.1770191793942
6.693665272276137,5.27983271846395,0.8146574274883301,857.9429286629706
18.880411765104004,4.474324522675533,0.7020110847584395,783.5217086130324
29.792635746174845,8.526764793021869,0.8290603599241861,310.52002207577414
25.487501561045992,5.745468584578358,0.8952420224335798,413.7179550147423
4.667116307783177,4.71078626750868,0.8066019726997433,715.7981556894581
13.52759954395961,4.181837951315513,0.763021423403039,350.6197822214008
28.492578104793758,6.996983978142226,0.8015383856504663,91.83428666525884
17.992906289813,9.373528959254593,0.7754665330269934,779.4987647774528
17.645544970951757,8.617567603502167,0.8717370576956815,324.4704379832281
22.41662481163549,9.777112577819885,0.8018859538683468,188.3979987791126
37.05609691570111,5.002758237680954,0.9221970602326848,96.43093882191889
0.0,5.201615341022344,0.9498599121046338,75.59784643743463
27.97220989672066,5.078150662886999,0.8413514899872117,993.0486900297325
12.019568550245637,7.144898826676111,0.7914340119081765,482.44116716965823
33.58890686248643,8.58121061018606,0.9466847342485344,286.0188796723446
39.11908057611331,5.980548122431379,0.8131228325807984,252.14623294079215
7.82568206671793,6.645575050095639,0.8491346104829145,606.1178708089815
20.99179240610475,0.6515291908882971,0.710883988879304,854.7436229585282
32.330067610115606,7.665792732928691,0.7329177231368911,884.6100492961314
14.791640465701743,5.885710832524806,0.847353131659944,526.5122766249807
15.067022621594779,4.549631220103712,0.8569142697653926,107.8181695412589
32.57536202931157,6.03502878674828,0.8242450438624161,411.8380520630668
37.704862735593444,1.5900307764449182,0.938715148727308,668.4368583328061
28.72204139162861,5.598431493148314,0.7548283354893213,895.7045242819615
19.719732661204652,7.731260935130325,0.9276100010210622,402.64367770392136
3.4658875335490666,1.773721156305042,0.8260807742810652,363.70069238851227
35.208493878370795,7.087036240270656,0.9247472486246352,791.713514614847
10.146884910908893,2.549009754717944,0.8449501917350485,317.27660354983743
4.8315121512614745,6.709820141156944,0.7531720321977652,586.2197297026358
23.696011359827985,0.04293940442247584,0.8107573925002411,747.6819852529255
5.378976893663702,4.009166037688179,0.8721611652011317,439.44747782306615
27.783206368206713,7.727118736477878,0.7593655583034529,209.7181329645884
0.0,3.2563484409951684,0.8307673946537671,137.91468406865653
4.765928895756073,7.150551063839959,0.9179018687054595,391.9966177648844
25.406507118448474,3.439415433805957,0.9235233583407344,255.7548870945087
0.0,7.3998111930747035,0.8610285319607864,961.5463574078962
0.0,4.051015434052814,0.9353546591904476,231.27721745302279
27.04146071493841,8.476169533736702,0.9176712252717586,400.7299743794973
12.92684664757436,2.111448133403515,0.8956861241690693,69.19080868618988
23.291004533402624,4.718644440452126,0.8421840238505972,964.0391547136829
26.050527905969954,3.514775907511779,0.8013312612049167,284.4788116339178
33.734779084259465,7.428556021634499,0.7716767664742034,233.6039587655981
30.228511396709017,0.43202854981526484,0.8938129624556366,528.9735133097624
19.720756183481235,3.930473252914527,0.725168595806087,534.2896377065279
24.698721585968404,5.393301460864254,0.7463451768586843,170.15484102995316
30.575626471072514,9.26996639675032,0.7207184991561622,484.3892523835301
6.405779900547971,1.3480729000255764,0.8362090148205732,349.6433111986057
25.767169395519552,4.077147650230271,0.8912300859203062,660.3056447522893
3.848482530770854,5.889490246560775,0.8950784314388436,709.3381990826467
35.58298149478169,3.8013057828028134,0.8736010009569309,878.4074371051091
19.328119351013136,6.991496681313021,0.767200156417756,668.4268424804111
4.498779761640601,6.050819496501008,0.832704828045951,964.880973884013
0.0,4.99113872988021,0.9288537502519338,647.4542764992681
36.562167254042286,9.749330304524397,0.9345143324652816,736.5204238757508
20.874286309349646,5.74479466806309,0.9057541398698677,67.34914521474491
33.10563164210626,4.580344137092601,0.9245925390769856,187.65243118966697
15.319360285270934,1.5968869264391898,0.8754775395569075,227.03393362868974
0.0,0.43453139252107376,0.7798826739807625,722.6618631248481
28.973566986172326,1.461021876513906,0.7092038145275983,939.6399974477202
30.020119590378556,0.08324530863203077,0.8350370060200321,888.096812577573
27.115509560472635,1.7908599722434813,0.8590374023221461,173.49406611859123
37.271483662003526,0.8426033131483849,0.8455634045236873,785.4811688166877
5.899784552313245,2.8047526641503278,0.7850362412163049,568.7570693896986
22.829437521072606,7.256989763953278,0.7323103075600017,122.59564183742285
9.027654294856761,5.788624419488066,0.8089775630072362,989.7564238279082
3.6991725367862083,1.4960576669772578,0.8969858484528919,551.0567437696216
5.522466782712013,7.467420845175671,0.8704637929623342,477.9854535619834
14.83670655564255,5.4420962348279796,0.8146420673266705,520.2133456146208
2.986452669517069,6.666932205440239,0.9238176635020334,411.6441864416273
33.05642934016408,3.3113429590517667,0.8100075776798696,894.5784797918552
21.35358041750973,6.590736178974182,0.7948657329806348,332.9310017396009
26.061361985982735,6.525518345345003,0.8636072613818001,139.8501299928877
13.308103178453766,7.429932231815304,0.7620388286259757,770.608677701217
31.088882468648645,3.975478352463473,0.7250314766725197,74.66428150107245
39.45868036103041,4.341076211657077,0.8935187912509527,329.38788993048263
29.96790376085907,2.680779063139961,0.8301642688654791,152.41434805388482
36.18450033657015,4.921310493560754,0.9030378520923784,89.67811589169635
35.53977907502923,6.852571021584919,0.8871432476848882,792.9966519507211
17.81640937167741,9.997468830933993,0.7869850342772199,287.64926337576264
35.96007386929529,1.829913393795105,0.8372663461494039,135.52405672469743
12.14882315638694,0.17017673700401817,0.8591254691587625,853.6237702974194
19.79801554588196,2.0589328519685397,0.7226607608839668,192.98722062573052
0.0,2.8582233772635335,0.8046335605250714,169.00343125942786
37.59210383447523,9.741489926334342,0.8538664451583727,78.8015478993803
20.015588698801057,3.034527905632477,0.9478953109555883,54.55254640072216
35.584723345580436,4.761161167865809,0.8879017855467102,443.58747637599026
0.0,7.99354523049095,0.8344472041176413,317.1204363715447
13.842510010529661,6.123407906008851,0.7800893971943209,564.7799857402995
15.014500816807695,3.535307764382191,0.7907026635386105,607.5295254115022
3.2850359277799273,1.039031567939978,0.9398724075312078,873.4363421908589
33.00751317967041,6.241091691086418,0.890509187836009,421.1162051470437
23.470954199808038,2.948956964605762,0.8355182458350308,714.092669643665
21.14712173619734,1.301816594779465,0.7337877114275388,141.13368184136584
0.0,1.1218023000542714,0.8540941152793039,770.5518907498804
0.0,9.597349689452471,0.8407645870251387,731.9321696199844
9.014301186498015,6.832784227802035,0.7134962983212585,688.1729024383848
20.380854604934044,8.060222566877957,0.9003889196345998,121.8559764419999
28.297393694137927,1.0920083392935158,0.7945147737123562,813.1898211570754
12.734160662353105,5.783993687462788,0.9141189516061529,617.1118962449908
21.09324680207599,5.289889262700227,0.7743298534411205,664.6049662376595
