region_means,region_thetas,region_zero_probs,region_lengths
31.269906114989478,6.465877933201443,0.8316072180113736,42.016800058141435
12.079427254915602,1.6393886019271298,0.8374564104201989,498.48082026492693
25.283017121178183,4.41519417175973,0.8131885882257877,834.9701408492084
3.1445515015714443,4.350498995407839,0.7396323685973809,285.6587239754373
8.907566875392607,8.438052240142358,0.8132784684200149,652.9106595188
25.228853515605067,5.68405027823121,0.8619433190790274,280.0496514918478
21.740583527051864,2.089327888533175,0.9331699675335944,914.1315339319256
17.276801807888212,0.4846483530984395,0.8473442396300374,482.7584307842972
33.718272893666686,8.288896988228801,0.7325737878440015,400.1975271524102
23.540230610985443,1.1069596533881092,0.8109792690747987,112.73733717744906
7.413236336571954,8.434501095687486,0.9071127123718982,881.888464838594
0.8095272099018613,3.817317589940001,0.9022299597844105,280.0431521734941
2.9648280743047235,4.016603230393056,0.8860302826876773,733.5668738250773
23.434309622227524,9.309837908629014,0.824544740732551,887.2053427799082
12.564424410443094,8.90246835027605,0.7639630783853517,116.7046709333641
8.86777153425978,2.997258726027035,0.7266707163133371,217.5313077924339
3.6467665603973267,3.449440022286222,0.9410904374084591,667.3369905289688
25.60164208521626,1.0699569044753956,0.7939544554468777,484.49677720032156
39.00018750295381,3.1560583770613206,0.9002393092603214,738.6275431672863
5.443175233904837,9.603331929063074,0.8164543978842522,888.1619427563355
9.184737692428284,9.614127354677047,0.9213893689283291,685.4712221277755
2.175865333018396,9.851716574009696,0.8568678885052905,217.0843924448982
29.518448723861376,3.336141169650118,0.788593594952751,567.3320898912672
15.279988191106062,6.834314569655861,0.7534795132669125,369.3833076561238
27.302282460037887,7.268871435947233,0.811235397159878,760.3816339285712
14.632726010116336,3.01635368375449,0.7882111781035198,338.3529788663682
29.410827067033107,6.8611638448705,0.7996025151052852,687.8163415523891
0.0,7.578768707810064,0.7735388317652857,956.4313903492172
11.202325726107112,3.9416207045913065,0.9163841454949793,733.9176772852387
2.6420396401814847,8.644161221292126,0.7070270092537396,399.3678676021042
7.113979585991224,1.495410813071613,0.9037321686320339,497.39964636896843
8.954253513442646,6.510208814889153,0.928663153531706,58.491928307766585
10.769005654236395,6.9795976856469215,0.7137451319998167,165.79838177450884
30.931159647025922,9.418999262555856,0.8579041987857647,449.9698930126513
0.0,8.430493201314363,0.9309319281516388,68.21237249912052
26.45393115835179,7.940321656518631,0.9250814816192431,943.4260096520726
28.105246570495922,9.586660683045652,0.8739153931870861,126.69381635666556
7.1927310695843625,3.342630119812863,0.7435387343823009,851.9451257234482
24.46185991167944,8.98581035762963,0.7120337944595231,805.1361290873398
6.227449345222058,5.514395955401419,0.8201936286269854,366.0916364185538
17.54383421412536,6.687452204788155,0.7112336801330771,778.7406065980509
19.604366464043295,2.0822561459250832,0.9488137608520342,393.28243036092147
29.290867878367916,9.177996075090965,0.949320264985944,290.0691535635553
27.813203156231395,8.550681927627142,0.7343669924036241,128.280550657001
2.9752481901779135,7.9626938045928055,0.9492943619923193,206.69025837701466
2.734610076049859,5.1149189802662445,0.8610520531417186,912.0560465770986
20.19265856313328,7.285124471867744,0.7351066595163623,487.2464223872125
5.3798044340514855,3.4032010849917107,0.9246504106139294,674.9480675741657
22.493627305629936,0.8430506992819724,0.8453449063050171,615.3511954113102
26.181884591861653,7.592448842307799,0.8385635743668669,580.6803546912663
36.59035913913054,9.371458586139804,0.899800679804401,284.6387129843689
3.800888953696493,6.4734212060477585,0.8789012484367484,739.123795155763
10.074004827697253,0.36866403761659317,0.7510820460147252,165.67661358653953
33.82167127667491,2.2595245463737528,0.7275692211560787,686.4744046152041
0.0,8.363876015243143,0.9334371849159941,150.95761566389442
37.20035761114835,5.076149550891114,0.8220454315143275,814.3918094482277
3.841726592571986,3.2206889313034766,0.8231989237037398,826.13849347148
34.809665774154816,6.686904480256627,0.8871938900367611,302.9280859218093
24.760399274361163,0.2540894410033446,0.7423902034036679,499.67922836628486
1.7389512743320077,0.10884038479992589,0.7744586250381872,368.32246796107603
14.7750524181671,8.413356121011258,0.8352088017208233,543.2156335099517
9.369013601560688,7.437771812680372,0.8631056674387538,576.3281140282435
9.469414457348195,9.83981414394299,0.8004338228317684,284.9628115120735
17.54578530737373,7.632280089623837,0.818394272040134,783.3755546913758
25.10449702641908,7.518612228853499,0.7459158453228851,595.8667539105285
29.374262709367436,8.251992518712417,0.7314937907285594,581.7532983717333
14.902279988004173,8.802668696853287,0.7710237153302462,176.66953395722103
30.564934977935927,0.6821922792190515,0.9244576631032767,226.7917742930375
6.089318294407381,6.510302899454319,0.9127346401266435,998.1540912743422
30.22062330175362,2.960249995679767,0.946532794128222,961.4628333726116
13.555550846696134,1.552774916870442,0.8895668992450664,44.348547967973104
37.68233180620141,7.582698748693247,0.7376870526240872,606.8253726694021
31.3704100573844,4.053503697044473,0.9433025847406824,420.7753453233039
20.2800112775949,5.890565390171581,0.932923918458421,66.06841869098272
0.7759960860738756,2.740358167540346,0.9268256961319005,145.67508333633637
0.0,3.385926474920321,0.9006002647930227,486.9670788908578
27.70362129394041,9.261063639589466,0.764569034132762,154.41163236266146
0.0,9.38806557143494,0.7918677099134096,547.7355100529898
29.731012173277282,3.5212361099363343,0.846778955711865,704.461288421485
27.894127079860915,9.466238388743733,0.8750700530549984,906.0108093277742
23.359275676608696,9.37849343619593,0.7471796781388651,421.73463805600244
33.454234280743314,0.7106026770246042,0.9492858187663566,197.08159292841128
34.385770771143754,9.922541931210178,0.8784137220985692,946.3465762537448
12.20152429433492,8.042165118742814,0.9454009177663035,529.7188807332509
6.837219816530489,4.8397032753858715,0.7815524331487376,813.548816042751
9.210317556677245,6.27798410529348,0.7164334089032443,898.5462283314896
27.842880174141413,3.9261688194965547,0.9368675563493172,407.7591691216893
16.3717378114171,0.9390435539556137,0.851718910723057,380.5510676246832
9.270896263207552,9.6449016784814,0.8826748744888022,496.9955377659527
25.89611019327386,8.322064025580183,0.9251023636111727,585.7625753314405
24.450329038449432,1.801760644088808,0.9198742978335523,324.3853575549632
8.541764128641855,1.2003116704006578,0.8037156698288748,55.035153426850734
0.0,4.578630056563035,0.7437222575525192,682.0673603024958
32.5283562014712,5.558029813963402,0.7760655000380634,413.76204377734064
37.29013344775136,0.09135618830786964,0.7373345410596135,406.36148606536506
5.1476852322867,4.111111775778082,0.886639479185847,973.6340367201634
19.954577814797027,8.786534296020202,0.7973754637224866,956.6225690764593
14.527498022297573,3.442532936803614,0.7426299766642296,247.60073217469883
24.658262734825723,4.0636591325069755,0.7684203694460094,117.9281982718674
9.83336502725212,9.030010191303735,0.7445155591974939,914.5616596573334
31.619834831693776,0.1405240433530226,0.9407420213993793,821.9146951135984
21.323238067002002,9.645217820045524,0.8992808254294802,439.46258788792244
21.71069467654099,8.756780316855403,0.8985952211353296,66.92444095629429
37.87317942954641,3.053342761468279,0.9242763409701669,637.138481130212
33.34606811698633,2.829368902315487,0.9327901437148067,745.8236728206938
8.302445792554689,0.6368739146732606,0.8585520745525679,41.583936440449136
4.833829676581381,3.686154560030758,0.783415514393577,281.4293676091778
30.68223486324023,8.330232459274994,0.7135452199451929,554.4263763145834
4.471992409746903,2.5031842928053796,0.8749652862884056,168.5369137057162
4.24254050553398,6.529961843627518,0.8049821486984277,668.657759981405
21.77657772033306,1.938443675052221,0.7012333320103269,837.6611070998692
27.024475751368406,3.2491429982964997,0.947032453400751,360.76717555295033
37.977638693339316,1.6175864733474334,0.7834693335947585,439.9457600828867
11.569617451219852,6.410402948208993,0.8089316879477966,883.1712824937217
4.169738942685835,3.893736629444098,0.750543452726075,314.8975042243758
21.148143215494684,3.2909875757369167,0.8654600645953159,106.1950027355455
37.16314587537425,9.68953242740126,0.7199685872507559,138.9452146653497
12.905302881447458,9.681960417347383,0.837861558561072,250.44027138197578
39.23514753739381,3.9778839752168746,0.7550237202218031,802.1071159355397
16.61951400505175,9.788789655872884,0.7246966125941343,497.5029996207004
0.0,2.7540480515156696,0.7384600338770795,485.6471754703251
26.132774198163165,7.45359682589631,0.9327585876271035,796.775741606662
37.85290416114468,2.773100039590424,0.9497995052031569,307.06784246646686
2.6473553854422356,7.364090660128715,0.8590005631559163,346.4267667977785
11.029961955672862,0.7247721860693263,0.7662763784508421,892.0750015432916
33.68958189182768,2.38528083022284,0.8957244779732635,850.4318102820203
13.85071871430715,4.202421913373989,0.7998493037546045,565.2269467266007
20.145591822322025,4.929884730263325,0.7013562894365982,366.7236523007177
32.59534434584304,2.851636277655728,0.763178474780932,756.4081710913686
29.31824800311914,7.284247298826156,0.7746255762331136,407.80812903768594
34.59720143894471,4.659631660982925,0.8296554161518065,314.3469836630818
8.29106712257954,0.1900523728161304,0.7096579033094598,349.0121322012542
14.339871176393636,2.7895737875048505,0.9045628750907675,203.4053684084063
13.995461869413946,7.206776129926229,0.8802408638707209,214.92009339834428
0.0,2.3880637711148807,0.8700368249036659,72.01600445436029
29.21387789730462,2.401956426052755,0.7383343465933366,695.105543028579
39.88224956374507,9.247979633464347,0.7909241307844572,595.1382713279326
39.25656775463025,1.5565807444761652,0.9493024348223924,623.3572116118496
0.0,4.597684866418523,0.8925068560743322,748.7347417070189
30.339738795988744,3.4955915739913426,0.932345010394807,153.28156089704072
17.77045989161511,7.653626108561279,0.7298363234131171,578.0281257013264
9.244553195298616,5.458627171979297,0.7800720993262842,863.7839192497452
0.0,5.1843702358477906,0.8408735252859559,345.843016009076
13.73858413929491,4.8835797872137645,0.9101868431881679,585.7082613222018
26.72838144281715,0.2384977376815586,0.8701419992067598,713.0523890421264
24.428165480561663,5.298457564391861,0.8485262882482376,955.3873070482463
15.754705634140075,7.881060939365336,0.7730910610247297,266.8181340239303
33.25976642827582,2.599751195641439,0.9202897635724221,353.6005299476816
0.3141729747630842,0.4114123434940492,0.799630353465453,355.29197868404276
4.1625241780285736,8.693442680679182,0.8517950124331782,844.855957689458
17.460419891491366,0.4419016679753563,0.9028287112178944,186.22401226823868
5.445624717047267,8.974820436311699,0.8075834659304029,491.60793104889467
22.3595394205058,9.877296815089327,0.7354425782670807,709.6753894844275
23.037726364015853,6.979198691958154,0.8881429680966209,468.1913621235392
1.5507938879900247,5.635108995390446,0.8448976178001345,749.6592095226163
5.0699387478985285,1.4319557896264627,0.9160044291714785,616.2332503575277
32.72900109252391,5.785365124155707,0.9366420805651889,817.4227545336852
12.918448835864774,0.4397839833988271,0.9381900738256075,45.96500386460676
9.462210464870216,2.17179583110971,0.731129781702735,747.7112347543052
0.22071162877971193,1.134978243513881,0.9042374815815855,168.33075575764926
2.1923663658755754,9.779264948774616,0.892268764154427,514.4087709787847
32.16626606067258,2.6787753680144775,0.7215281639304583,72.69034771066035
0.0,7.698316940686296,0.8633345846545986,387.5642550198483
22.557627725102233,3.778316695365857,0.8805476008574185,671.5234817995516
26.960489369890226,5.170340217126559,0.84200839936722,657.9676647050736
19.20434800394141,4.560011272151646,0.8142621465684723,685.7156482330879
6.113821099804689,7.15772630537196,0.7373690329322624,365.18473221287456
11.945587614396485,7.923272238986614,0.9066344619274069,771.9354944734536
6.360617863783976,3.6138626749742566,0.7340543754081125,138.8366310565411
20.88076936415434,1.573192060620684,0.9461378962045387,815.2977120024841
27.75503174511351,3.6142401950798257,0.7707675355189683,252.0014408482436
8.86997403553337,3.4623165265520126,0.7131145116574283,725.0578396720779
1.987284361972912,9.56933331571266,0.7644201023240051,878.6677170051687
24.353505315864517,3.498643810232005,0.9014196225741199,518.0734565229603
36.06713806842452,3.982526311629628,0.7173459307165454,982.7075990725833
16.65050465914929,2.893519882120811,0.8615221626516067,235.6488015912096
1.1912883524939137,5.787971000009967,0.7344360417735999,289.56137468810124
21.36526192363574,1.1658801886928711,0.8533573310639015,642.755685086752
32.41535411576034,8.368714884506538,0.7035867033491435,324.4320619287648
2.904476513786294,0.8775096994343659,0.8724614480110442,585.86073603211
8.528216638038165,7.783658593854934,0.7763996420324205,152.8096353442372
33.38487010204693,7.356484791232255,0.895690594533089,413.0883957561862
33.92023218284014,6.020467053178178,0.7146503246926439,623.5291173221585
15.724565819404443,6.007719294686694,0.7497755200744687,991.9142009725695
0.0,4.440324000437568,0.9464936847710835,851.8427009758854
21.359216084093227,4.249339883348969,0.8935436071289831,127.51226278418386
9.509105853768496,6.5654893263436405,0.8876869976484039,893.7260019090305
10.754694285847995,0.6382155037095901,0.8342228065089219,303.23103397622833
1.2291310768507218,0.9353363059656965,0.9135905855492492,607.6439982076869
34.02706524637294,6.228435912669637,0.7872271482998173,770.1564257850823
21.172410286855097,1.6257275894594712,0.9399703486672815,100.96783943172852
35.92977771436999,2.9754476551361244,0.8127798615836542,994.625588222397
30.733562796847504,4.529296739120196,0.8240350594231651,726.0570679047795
36.786485441368164,7.391871776819125,0.7280848838134906,395.00256996426356
9.381181559180984,5.849452819314167,0.7085064117674169,359.2660184876747
5.264014589949185,8.096714908250972,0.9286153313745406,966.2485111813802
4.995677395642957,9.762368278285454,0.9251247314299439,905.8557297008571
23.11029370005946,6.664562691699482,0.72928582401908,463.7288614913071
4.482803677726348,6.687758565963778,0.7476200450352143,765.5551960204225
32.26131972743036,4.571343856853464,0.8476744750228776,166.8012728426731
31.606206364336558,2.0551439343531195,0.7473084896101039,340.52034491013086
33.640744785176146,7.740408945314316,0.7754570521967055,823.3668992779351
2.614674216404627,3.1535635269056685,0.9497547887815133,203.24402763567147
12.13263762097358,5.286995141362077,0.8303206479226106,545.5438286221432
1.0424807230709827,0.7115908450029458,0.7314847230372118,387.2534112701958
35.993174195622245,2.0979043714065595,0.7910910631213501,933.9840826557272
29.75675891357046,5.826579831998712,0.927427365207924,251.50976038747012
34.299848424062375,8.386134180560207,0.7097865001934679,721.6222565056919
37.20769865127563,5.700886359419849,0.8726778212624418,660.7403709064498
37.18698841532448,1.0317869503962205,0.7162094608110512,594.5552925409212
7.189628906241674,3.98557245936421,0.8289429762376682,777.2195730371884
11.163658606175533,2.7451971957896086,0.7625684188143078,429.6334727543697
13.053361526420447,4.4199055594453025,0.7376463390774534,550.6675900027544
38.603384949792066,7.305909966792483,0.7307941573283373,102.66810937541315
13.013491556828871,5.562633199227077,0.8910667783084415,505.7092923125399
39.02971151595511,4.916136788358356,0.8402301687094538,634.411790088756
8.802468090727826,6.539020958261848,0.7818044271265734,443.3014662989848
39.768255113589234,0.22039715496568912,0.7775229527304746,752.5371792602756
2.043407396030269,1.7087358084356277,0.7691549259781092,192.38843630396042
39.65709525489953,2.9732038405598264,0.836423216630374,764.5235357283182
37.2286420452138,6.343509686197494,0.8772748971159777,405.6503071972583
22.29300997032407,8.444020591980653,0.8078029126467872,410.1098521032989
35.40730116676011,1.2417869050541617,0.7405903163255201,457.65905124955293
0.0,6.810178523462925,0.831869277633658,94.46744315287734
22.191768749301936,8.909437736441095,0.8117923418416408,377.51952869835185
17.945554709941995,2.6641029688359383,0.853512198982591,389.3441900765397
9.227099513980313,7.02302639085515,0.7502396567940133,707.1730836452527
33.73718302871106,5.517464653269937,0.8920976458136509,399.62101098861984
0.0,2.382745254358209,0.8357214026351747,751.7261901744638
31.968386278314846,3.2097740726301485,0.7979150724702364,733.6488082899403
26.439744387346444,7.022537554097229,0.7970190583142923,526.6412646044141
30.609351668164937,0.10330974278290542,0.8881598370291786,210.97091881159645
10.530112709131403,7.364495441460352,0.7609031434171261,435.1680630238583
36.11699208309226,3.1194209755378264,0.8720631669332067,585.2679427851609
22.76075732690643,0.3475845548511954,0.7480550227269483,835.6455502809355
14.837127100404956,3.8918023941356727,0.7710879514647858,547.7581819850199
11.502171281042894,9.682672261200354,0.8594700471689116,907.0559509966614
11.558970415017358,4.762659183372011,0.9336151901873011,265.49125742150716
5.495426639108668,9.19608232810689,0.7401621596853376,444.53041614033236
32.62732394366747,9.063916546934495,0.7069674641943908,572.2283833579686
37.757263436221095,9.362908863426405,0.8230696404824782,304.6896629249973
34.17805312493365,9.566273102218869,0.8338204057844123,76.13876473855098
12.085164432370807,3.269108883918202,0.8725297000462897,126.9273271773979
37.977743929550655,8.614606303516672,0.8263099672919636,862.4645941622475
12.786361001058328,7.809526346879184,0.7583464692366462,786.6309271259709
5.630732200405832,1.7481722747152284,0.8217910867626103,631.5514816653737
37.52064130679912,1.0839697023762835,0.8179473887193769,342.75817442263815
32.62902690235147,4.6029731290821205,0.8962749415740839,251.20719785545447
37.94367671874892,3.8738327728598625,0.9420755780917579,708.1683758820668
19.665199450598376,9.301757245461344,0.7171186612809777,50.15895149720837
24.130315154595735,8.46997561665145,0.7407195044294453,294.23441582058695
6.218736127120226,0.4075912277342666,0.7718437988434483,406.5085639967873
17.392164161468344,9.570739242535414,0.918710894071605,482.7311903008947
23.618467872802082,0.01740708797720044,0.8198160607864002,409.5418327791489
20.752248279489596,2.3384729208785644,0.8511151540034468,181.0413962413631
0.0,9.39138995790361,0.8633954490800727,946.5982909861644
0.0,9.344592960673129,0.812585084100621,694.8133629096925
15.247967080050136,7.780858229792897,0.8948646735940142,848.0718491477461
0.0,3.3031733108349375,0.875446301985192,457.2488791097278
30.011587136629043,4.79265191063174,0.8597922319146444,170.71126858216496
0.0,7.95138482538176,0.9101510778637119,900.0253714052257
0.0,1.722584167020905,0.7391353593961749,912.9617230964197
0.0,7.632087071145553,0.7412190555339798,621.6793547592572
26.879601625517438,1.5614267958266046,0.7947166578348639,833.4527184887543
0.0,6.514564368557065,0.7358614277504056,795.1222434241112
2.3460263468320424,8.515128953862012,0.7410614455548576,545.4969235507976
22.87251824116985,3.441606494807278,0.9070222373047309,732.1529977311187
17.795052860271703,3.641942664446111,0.9423659820462101,776.5938704353126
14.75675076749251,5.018901726678986,0.7294914490139299,127.20954348834283
16.463461452561784,5.049126977831814,0.7380084534046869,182.95021262297982
0.0,5.71982929745833,0.937007855125354,624.8710886805675
13.349886283436748,0.848822974268992,0.7670871122809095,180.49717717102538
15.023316137074472,5.963196948725515,0.752025353961598,959.3903072644422
8.362201233614947,5.548018382374445,0.8743670082542659,790.5025105471249
34.802275772535616,0.14510443711572985,0.8914341123286891,989.2738591736605
28.136726029337012,5.307503043512779,0.8477773141005018,853.9605831100898
6.221104666747032,2.473525930553395,0.786941431363675,415.5647014611882
10.91774522385126,6.526392909915367,0.8550607752569483,440.6068748577123
0.6271846368884976,6.822440102660912,0.7492485160073885,744.3972589555012
2.860795173127839,9.89413712638529,0.8215243388129522,127.99000984595743
14.346451599685416,0.9861973244813951,0.7651672102934878,289.63945732326965
0.0,3.4828769994047866,0.8617281656254937,788.4440073087179
31.977476691985675,0.7296418995428943,0.8904680082707586,234.81238158065298
8.005777713776896,1.2738736715832109,0.9274246376888479,590.5930811371027
0.0,8.68931371329999,0.9160387747824572,573.1412854135773
16.734095135680455,7.91512027941909,0.8099057335705594,226.0198405714799
19.63895745650199,3.9585089186974813,0.9197231159360686,756.575093306948
22.2573221851258,3.4435935557118706,0.8903137784386074,108.70404883861859
17.29919400587719,8.559353142850231,0.8135138269059119,931.3297406356536
0.8521559217093784,3.0865171192246716,0.8343590430079835,215.11784968093457
3.96498552548881,0.1843614212418655,0.8505619677512224,388.9270369321995
21.074878580384027,5.327935614706513,0.8795447402235679,344.38897823276113
19.030544491753368,8.781685829503957,0.827220978468453,962.323032780758
5.493230918781905,5.941389129714565,0.7971621988612143,752.1872844920427
21.95038500988189,4.716110577783355,0.7760458057598837,200.41347688723502
26.96797094426818,2.536143481893918,0.724992108705858,250.17690609881453
36.71722010938312,1.7801346605684905,0.8196380429102879,49.59786530854462
4.65707999241292,0.6450648878375455,0.9303033363533384,678.5663775475814
7.453997932930901,0.06193318190869517,0.7971296933568979,77.59258640677515
3.633238299153266,7.584143522496173,0.7109966935520391,61.7976141901962
37.24527590260494,8.168257468979709,0.7282853075879281,103.93004068328534
12.80706121923334,4.822576550707136,0.7247438183562673,508.6043404128588
33.59382353069607,9.938713678523724,0.7484201801358022,997.2487637256867
36.77230053422973,8.025945743717259,0.9428354588579119,894.9813928246897
21.38900431784304,3.2305409254074093,0.885204576156476,224.84674867013936
22.408166565408962,4.825542099888125,0.8572735823492796,748.914431415164
19.144656221023528,5.49347191640569,0.7254325321143773,559.0630429815561
16.82509075885393,3.2250393332217997,0.7862542843704775,610.2579676748688
14.283630688373893,0.4070953072498358,0.8101567865933474,606.8836195598117
22.523451221777787,1.740143444937858,0.9376431557299734,666.3160545053996
35.5708611525381,4.675388036692421,0.74439045242586,404.08953511136093
2.393960630215688,8.868907896049425,0.9139692534833009,580.6002895059116
24.081914219958357,9.060053413980317,0.7365448073307969,909.6263228944176
38.376959498316985,7.796080660231674,0.7996528058507206,996.2642561247359
24.23688254496421,7.727185808311933,0.7581086564344632,566.902181525336
21.720296419537835,8.885351673229215,0.7798664205681679,513.2820422140554
12.501099187414914,9.662596824119902,0.8325143682522753,746.6080357970108
25.25375691599267,9.551567748350278,0.727743526809434,616.1564730663914
15.720153771165602,5.524789391550092,0.7820302922412501,809.119804194907
3.872867270972634,1.7282700319403599,0.7366962353701966,358.65793640189054
6.8411892469665325,6.258981800716649,0.7474005557195188,768.5211575110566
10.480764122113143,6.809941681443074,0.8219627797195634,134.1826200844484
36.721966567892586,8.466912515023381,0.7438383226871208,395.22819225026205
6.381902363122726,6.1972320753108345,0.890052474130774,943.4900844821586
36.87220105164744,6.204833146253073,0.8253689360880229,472.1448229720544
0.38912698974615706,2.8178637820533488,0.8193337411165282,569.0868465124004
0.26277862628763804,7.505399914110307,0.8806139970155066,664.9955290553762
29.185993250927073,8.136659893546815,0.9121584794837418,602.5045495396827
23.003298318932472,4.934730961785234,0.7053562887042162,148.13996379243773
38.56375064006839,6.623206204921788,0.7433165360745073,714.7871560607044
37.592284078943024,4.349022829536103,0.7420622859488598,449.7566103883613
36.25772123488895,7.392081318487395,0.7329072408676705,889.7288281350623
27.349879964268023,6.894686022252918,0.862145878291789,466.7003079853164
8.17381179658241,4.753954631797188,0.7534969178500321,195.80765649348086
19.74286002574514,9.833695257217308,0.7590866751587183,656.4604121113724
0.7990209931138069,1.4099966204828893,0.8094397201105695,129.80569223952526
14.02619610634077,3.077660637152647,0.8032748686317613,981.1730640061053
15.101347644198151,1.7047845457216027,0.8562538128737762,478.03687740090584
6.761867839925907,8.779746065967766,0.8469470537966193,212.4722874650827
13.69604332925815,3.4145912611738924,0.8677566288607976,233.35133921757333
39.99013586723898,4.481248240152956,0.84978963336883,311.70687661715556
9.223313661475325,7.273343152547805,0.865350079244656,398.9976625280404
29.292262713643925,8.234256498366822,0.8623559134082343,903.5811282248078
1.3074700952648108,0.42031625043056453,0.7685369570198053,873.5139021831812
21.33638815128962,6.650635749162187,0.8652494134523734,536.629433556686
34.839635996173925,6.792467695419796,0.7525222606569917,457.29873349489463
15.347724338393121,7.906128755497684,0.7055265833467509,125.61653131227871
20.575764328185077,2.735527129755535,0.790470026952523,137.81105766610398
24.43792942831082,2.4034603393768474,0.7872893776236441,712.9854929486354
27.37512055458368,0.3237742662161999,0.846904158219482,288.2717083506005
10.700050509130893,0.41762625876584314,0.706814766749396,289.6985014777571
36.71553055923936,5.026575113862011,0.907839425501325,473.1242858223115
36.59667518312769,9.869666967125394,0.7788104320623617,744.8453709910482
22.775474464356478,8.23953175393387,0.8786289318663163,450.3465173438435
27.889327102706677,2.6171697486148098,0.7557426372094135,226.3914415738165
28.964604367466624,5.887296623113181,0.9302835621298731,872.4022904864725
13.808346324023526,2.0982095616350076,0.8283560116960299,733.4663381801071
29.73155626129583,7.620584540271325,0.7589182272155044,233.1196258785039
25.846571807800597,5.309660714506653,0.8353571916102491,616.0404704983737
3.3489281714767887,0.09316481089500686,0.7118297693702627,75.95275525313949
4.435065325944766,8.209023811609999,0.7322662792163963,816.6390606017305
0.0,6.693819433142163,0.7052038695410102,932.269539062477
24.762679431533815,3.1166665175951174,0.7633874208433471,605.3763741500806
15.283534407613043,5.023858816110303,0.8965120801177852,226.03444347219255
26.20281016481347,7.903264221846417,0.9309344620595873,589.712260225614
24.45369915651857,4.3918641080933245,0.901420127191203,802.3907040368805
16.366337999416587,8.319340429116947,0.8638659520468241,87.41312590293305
0.0,2.2305024393322936,0.762611694946724,154.3641045037333
0.0,6.290868922824671,0.8222408636626228,671.8937147143643
20.11813163931353,8.078629922798859,0.8283835888937019,882.1379516164801
21.159305824501658,2.338331881836261,0.8793958886014264,636.6341460128979
9.06493682246658,5.411215174738931,0.9486485380955997,47.055866775726116
26.9652722880855,0.8317415339699091,0.8512288329524126,877.2598759781253
23.882481580669584,0.9424772967167052,0.7899094030993651,174.4921174518609
33.86212863692629,5.873179675849466,0.8307034526622495,395.9995874024862
14.311771506532079,0.30503734334417776,0.7617624851830589,959.4995413391532
27.70111404011259,2.364093622719726,0.9007681341490705,175.32421766831217
22.457843005697868,8.379270404707931,0.9136849174648276,695.8925557932049
14.831269787107884,6.488275221051169,0.9056209752104363,387.8936612816581
0.0,4.082633249327079,0.8960237904992273,784.6486879564243
2.68638594090471,7.789738856148131,0.883465441675899,780.5589223326192
10.642567274347082,7.614279720749936,0.8552139183616935,253.83269067224703
34.19836598565564,6.257175084555504,0.9155240973251075,551.5889593398774
10.414605309042955,2.4454998916211688,0.8704028842771625,971.6735444410033
13.617731275814084,5.692318561470115,0.7479255593732105,795.8551572512991
16.588260638799163,3.4596229043200837,0.7103354140075998,448.70265294366925
16.849076284135833,5.9900065840213985,0.8440145949386109,68.17693409961983
28.88242367538067,8.158537946024614,0.9235501003969951,596.0283125463905
21.81526136991265,5.0991520262101355,0.7441706715788166,96.24580665359017
37.501831197546686,8.329431630647086,0.8797121598949584,285.9479850015163
35.92375517128964,3.9006432464871232,0.8415500323322047,748.571044685783
37.19066570396591,0.47889794245622186,0.7674799075736455,432.49307348630265
25.671555018471633,1.4626641634170698,0.8267312992340232,326.62294585162596
28.122048453884645,1.1991753977646669,0.896060923625612,423.0955120578786
16.855235824233183,3.3303880489920603,0.871175628199484,334.5135843497594
24.247281488519718,9.055724147354995,0.8053178020570038,646.4111739953249
0.0,2.3403929088998128,0.9450455459328184,807.0134733019067
6.845986658970343,9.070494672325497,0.7000272392218188,932.3478708943492
24.985115753931826,5.365464513409302,0.7785431693710313,871.0056225733258
31.919744704110897,6.7111193692692765,0.7203328318847924,124.68966148369425
39.52331909366618,4.315277196441735,0.8858924525232317,987.6964483530526
16.889067378544294,3.7554918736973177,0.7409893724027323,762.0714327773246
10.355585168808014,4.390575669702334,0.8364003921246548,510.86911924573883
37.52847580790631,0.53586769027818,0.7508944651151008,369.8563212438885
35.9858943762903,7.877098494354154,0.8424671360302524,714.1329132268069
32.1619734465323,9.94996289312649,0.7706961291018366,661.7233269744859
25.78464792333215,9.509659235881923,0.8357003609065151,404.2670997321738
18.725144371808906,2.0567642924497886,0.8796378588626343,404.50579315756045
39.8730793824351,4.160430998835166,0.9386182975620992,97.20417443865426
7.900443870184447,5.4101909075984915,0.7145105508239962,42.3949524950347
12.32773291219257,2.661371595408406,0.7018218790387236,702.2077861603456
1.8952929382162134,8.602352444977761,0.9144047084088148,758.7956160414908
38.249244481204606,5.301031579561825,0.8440502077926885,665.4942120306024
22.125059653639966,3.0840337011227335,0.7868164295221742,285.5370322900007
10.022955716984814,6.756639669668408,0.9416201475098093,673.9075733504117
33.30048948501301,5.192228401163366,0.9216134063743286,173.90307730445812
37.20886039348272,0.30995017794038254,0.7646827817619504,623.1219971573331
38.031219826759845,9.418176961968623,0.8242915909057767,385.466990646296
26.82559848442134,9.794164548645451,0.9050383705868721,779.2554204110033
33.431148015167935,1.0367550332015785,0.9352302551434319,58.45491300460161
1.5434524145557276,9.37197782070774,0.7138984946139548,502.2699384995207
32.439613344043956,2.0946167997013645,0.7883769070593636,774.7433652713123
15.263242262117544,6.251453418619498,0.8152849571711995,185.3059553205162
6.929179829726302,9.29002905046109,0.7164083481758248,800.1636142358709
22.0369298647216,4.3168707735113365,0.8789655587157095,504.1972747726551
19.87952336477269,8.603034787042153,0.8587087307978174,394.3831768895341
29.447704333500447,1.7698825859814913,0.7765822093351215,48.73676249353732
12.878102895294548,2.2984076599300285,0.7068143846948944,852.3917091152148
31.124236899869487,4.0315914778877335,0.8405082650586856,445.1031822882586
21.052330458135025,8.513459226726866,0.8242862197820985,782.8432344982259
9.209931728254903,6.1549564856567525,0.7469922194859182,863.7980596474048
27.012034298960398,5.15797249511413,0.7364410142549785,874.2352668308561
14.524939536088946,9.120209362195274,0.846002146668506,355.60971589376396
18.10732401182372,7.490031242285296,0.859523667600772,204.12660525460566
0.0,4.861887726127197,0.7851136590226241,602.515291772083
36.54088360630554,6.7840865929944565,0.7459118958863138,380.11589288843186
0.524588550602057,7.826762776559191,0.714208599549268,62.93931720951079
36.583657094642604,9.456747726729725,0.8799992602990181,308.7642810903013
4.756171772705987,4.841130213662479,0.9122130948585307,690.6716724223226
34.82565597257942,7.683206792329112,0.848337764244802,974.2638137017956
10.5034204756745,1.9185062948471836,0.8663166684221635,61.34870890861663
28.3366292316048,7.783948575574937,0.8652516798729414,246.84538596386113
16.505578951638732,4.103985536694364,0.8332171596723431,649.4346298765516
22.07278523420349,3.5738640671940045,0.8334846670822521,437.56361185774267
5.354250935969062,2.80790364002465,0.7916337915901603,369.5237197391284
34.61359945059021,8.84085288697711,0.7696705877834868,671.4482034486475
23.860505410266192,4.769247648573249,0.792603937296164,444.2188123248143
25.24399861227474,3.1044576603896537,0.7005936908402658,491.27044495887355
11.55987715425939,4.273779589735656,0.8250928011366037,595.5619094109356
36.391480884811244,5.805048958433575,0.8515433976437377,700.3049051930651
38.727338643666336,7.559008866774742,0.7894520078253746,765.8422178544618
26.33268112836902,8.606199031039676,0.9142091662735213,839.8710635131125
26.367903568442067,4.98605871615529,0.7875615329299213,74.7596621680934
39.98039145081205,2.359430464113434,0.7397189432194391,893.5913040642856
13.732551887091926,4.0289958849708905,0.7590283855960442,944.0774887941928
0.0,1.6268952935565133,0.8289343485336514,223.7414319976329
9.040294480491063,6.998336654858279,0.9427044875873056,323.52467777913
0.0,1.9169910102455126,0.9119464265797166,582.735443152633
33.250718791873396,3.365195213447266,0.8701400057143088,465.4266974041819
2.2429573576963375,6.618695249397865,0.9446660923577157,627.0653032070115
6.13186449824068,2.3562091010485005,0.8710852184842525,203.60185235617587
22.8580802928388,9.731347855186364,0.7378572923729628,265.567739203983
30.29392394658102,1.838287521381272,0.7600354717772024,636.4292800048482
18.752514407433278,2.841772714693459,0.737839901593577,632.2827717803905
11.73325101201886,4.675303827524374,0.913252784432208,469.062133696637
32.74847784842379,5.747103486793348,0.7654161343474517,843.8684401387617
0.5512098380421452,3.882874621118148,0.7964484439486622,701.450441223417
14.590377247526325,5.150193779412631,0.8952737336658249,690.0065798936034
33.953691980005765,7.088833378106085,0.7689999838690713,237.89338556996145
15.439806311037865,8.287236023975911,0.8371283935725599,686.6146077090112
29.394758071592538,2.6693762951827584,0.841305494216093,312.7023530362063
0.0,1.3682281335028774,0.8251958466464321,732.8442340779061
0.0,3.5305273071100864,0.8770783234213395,269.3081236897043
0.0,0.7144734832113637,0.7508566770412153,198.35050379238228
39.78852283013219,8.131367947091707,0.7830878767422773,530.0598075081007
27.82870972623994,2.0837921574227685,0.9174566897948799,900.555656352458
39.65943194294146,5.691065901646843,0.9018374804177449,625.6126379709293
17.005177984106492,0.8174019759834782,0.7417813005858261,323.591566848437
24.322210842850414,1.5370360602108553,0.7618192224395413,891.98715195692
25.787378626506648,6.015570600675386,0.8181186818504844,113.33519113927139
18.47019197660538,0.8446712193729,0.8829741736382875,510.40916141917796
20.173287837276646,0.01334600683030519,0.8479926007080288,468.7920973810056
31.94933044619771,3.537107654050778,0.7692571990475738,250.7952206663401
30.572014282525682,2.0450536295511745,0.9098529560601136,763.2346660533542
14.870589264003428,0.7393083962662904,0.7067432237389277,823.2513421943208
15.348541572693916,4.590840589910845,0.7000430847689549,179.1784884836673
3.9222931857894157,1.8655432092782809,0.8565806910388511,694.8374136717239
31.982009014090945,8.189190623456017,0.8719885261479978,870.4034725909768
34.91349298410021,7.168662703479234,0.9497090700423092,592.8093042609236
30.547343968337003,3.036992551675337,0.8072080970176825,411.68283586265767
34.31505750348478,1.0283600050380783,0.7275600212398132,742.4721906302037
31.845428285383665,1.2457414121685246,0.8089987501644523,164.53608585516167
1.9059051131701,9.197568559925429,0.7080356269245562,924.5064023209081
19.203442628389922,3.926634610458031,0.9323879636012113,937.9496456394875
12.315201898844084,8.412767657350035,0.7778421354356092,630.3635900002313
0.5695698146999159,6.765800554479175,0.7935817381065329,391.5440095851048
16.77293568534851,8.22192867645037,0.8072702730554115,203.24503315097374
33.39188056912819,8.75286415739198,0.8233366695727332,372.7196472789968
9.269726891820707,8.129189843981496,0.7051879870103646,569.9582319690844
6.136519498036396,4.226270555222445,0.8601187466651842,415.2466299818938
25.351148802731196,6.585585909129158,0.7121384485787964,684.8315408514183
5.608662767104161,2.455830738377869,0.9021193430414993,461.0250745726431
0.0,2.665062081841005,0.779233586302075,522.7763784521087
20.302257384681706,8.574390414938549,0.8966250421082508,165.6104682689134
9.439994795185344,3.8509574279189125,0.8657510869901572,521.7224812701902
22.964252121104206,2.804105221379275,0.8797688354985886,581.7620684503246
28.764548657933442,9.251789225622828,0.7957261767069705,626.3484406602164
10.22049761139799,7.369248816674642,0.7176212223997092,530.9513922471689
29.796234676238253,9.088532566024664,0.8415849511061122,337.9565009645143
0.0,9.25574481377413,0.8103237099470665,117.17060665324422
20.043991705765354,5.734232068525225,0.8620524570562258,266.35720425670047
10.022354287438137,0.21989490065009942,0.7394023250960554,540.9441777044068
8.482294117438764,1.083367577296747,0.9336834476614726,820.963566160185
4.787597209883992,3.276386245243632,0.7917291059706406,96.89287183739535
7.8137598913245006,6.915814224692143,0.8609043425381774,464.00254345549774
24.073280218353986,3.067243219153171,0.7264792681932655,353.8550114469712
5.826394813358554,8.60906548993593,0.9027526385566917,561.982814364484
30.479863909842965,0.1890201591267506,0.9112554026545727,939.2107411825746
10.422950376988538,3.761024748402363,0.8745148224573197,643.6662738023884
34.10631988219015,6.066694753622309,0.8550645914340751,510.95098870649866
21.81113620258881,1.3975136817984457,0.7328960131745528,314.96964411900643
31.998152362084397,8.224775198659552,0.7214713224894189,535.9100663045308
17.049643226389346,5.134733637922173,0.776554529838641,52.067638815052426
39.81798263781321,0.293246786051792,0.7847932409074571,506.8294907993991
25.444037361863053,0.14786962196313522,0.8505055284261301,878.9529471948024
19.88129138708212,5.103643084973871,0.9446648039184328,994.6535571270636
17.665872879260696,7.436653642663201,0.7067903430212842,711.9514142625293
0.0,7.397202055697938,0.8391001649608597,206.06492808469383
15.001649297112486,0.2030640803949536,0.7185705925119477,625.3244114166214
39.758200776598734,1.8949721727955031,0.8343743416179624,221.88712311028672
16.711948879849448,5.632663470449493,0.8089286311568995,338.73804729926957
0.0,2.167050463061067,0.9393847642794955,901.0882978660369
6.873834539909196,5.340674123507099,0.8750523986156971,761.2441096861083
31.245274717863417,8.016590658330083,0.8696344918273384,646.2245144787008
35.954559074694544,6.849283556504071,0.8327225462476888,67.23373359744531
22.431351915040473,2.465283806059342,0.7247932222969229,362.1978162349127
14.765927307212356,1.988483331211155,0.7328535503349033,871.6117735707155
33.389175931463704,2.191383092333345,0.7063542739070306,959.0176332648235
15.031765686169955,2.3551310264282805,0.922437470633891,812.8660981000618
37.26057646917099,2.8039825610817433,0.8990755701522363,827.5996890415943
6.507886965422936,6.434390620426458,0.902730197899499,128.48431883213198
1.3231374129175262,1.8920873962145337,0.7608768634301171,772.6462492245951
0.0,6.9951269951570705,0.736694629700626,950.2237229731998
30.580416002555534,6.183549640672509,0.862182553595862,335.4409378716888
30.994881297154723,7.612755578399384,0.8171812692821524,656.4735521152047
12.318712327905303,0.48861909264163295,0.9065091248040423,482.84409038435956
17.226996565285912,1.0387952311197366,0.7524415020707989,228.1146853867686
1.4729691141823311,9.533046129605966,0.7151765741511112,849.645125423892
0.0,5.88396657853559,0.7248144167005462,880.4365674809155
25.401108147450273,9.400995488229388,0.9231917910083134,60.67914102968189
33.64258207414535,1.908296097258032,0.9071718313622985,481.9521603068379
4.603086297902788,3.9228096957183625,0.9424412594184672,996.266162771967
24.909164945504617,9.777675354884128,0.7778320463372376,627.7953739161674
16.580624090555748,6.120179442061967,0.9470978471495743,816.506718572212
7.441840684740469,1.6101173095674899,0.7191110054371436,798.8310146023389
17.68308764856178,8.464728082334208,0.8051416418856909,257.7110922144178
37.02876557072708,6.165263805193028,0.8624439599498354,419.8343806169202
18.8728707523375,0.20634850913754843,0.782515941623394,745.6837024091947
25.98945666474304,7.10614535805475,0.7753229909729868,82.76414043360688
15.971344990796077,1.8622013435246363,0.741265152514626,647.2657444603951
0.0,8.949275957329348,0.832233332378768,486.79650190065115
6.027222687701631,5.839253255892514,0.8373411207419266,116.53805563805844
0.0,6.047411999885416,0.7428652211014025,699.5461125895055
0.0,6.576706871174333,0.858525485208977,451.2236828991348
38.20132436359154,4.635392041570767,0.8739249104158859,938.397996157041
7.595642081200634,9.578189855290196,0.8626321307336524,326.70362263293384
33.280366342304355,1.4979735229066586,0.7504610374610243,441.3273192123756
35.62834833660479,3.3731271894435855,0.9045999209576465,793.4592978264221
20.908352797602035,7.0633793240008,0.814432748490495,525.7160035167979
0.0,8.752056013035636,0.7783418198380567,357.7142485526177
15.958015429616227,4.335357443277714,0.8763064246153862,45.34857094530189
2.506591613921384,1.8060028789574967,0.8019758276536701,962.496335004264
35.628094153118745,8.943070276932442,0.9123134939951884,210.54481604932482
4.467574898657362,5.692957812404437,0.7514234816647246,646.7795509942372
17.46260701902971,1.6790881660454997,0.8985781710711237,178.80038995587364
3.1127247561597957,1.8511787238290378,0.8093333846181583,657.6354594021466
10.77747282899809,3.8116879360216824,0.7349556868871636,500.2815407014756
13.746808453264409,7.574189623507836,0.77318800292156,579.6214602626962
8.40672378745721,4.068600179437322,0.8632818368597258,373.4490616312872
31.657506675491486,7.29472912728508,0.7470469508969674,480.11376412572434
7.716835399421666,5.704530961784415,0.7609266721186703,771.9967610097735
25.08688566253718,6.051684840323647,0.7869706530901222,190.99690262586347
5.887684813731192,9.72276470907384,0.9323792230514627,58.08528006397051
19.386051474796776,8.848037578852486,0.9330188500659969,676.2146450343546
14.39018744835169,1.4207676958212392,0.7297137677097629,891.9829101588465
19.321926410188066,4.9260407342998365,0.7868233576125687,865.0518053468196
8.385139787806033,9.918413085685538,0.700475492436131,649.008380693883
17.093057433666413,3.9736369907175053,0.7588305714967309,396.29901674028673
10.815979356701908,0.14884595735402442,0.7096535871462475,191.87350865814338
21.9291303663209,8.190591552345785,0.7740055500435518,956.7264903620048
4.508707105209653,1.8078078256442598,0.8039418898766262,258.724107419424
29.40130824528221,7.2469017966706115,0.8681197682864492,842.2328137506148
0.0,9.668344344611961,0.7902046940529673,142.01885497243933
1.0082571652526697,0.4036357118728123,0.7589056950487876,435.9642439220938
29.29230530741942,4.522565013316431,0.8561591990626151,862.1171382306162
5.482617024079638,7.602844923594302,0.7956914327184252,670.3444727289072
32.68285967072463,3.901268169245583,0.9008561352531324,500.3346891817231
34.02552936527447,9.412842781830571,0.9098835254975073,203.20903104868663
19.553092761060103,7.837146613349543,0.8125087882151681,99.26560999898231
26.86859669052866,6.867352883747009,0.9161115959318905,191.15577080227777
39.25323429597737,9.33324333815526,0.7884883520353305,157.84583603335017
22.85507767851836,0.4623913773726964,0.9150511464901343,841.9964094390574
24.10741248624064,2.118116497892531,0.8805111702582986,683.4382884064003
15.654300351005707,6.224069195615655,0.8795493947529446,840.4802680368642
17.99980727184483,8.061743072962566,0.7033663056138508,749.4138207266119
0.0,9.21265254049263,0.8122276899045632,560.5960198321089
27.093333610395398,1.6678494052846307,0.8504516006971572,486.1726450517996
29.66238786380234,3.6045926402999764,0.8834236436921982,413.631133725646
17.57018464376308,1.438675466721917,0.7216082838396386,609.9954269546874
3.0555046720036585,9.595197125587386,0.7827670374798643,434.99060163953703
5.821560366870812,6.62307970087351,0.7635573905225677,927.7529495185025
9.845798186190052,7.128020524813295,0.8053435592327147,849.8754787081504
34.95000976785466,8.356032620625228,0.7189973229768243,182.4179608990673
3.627690631234471,2.9334069591377596,0.7774408396146322,998.6634576164087
10.363124166330861,4.564545906771521,0.927868850679417,865.2706389481186
9.594406314230227,5.7546930156719895,0.8185411637003391,782.537075629886
9.40300250649951,5.279102705108751,0.7388355318414542,997.7523937921388
24.469666147392523,1.6051792407895653,0.8343302743152313,166.8759735282835
23.853843043193443,0.30668509243953873,0.8845134983667475,586.1230424755283
29.590890621756664,0.11351458912817967,0.8461131530083049,637.2277485015419
1.5203832532984654,9.153295026524813,0.7566767517591177,891.3938928916466
33.78795518475114,9.830428605359204,0.7532474547129964,200.94958006214821
17.55378204256077,0.6436440956302515,0.7279867408175515,671.7483258415448
34.732769342674956,0.32127016728520563,0.7435955554287743,447.85188713985127
25.83274131853606,6.627686042437601,0.7435776792336034,431.95656925257333
38.26784954661501,9.810262381600742,0.7788266277135575,936.6313066734078
0.6417992592583512,8.295306769678113,0.7903145131439301,888.8632415706112
5.883943423112699,2.007178491308978,0.9173083523774346,474.4020869276932
6.4771021655873655,1.290064204177528,0.715815041724196,325.8248807680997
27.307683125296013,3.9893186409044077,0.8118561102503326,189.85562103387508
39.96990244520052,3.909133003371898,0.7281083439516061,264.3963785714363
11.954075819789145,1.03312724690878,0.7168154478713676,699.5834652901399
17.585450749666766,2.3019431487713775,0.8176419426898949,763.2974107078588
9.226173558980687,8.579193817233342,0.7889679494276332,310.54476586590033
3.9429022820149138,1.4933857695793749,0.9315765505655829,46.45594499910889
14.111921220334068,5.209750110299539,0.9334602661668776,625.9231687992592
31.120927305594073,1.7351802557397706,0.7713106198755947,585.5837557551596
10.900136099969492,3.168331613354391,0.8054857116693777,154.59156538307553
25.2403577108899,9.371031036729008,0.9474970518205377,290.03998640010826
20.954258253354084,7.475526434147979,0.8253575318336666,796.3124718231793
0.9475189759006305,9.221556128988373,0.9196260161045118,84.91446872227115
32.08452580138346,8.906498761726471,0.8968898479511223,747.5986698126546
26.64131107211518,3.0497873716982995,0.7453216042532129,366.3563721028386
5.258325608825445,1.0605094926806058,0.7886212699805325,345.95298396193505
1.8813460565855558,8.136886477328929,0.7423219786052722,187.96511092982257
5.941792668137418,7.058934487292217,0.8833804621143792,979.1630138918886
36.14540815928652,5.525245802770782,0.8779752199006549,819.4592562092207
7.284204804597753,3.191282426872169,0.7827487910406894,457.3984866937922
23.073165394685002,4.857844630486879,0.906683220099807,471.2774864432646
3.908481256641145,5.057263210084784,0.7282299773209577,100.61162935420154
16.36583384429723,6.176996747841071,0.9439689768016134,596.6652093901857
37.4076181286708,4.7387855835960755,0.8128498737432052,99.33286327401089
14.990741385004693,8.569035307060469,0.8387893521147752,811.146249098895
31.181874409920542,1.960436888743888,0.8328716112646005,853.0761780484881
2.850104392352251,7.9753910520584625,0.8879245895513512,848.4295052397226
0.0,9.379488039203101,0.9281957421573369,158.5566224380331
26.534005270108626,2.452472277197109,0.8551083190761641,471.87371315900333
27.80015607753165,6.9333497921264415,0.854611740972445,212.64935755288354
17.354136760273587,6.080869187606163,0.9369731953903988,74.29891487566287
21.758262513995792,7.07288786385972,0.9210282530134886,319.32468504499195
29.249461988727262,8.464866507316858,0.9231690987054919,175.408285863817
0.0,2.31467539442875,0.8569132352465821,163.81048641445108
26.904004377854953,5.419010070567358,0.8323640496717266,229.01661478482362
24.66428169962885,4.379873640783679,0.7245594026631054,874.8455629982965
26.87395265753889,0.1428916734458491,0.8036539601869696,954.6491453256002
4.817962163402418,7.8112443012971555,0.8305384486338712,214.05673239625753
0.0,1.3918416931381035,0.7803202639532028,405.9843798871941
30.46435446078707,1.048309350482817,0.8354617220016762,398.9876962540568
29.023946292525004,0.5623788723632518,0.8533606810250424,730.2323928610269
0.0,4.754556448607908,0.878149592904154,711.672084114595
37.24043856307058,3.2784282715714,0.9143814884506093,870.1354656405099
15.091946686376845,1.6463260416203545,0.9047396993348207,120.49269345194382
6.000501638773015,9.27125598017933,0.7341409726027992,912.8491356115364
27.321131272007737,3.7080567142792837,0.8687701377399011,750.1737342024213
8.985610982190707,8.99665156297863,0.7897211478632926,178.26831402541632
23.84272385783034,9.418505276755955,0.8299333371270315,250.67135153264843
32.32192336351986,8.370265580123029,0.8570441404538715,543.5288308127195
0.0,2.6618658605689953,0.7379442226181765,730.8275434348789
30.55553151167642,4.835970399944004,0.8734339080337536,485.9128948168783
23.177904256557802,5.051360849289064,0.8056901653704065,444.5449112105381
2.6530281270326044,7.009291986363784,0.7482587317711682,64.19477526637138
39.75251528841113,4.094658780089824,0.895968890416781,365.00226775561134
15.867321274798778,8.512903263012362,0.7814441665778992,253.91355392309703
29.919950797023375,7.387450267478909,0.8335840445837917,329.0784684330582
21.920070494690812,2.398350270976141,0.941872766644917,779.0082914660838
31.283618379481624,7.413391439812468,0.8340509650749683,597.6801637722187
30.249113769937235,0.7776855614007229,0.750085170466918,554.3369650678165
22.861111944045472,5.974803309088642,0.8796573685771796,286.35098192835164
10.600561375425727,5.491033515845812,0.8081911386553169,572.219828826768
19.25167373619299,3.315502063155965,0.8045986581569232,675.9631973231977
33.89337407230835,2.5567366109888643,0.765826594866754,481.8830991825522
18.579058576021474,0.04318600608191443,0.7398695985347498,220.73052431841742
17.502486518752214,7.838626697655318,0.7638998154925071,114.19555145822503
18.655932416699788,1.6918619349175354,0.8287915636656418,261.49342745832246
22.84906351149032,8.836684186263877,0.8364728768457999,881.9460923944005
16.90383715154665,9.017639456191292,0.7958135209408276,992.0954218011962
19.26314032619562,5.662594314768189,0.7755423078031263,231.67075869467112
4.049271705198407,9.331670891059332,0.7046586181593271,146.794317974023
27.514603626890423,5.623311593474916,0.7122394499726157,445.4643082407387
20.939797194771156,1.7087283252296137,0.7341316409674418,732.4726721682274
31.93325231823985,9.738075843466556,0.7776488621240243,597.3472716841864
17.20207025343859,3.3993378970372103,0.722550546545312,797.6690182564871
3.333913898647375,0.6116551044243632,0.9255012786587471,797.7842622890289
0.0,9.55626543636685,0.875218776565745,892.3073974273825
0.0,6.010672590192093,0.93842620502719,657.1588560544087
0.0,6.517018308934876,0.7595354751696624,605.5010402566893
23.859798866750797,1.2464651152285378,0.8422915465652141,562.0225538520574
28.124482406965324,8.998401339539436,0.8317371677264329,896.891212809671
28.458485647589153,0.9950510927041326,0.7755597787383001,430.9029103614737
6.153096155232071,3.2988430212179476,0.9357900926659273,358.6500042382391
17.841049156478498,2.005564974239228,0.8093711932635317,572.609967451603
7.260592184015968,2.1773975881920844,0.8091763155152463,786.3247502989412
17.85354267289295,8.466108176271879,0.744322375543918,92.69116991177249
27.85631135182948,6.264652700137942,0.9069349691273112,947.2376921961667
19.24419641134804,2.652863699720992,0.8750662286826959,964.4907532060406
18.44801707949252,5.5549875652455425,0.7652608540194756,265.1899626511482
26.462684519237165,4.365791448534842,0.7343881647127242,849.1779672286606
3.9489024548620963,3.653530840418771,0.8804259560859824,300.96592151477796
18.791431670899446,7.752440493324843,0.7763115715504576,476.89952958098723
0.0,4.164296473499411,0.7659081189281882,992.7003984567503
8.576133747009006,9.246105631417347,0.9030134590426704,609.4777388368774
6.349167018620556,6.822738796072842,0.8489166323401142,169.7337009941478
11.486724687775478,3.620566174714531,0.9231054645617602,592.9835193525618
0.0,4.547456419275645,0.7672426647516686,309.9534889101151
36.25926533130574,7.134406213512882,0.8221303754613114,414.81120714783907
18.63491660476051,4.323740055078112,0.7337117876430189,510.5301579479951
34.497604323470945,1.9979857302884867,0.8990805882181051,172.0215289078692
35.818802609278976,1.0688502539098832,0.7848937698824137,401.31269589981946
0.0,5.470714606196106,0.9152569197361902,122.56809586618296
16.561282245257917,8.092439999059154,0.7186795227111962,209.8340927106321
25.65969017654918,3.087513369501714,0.9031560949725501,214.07839520005547
3.002862950258128,7.239675130002259,0.7524724375682417,687.7312489510554
16.895275021385817,5.054923384735767,0.7089157207056422,771.7896030983896
31.691823846734213,9.007409339212987,0.8473779212028747,537.4496724863443
26.716171633978337,1.1653294806068606,0.7182724603533167,452.83399765368233
36.64054556130509,1.2337988079653668,0.8762384297187238,241.8862964746607
29.352717817191937,5.6782971431501155,0.7160018229511795,232.79846308137934
14.105734175660915,9.470838244567647,0.7512785074041142,374.61982226444826
23.817275428814664,1.9391098688125015,0.7587635102134754,389.42563147329395
28.477712941541558,3.579452674688804,0.8049877537671285,200.22892715367178
36.4683290978149,0.3176095134745246,0.8747538162270074,752.4942260765391
18.033026913336027,2.5877856752837123,0.9348557229947922,912.3687964083583
25.262659059987914,6.3004528595199565,0.8962521604038092,46.60754501819685
4.687086675042826,6.8984314935406985,0.8223750080783055,205.08827136889954
2.87687710703907,4.016752832265376,0.7197295225835053,54.82965365942842
11.398031270248081,7.358293103597951,0.7548092368258152,331.1024200477295
22.808903133176305,8.587440900337178,0.8092261484485358,677.4534496325583
1.7760413393082128,7.094456414441054,0.8482446557586585,373.4905936354105
20.25923572261712,5.1392796755235866,0.7772950781476068,240.46044443475017
28.53258637618764,0.8313716075498275,0.8157701180437645,561.3879967779437
15.928795495903525,9.486946396583528,0.9443867168587412,87.23682152702779
30.684118904590644,4.2729320980393855,0.8089729981970484,987.9546588251296
27.235690268907508,8.001998880056073,0.7557192159924202,658.1026363276156
29.254859964603053,6.487019698018898,0.7124875347993833,539.4386266558469
1.8081010087804246,1.276662870213149,0.7219873864648328,889.2156837342086
23.774887691248065,1.2344118494356835,0.8227831653843496,937.727915218367
0.0,0.9577595785357312,0.7192331064013737,230.6205135964589
35.91732528789572,4.915203960225559,0.8510906596935943,363.88757593436696
4.339002490752207,5.396496628884144,0.8430303897669926,402.3531451288961
25.948942786500833,8.768430804928908,0.9252729531829607,585.136988345535
30.420415070847294,1.995790042966394,0.7409326941539098,821.9556037344421
6.912416286189306,1.682373631937483,0.803501112423195,511.745684062769
25.738597255385624,9.81616043040421,0.7239068307016052,761.4820620411248
16.93425608081006,3.6933954786444425,0.8687895065020786,860.4311737072977
26.456734281174707,9.701590419584004,0.779978671423747,277.67250190475283
5.097637320992614,3.6175887553056776,0.7729763070661989,861.504351651176
36.63433739422548,7.1992857847341165,0.8199581199681423,388.21189521808355
15.469277787187943,9.562046679975094,0.7784438405597315,484.54720391852425
22.911570689066917,9.548925453137183,0.917484952596396,778.501130152511
0.2332563015219547,4.343077902623339,0.7671167609962275,906.3077102007469
28.92005742806051,8.90954060046602,0.788691647577036,495.2226055685318
9.998916308337828,9.927634623514102,0.714005097787022,157.91672331528073
39.230196914713254,4.012373192118351,0.9450176567265869,338.316508819653
0.0,2.0016110527208437,0.7760507195413433,393.6676446850331
6.600743297933876,1.0414827291497357,0.7495801067574946,669.5198496147316
25.36344467341197,6.529839530892561,0.9218199362497742,753.2128314622381
26.952531979503863,5.872875809992721,0.7349548307054549,323.7731567576013
33.06185892445159,3.992043012323999,0.825513191866742,463.48718445762177
1.2093184150301113,1.846450215924886,0.7298365123477795,523.0537159302389
3.8131389829601585,6.699107443565244,0.7881633077972614,828.0547112853734
17.564797657661273,0.8101200673391806,0.7040611345676036,398.3870470454709
3.888931932125236,3.569589041582909,0.7464232454943057,975.3803173914189
0.0,1.8024448991787116,0.9180445277363929,858.2133215933967
9.18153755688169,7.575435640087984,0.7620321055278024,712.1873825810516
39.95216390195507,3.6767914998715487,0.7621580821292107,965.0978296232122
26.92000756363746,5.605280805472378,0.9033028600334989,524.0962123487016
20.49478853630143,8.866867143033044,0.8280941065531771,703.8671995152444
12.99170091118529,3.0951808791387903,0.7930108146159998,278.29256640080575
33.40532475138217,0.8375035530614031,0.9380627861096226,213.00549857022855
24.733792210214922,5.9827883061019955,0.8319892926497585,655.3046461821683
12.188240781945137,0.22453020785898106,0.7958902777099637,494.78851868567193
26.437928102748035,7.800412639096616,0.910705214280879,997.0694749711263
21.617815400574713,9.345088557347935,0.8366286900252362,271.45966956609516
4.912552380102046,0.10490409672248616,0.9117784756776453,546.3198081979434
16.0771330395921,3.623480815952184,0.7687826947798597,550.2871178265614
0.12365125733271361,0.8508041607780398,0.7385794574471681,965.8565717726653
39.67321612245282,1.1497818477808532,0.7559231327772331,912.3422671736187
14.920935181237063,2.1459759550181943,0.7831693672075439,858.9609026361808
31.31661853218351,8.718043546244047,0.7415947485893593,415.1617783324236
13.689722280106475,7.871476338352741,0.9372356512885306,383.4031486191396
14.34522513813127,3.7259586297836313,0.9312956770747652,332.5350250951934
0.0,1.865154477356484,0.8097535769918593,328.22464932437305
34.9962796450586,5.315710932724787,0.7342720229810162,718.2398633694679
6.432470859990002,6.929322432828078,0.7768694828301962,928.246067085567
37.40741255081399,0.46192755160185867,0.8923013314367507,638.9127018511608
16.213279714903177,4.675804366466372,0.716548898310905,706.9282643708727
39.24453764723872,2.788313640095872,0.7247879338280259,282.8396613089045
0.21758820963248438,1.485852112568393,0.8269944511951131,364.20486080675556
0.0,5.484464980907732,0.8138890415498443,172.00254763533786
11.020336729116927,0.1522964054616251,0.7820693384624233,237.87132591284373
4.029004995338828,6.006710467718347,0.8466351263301455,340.2723363491109
14.465256762537296,9.921063150848992,0.8040183139807384,676.7398342121188
2.6157921505671253,5.870493589732244,0.878051217847228,72.89959471155626
6.969385752871319,7.987947493690019,0.9190435902631426,467.1355536602869
13.043660359467745,7.878335589258247,0.7491463634563403,765.1631593339582
4.693224981341783,7.479883516828202,0.7133035483198614,484.28065228501487
21.07213287646363,0.29559733595443355,0.8382445726113678,135.67647921600064
27.312822924863415,5.54061183664048,0.8680179041681311,764.7013321271779
21.927882839945728,2.5391483200042586,0.8428367212347041,69.45221825655452
9.005290934415937,8.940593589671524,0.7016908890774349,641.3379285118458
0.0,1.178223244239166,0.7470409403084103,432.9335660742391
25.81035207047257,4.535422395078389,0.7324844180426076,998.9373521526129
36.898036164014975,2.5871346251714304,0.8140033111101163,434.3608364560788
23.32735882723214,8.938059078984685,0.7712375396193112,853.9344886758231
31.091562712317636,2.255697649542646,0.947786963469289,757.6925563651447
28.9371602454229,9.153886937513976,0.8059166550783431,892.6667983427972
2.9109856166744112,7.014887598263742,0.7019502967314437,444.7121233757632
5.388297285917079,4.942188618966698,0.8952704770901221,803.263142846523
6.1418442387783,2.455277967546288,0.7574837739564829,281.07602910233527
9.035551422380783,9.54667120852506,0.9337755827182623,301.9364220189362
30.14718967234035,2.8866962510100187,0.7412730819072181,320.6271865427682
16.67872642588473,4.553381286405195,0.7730777942311298,261.70894720444136
29.442184084367426,1.0821081610744487,0.8375187934186703,922.0333101262478
0.0,8.557768622572821,0.9372745967643314,554.3714103243971
24.609580083511293,7.462967036973421,0.758175622812858,321.2667271697237
10.38626870860764,1.8230594856886497,0.7718032483368746,571.2147898613318
30.96764682281898,6.315509910133821,0.8952485453633292,111.88214638756094
29.86949626913994,2.253264966932725,0.8072176679144013,533.9341988686485
0.0,3.8322005455151062,0.9419720355125003,537.1475174249208
1.2657870615120248,7.186202048504325,0.8229714364246355,645.3516827292412
9.050089340817237,9.850604722544897,0.7387849358916282,896.9000440536702
33.46672311409269,7.6588708487651385,0.9209714527971219,320.8914126890152
37.00996884555005,2.435626487865001,0.7053612824365783,591.2643830760018
23.160192651951867,6.606414482253351,0.9365593367925737,370.88297764031574
2.829651922706067,7.609580475418645,0.8799950586376246,305.029608913216
27.40813146441597,2.565690365104715,0.8699749308200149,229.65863928866457
17.856129537699022,9.314381985754462,0.9368130232425389,914.9170140381548
0.0,8.680909051817132,0.8298166105002897,807.3407478018362
21.584037110343903,7.057238658615253,0.8440713973110714,992.0852687282609
16.59104542920977,7.920186879972971,0.8016687789406995,902.0158687296962
0.3232729174997967,4.747575322250241,0.7081150193677177,843.3757519363021
12.584269047753224,7.9823896890930675,0.7291567449723343,289.5691016401256
13.893293300018685,6.974551847100734,0.9358701987405016,289.36955339722886
3.3175799608257623,3.327199365945366,0.7921852956022241,193.2994609633695
18.38641746685353,3.23073167729228,0.8803547641573071,405.8388870904327
36.57746423451151,6.882380743157289,0.7364317624990839,340.7384681132438
35.74376942190165,1.9649329643394626,0.7299296536969537,746.9173043507017
16.85898883218834,6.396533003984411,0.8717332561913527,494.52074989795705
0.0,2.1353189912077606,0.926262591875824,383.679559868506
11.352149211153225,0.6873605175127863,0.7494038262987124,190.17539347887632
24.028965898067675,0.6108441775734159,0.8722064942309631,447.12125366652634
17.099127048800455,6.3012486026921195,0.8392773188043068,964.9563773403454
22.52474025870462,3.03279781895049,0.8205904132543331,786.3469962400887
5.214249890272861,4.066768137746069,0.7288744896515335,645.9979724463943
22.309023073754133,3.837697804077905,0.8554128206911139,285.61778946923084
14.861434020606296,1.8266829657238572,0.7772194834624713,321.07663645214376
18.928446075766473,2.219708230373664,0.8762578707016847,517.7057203448516
23.51095257948518,3.9445038002079946,0.7303192896066316,962.2597684589813
23.494316509712032,0.28319125253956373,0.8139617836782234,228.9148205362797
32.21810365477365,0.4065105574721126,0.787222544846952,664.5017798816061
0.0,4.105961766298783,0.8749676459429095,981.6874027408674
6.003368218874286,4.093371685791216,0.7117247636810061,276.553126559231
1.7096589281607624,5.788881875860629,0.8228114368158519,509.00436357909325
17.121701912890053,3.3339860697202575,0.7744604660692095,886.1483269736931
17.711197243952046,9.513129173527691,0.8333453681681894,100.15248982859671
14.093985918342877,3.3062317066654083,0.9015112744196532,507.5540614388155
0.0,4.88478039463128,0.8262366850247528,969.8082204009139
3.5961217890171198,2.0495871453208974,0.7205518304570998,222.5352727236999
6.714256279546374,4.3259445717010845,0.7988443850333763,421.35288076450297
20.70453802191775,2.878733892850709,0.9097920575148267,81.9546423853862
0.0,1.6405586895121576,0.77058487925201,334.183023256466
0.0,7.213526294978591,0.8703466933392315,934.6936907237452
17.388602123840137,3.8745896499999746,0.8174075245866457,965.2657981634228
29.673321925013376,7.582884471602412,0.8891041314527477,850.0611956903647
0.0,3.999541567801123,0.7480524724542233,466.1996359892705
11.162011448014036,5.229929219279969,0.934965378018342,511.7294943730029
10.308507192687733,0.7085157267338212,0.7485851037191624,222.95974238549468
24.695456098142103,3.085725812360428,0.9425959752347817,104.5619650849849
37.075568234840276,8.227024048904934,0.8455031412434196,501.9905133527367
3.123613189496464,2.3446467343049537,0.8569825396676424,258.1943182244399
21.7716011810098,7.069186420368824,0.7412424098725057,80.49694488178372
33.25699851898534,3.7344638712466374,0.8417156684002091,294.6170593256427
18.594016298613127,3.100933703350115,0.7245382238141604,588.4787482072782
19.555134125929186,6.691923753341053,0.8163812203413321,260.8442154595388
3.659838812002041,4.164438294133423,0.8916835360332283,849.4156030541262
26.49436368168739,8.975441234691539,0.8646310607375578,635.7135766899609
3.4217050836176424,4.551924452972387,0.7947055086989898,152.7262702866878
22.87087881925123,0.15732601188388573,0.7249040431956365,842.8214043260493
0.2390050436852546,3.184621217708859,0.8455388740744508,649.6472203508877
0.0,1.5540933479319803,0.765890336846964,664.0839736907551
7.447959350868561,4.141146557239012,0.872860606535215,632.3553951609396
25.444582392553546,8.940031118889511,0.9399556239972368,432.6872305679684
23.94585834080206,3.5748632389453143,0.9328197954459942,194.29103177978888
4.279234943622176,7.6562294190508915,0.9242106536092446,121.67039172765165
1.052541720419574,5.804735980923362,0.8797854153035597,130.82743905560878
0.0,8.872539098397196,0.810807751041074,414.80546305479345
9.015753878268413,2.842607891244881,0.888220892117963,521.828275038312
6.425728706323847,1.088059198818159,0.889867152484359,290.1636102654379
35.09283290978937,8.863181553181374,0.8433382878133785,186.49394783221715
31.702549657537975,6.346442565232873,0.7860893958700312,906.811503457492
0.0,4.826053019365962,0.8059820052501161,97.91863686942659
34.762719049625126,1.0440395648970962,0.8413464233737449,371.3155785945055
15.257432304579808,2.9363046879835397,0.8039295580957764,384.33941384625564
38.438254444026434,9.538491973894077,0.7327737550158433,690.237629615279
7.7194190031976895,6.357091515735088,0.7780879107742348,125.1472188029372
9.235440064830886,1.2168263964877022,0.7920981230587703,140.08635751110376
33.67430599892536,5.592532170199575,0.853340529211958,107.81653224640806
5.112083992933887,1.8508455804179798,0.9412618869796655,92.29596234401814
12.898960436218191,1.8739177574729007,0.9374278412205912,992.4801084739298
0.0,2.3325749801437636,0.9060539137408214,751.8210463114568
34.41971447460635,0.42939897240475683,0.8981281125348078,296.71950645365877
29.29840411568651,2.041956757048746,0.9325811290582158,943.9164182762119
29.141770504682917,0.513740974666528,0.7852932663635329,540.5139539037
8.870166496385695,5.261880997058174,0.7647481171696846,489.0242242130071
2.910432528993414,3.0884698816478227,0.8701425401429563,485.6154057083618
0.0,9.627829308090035,0.7917958817156955,458.15699034165283
25.454384205263754,7.564881409124805,0.860303705769915,340.1723395570053
13.48848009661654,1.7732367859618643,0.8368208821073531,356.7780424286302
7.588159916093257,9.910749316356464,0.9350160743563791,452.45448941686647
32.18113348588397,0.9398799672884544,0.883807949127624,289.4878419670292
18.389634433023286,2.316486727213864,0.7355509784882802,675.9234527465026
5.08163552559728,0.35263006803794755,0.941929212646889,591.7074088512115
13.49693395294118,1.289409218022309,0.7490369206592482,917.0567994346578
13.557169196740626,8.077327949133805,0.7663231293113559,925.0175151803385
7.463709934418971,2.078943000893757,0.8119967065503737,668.7834732105275
0.0,5.987874492822273,0.717313429346382,593.9527434265163
8.654257664502028,2.447777465546876,0.8320138185532221,849.6299079156105
15.23615741250399,4.74102917031369,0.8663830481183703,190.07075280909132
34.049571148630385,0.20002689077451757,0.8922518445025172,206.50026179214586
1.1760870014445368,0.6269354827035751,0.8514226301320926,228.98259450716208
6.383248382785462,1.3789740857598913,0.9349896640937181,625.8181103006367
30.054548830463034,2.74959285695068,0.8638667248709497,646.5975252283821
11.929191558388034,2.096175707412799,0.8111308068127415,887.8943014965196
29.63295792803106,3.4459610963892087,0.7366745030748808,829.5120930574365
0.0,8.689115566435637,0.7338253618261102,173.99523480162816
20.956007717468996,4.01496019118414,0.7028104271917858,775.2165751957305
38.1341349993668,6.106097394203616,0.8457311630420554,150.12512102442102
38.55635512519331,8.222353553176495,0.7617040694567571,382.5704693790794
27.373607587293268,6.795194423338857,0.829722556678148,583.1444178127346
24.62943442737748,3.34509200105369,0.7888340909138146,780.688172693684
25.229505649855128,1.232948794097444,0.8380852315352316,68.56464403141015
0.0,2.151641144222133,0.7661552802493119,892.1385703543966
35.55479319031937,9.314925640025711,0.9345685380979165,869.785873934144
32.89870535799659,8.268728831721447,0.9293825174349573,311.30024549141353
31.318661999170335,0.29376889575496884,0.7449521406890954,396.500292607598
4.859127840019259,4.086255882956939,0.7665306700885764,330.8004711600257
20.11981368998721,7.779109833272342,0.8826475157319115,364.906038186779
20.799231339263358,7.869032937112555,0.8621759984560566,871.5560358374277
15.620320535556212,8.65325119654166,0.7143908603226327,46.183717633704546
12.110128447231391,5.153627631549702,0.8453157107352957,238.6125501864029
23.574154379843435,7.286905179146981,0.7443417041020248,164.48244121197087
26.456362276881297,1.5203834666399252,0.7588668391012026,367.6543441817447
26.69163249293744,7.6001901801049705,0.8841749724983214,506.2714740881727
0.0,7.682366833851809,0.7040285263140496,265.33354889044625
37.0998521924638,8.480555340966694,0.9167179694787682,50.896321774537014
38.88607629449585,5.143323595609324,0.7290372910552042,394.3342588331274
16.92254030546274,0.893684980015559,0.7032781348284713,615.0083753079484
0.0,1.7096225538273027,0.7305900852388735,384.37253670176744
0.6341518524464395,3.1591837709083204,0.735668029378449,322.4767067017077
29.300546339458275,3.2378036745174015,0.8392545294891042,69.57706172336447
12.339327014726301,9.229141621350005,0.8585451201327353,501.3023767866468
25.022995653048305,0.6675144135950536,0.9430888795576045,820.5184562118867
17.310113593874075,9.516656558066384,0.912227274860733,803.2935419984681
5.3950283529855625,8.990222716714298,0.8854001329879474,298.01980567407213
32.68146905340278,7.5135937984586425,0.9199824954877791,464.34952317191437
39.21393316211773,6.2466406470774665,0.9330432151876848,102.52693014566937
17.302364956465354,5.476696190611031,0.7063080448328805,76.55748947841315
19.134590577807636,2.3761337819732944,0.9091366672807846,501.2996596670198
15.533116442274363,4.990144603889815,0.8885763131805728,44.201077185416935
23.63936932016699,3.953770614468969,0.8753592910434425,694.6893811976083
0.0,9.856058764455412,0.7533783545277855,645.9099821765557
30.463733093373534,2.121304995655069,0.7991220863299939,140.411271065093
37.36937728501261,7.15073337956592,0.815369072721695,53.59106026679914
12.05393542703501,4.805044280341608,0.8992182805531626,383.3219878371259
0.4690847970750807,9.10336421282158,0.8541283221098708,183.13913163516037
38.80292959369446,7.494611968624398,0.7707330745171153,995.6322166119769
33.7804186487472,8.48789018723717,0.7756697548735125,752.48254407092
13.577483594030188,3.51678464323186,0.9163770166813792,106.7373205942994
2.6163883369634533,2.818044685063859,0.812430205303829,84.1965424646047
6.143981816449039,8.930020202560302,0.73959683093318,205.34009443376766
0.0,6.4995075132497835,0.853178774043791,446.6362599827576
9.369342359325493,6.5498971149812855,0.918834512885703,705.2476434668488
36.06055627024021,9.197749877192843,0.9331200592356564,944.5175209891959
30.639718428613325,7.646411746263139,0.7429932414525892,583.5145727276548
6.088108184869323,5.969552537937243,0.863630554560262,518.9519194461737
23.40674705234452,7.139450388004405,0.838768485250417,764.2919708190184
14.40586017356281,0.22839101789889735,0.9121798910654124,992.1187367746792
2.955119148134276,9.040377287382588,0.752294638435324,868.8785097705186
31.70831884120655,5.709976600971857,0.8040208566882876,881.7749517358092
13.948917394142708,8.4762575756015,0.7262500938932298,84.31557095882525
29.880440797623827,0.4048017723560866,0.9268117304246385,695.6082631893206
8.24523340368374,7.194082952537702,0.7931148342526955,569.2566424200062
1.7830988272757895,9.135444568336897,0.9499507087614033,776.4947276840445
3.8485449734609305,8.775482956912212,0.7522247277541158,438.6563945765675
13.876165586825099,2.1585818691707446,0.7336109689039187,523.051769022829
22.025664649252175,6.242715649090904,0.8927226744250011,622.878073782951
10.671482296849572,8.452750387943228,0.7937964573551194,673.9453866129146
26.72569578895493,2.4127648053587563,0.7187503038234602,228.98449858891075
5.776694104758501,8.781097520308473,0.9290227287562879,800.7041399237585
19.752611165154846,8.246870220596891,0.9393537770502304,522.102604670205
0.0,2.9189491242352053,0.7355799433410672,624.1124323027246
25.571702998890665,8.870606002512652,0.9138337038639648,323.72574157442034
0.4306005505174671,5.165145847910086,0.7842090898545513,799.4398585406742
9.91826555362754,9.784787820391363,0.9453175481920248,689.876386702227
39.29415928418102,6.468362642273849,0.7613782354035394,962.6116764038047
31.81656121512792,4.005579624247158,0.7250860994941466,517.2560475474878
25.66892932719356,1.6151902803494844,0.9084184738125785,741.5201519404177
9.367841342979482,2.149864459023742,0.8039914264107086,177.7341085647612
11.310470885521607,2.304982140122213,0.8202590105786989,882.1252495205512
28.947887919519168,3.3559384229888907,0.7270550959219608,124.99940176667874
39.82138261391704,0.07219936489533932,0.8921815152467035,70.95385509843226
21.33347679432069,0.8941592052838865,0.7236759192809287,322.4226804861308
13.17957714790631,4.658292088052207,0.7382566722850974,435.9841693658326
1.4175944217171867,3.669319177521748,0.8193613366199675,315.66325992838176
0.0,5.667785918841175,0.9175738890210389,567.8777351314037
14.579499025786662,4.999902495530056,0.8713536502370901,366.1129095381507
25.42967205989485,0.5201345668845787,0.7950686180878181,132.75963151343103
3.549447113289451,5.790671848478072,0.7345975711959201,237.56475165871336
13.58142033277171,8.42077103126298,0.7392699120739346,93.45317120132935
14.59410672649504,2.098809768446778,0.7064255728934394,860.1947622028487
10.254252474978403,1.3999809149635887,0.8950668816382984,497.14169816222693
1.326729317582415,9.437059814897763,0.8700953599917771,256.8648931873258
27.933408366572444,6.841198732422265,0.7812963690090688,86.447575570221
23.76912638482125,9.967728361090643,0.7405803427741026,89.34518608943073
3.0061122619850633,6.600142625686676,0.8634807125004824,989.1223177961378
2.2189671718587003,8.782957622625313,0.8555693316011659,472.7516359272114
0.0,8.711508616522222,0.8949534158779213,91.93594118116107
0.0,2.92201222379146,0.9470763527890693,589.0470756756192
6.4727817938730885,2.030765277838087,0.839622909039922,527.9883504468447
21.667156977902565,9.716735033560555,0.8166752759113074,886.9754073309648
12.187212488414831,0.8568509359549182,0.8297213558444276,237.9655108803385
20.527797415258558,6.188191729280027,0.8749979775544265,974.9928821633218
20.09575355626942,9.88995750769239,0.7077533552996181,65.12933984129856
17.216843905573047,7.049337383251993,0.748037799776389,56.97604927926605
3.2403573388493387,1.0253489682033514,0.948812579059087,965.9419585586965
21.507751248006855,3.9128003578267663,0.8821788215604357,108.05590499295138
27.35373932583485,6.589647728356587,0.7585149222340679,146.01091078536837
33.981296302188746,8.161424710394787,0.8060148519802286,367.24041413328973
12.210298317744444,0.7638330295205332,0.8753562953267624,767.658407987647
23.533695028249152,8.407786558332537,0.7227964072403076,608.0379775314536
2.5478814837085904,9.23998079444661,0.7840146229881095,782.2921533431208
32.17274158351153,0.4517512746594232,0.7263402143589024,863.0064902104143
26.893280102602844,1.0239544378512961,0.8276604661131952,449.6151237168415
0.0,2.280927514894256,0.9442466545579209,497.1619655430054
35.12462531640908,4.980967885808281,0.7777441094700336,713.5554998537768
37.094039582549804,6.131626937744134,0.8359788095529541,594.0907783755596
11.098562982536238,0.6906461624253757,0.8860108372282115,995.5528461734095
5.924661890286994,7.258968659388159,0.7488067934233874,870.875475511194
30.368435124394917,9.99240584448901,0.7246707471588263,627.3118369307646
14.232275266301274,8.062933253042752,0.7942753852391667,426.43964242694204
36.564336463597044,9.59722118306162,0.7677557574621047,417.620470635344
38.47542028980088,9.627685919502882,0.9123873111255114,189.0758454980431
0.0,9.571294263300913,0.9018346960536885,198.4175191717574
28.339399759637512,7.566086729764771,0.8046617516595272,846.4734224049603
24.62073500445793,1.5566770462212476,0.8012411816060253,794.0472490393307
13.553889706461723,5.389686809159347,0.7959567426789307,585.7062329255322
28.77018643110309,6.066139495131744,0.8654398595012673,78.61956339397483
4.228037504769606,9.505272847168328,0.7913664099344797,557.3298256551095
0.0,1.5156417671664044,0.845267043317811,349.57518587412125
9.43092144235235,8.17650157127608,0.9387321212143757,584.1504692432508
29.041634067779402,1.0696083980116635,0.7176862524088898,334.10033186272494
4.324502771390697,9.760597863553455,0.7379863618452875,729.6234836502791
20.25922807021062,5.829235800440994,0.7796748615082194,656.1210338949004
32.65242315230952,4.5646354791681265,0.8785841305181322,135.65011770438244
34.00909722018204,1.4797639652434351,0.7868967717760104,601.2577762857127
31.356450340311067,2.0507450646477006,0.7822809266988372,446.4740636919134
26.417215014119943,8.747130522275771,0.7349742513795006,494.0486296915051
19.6393957338126,5.172777367277878,0.8424563360643896,747.7440336091342
13.288590570663319,6.632051306967152,0.9338817231658176,698.6036646660008
27.914034760549573,8.903021659832213,0.8135899579275343,610.960183039805
16.545232145676604,2.933646416692022,0.8728110681065702,763.701847725126
33.09742224235173,1.1647671040463765,0.7934573195744564,248.0196063512019
10.22766077570587,7.33065515711378,0.7141627690938931,301.0323663977779
0.0,1.5387418385397886,0.83703972868104,732.7511041671419
30.52337818894239,2.6779532270285262,0.7310549847807352,199.95702372625556
39.26730769350894,1.6174352607709146,0.8497566622746983,562.2336620111759
24.086905706595818,2.426514471118279,0.8997897256455227,387.36193627704546
39.67261567783021,8.648332343567862,0.7097920348209927,153.54973302147346
1.6565970000599304,3.6510282084249295,0.8993318715317141,979.7331725568826
27.569458546086715,0.5241597956116635,0.7770846196884498,50.08770042940618
29.46513807346631,1.950057542246234,0.8835912071255456,887.0608353616253
24.56280684788365,9.359728540258693,0.7324300413337526,810.0918895955592
31.451777453212742,6.165969323450151,0.7283165517397086,369.0513961371116
8.974379106376414,5.097230754380966,0.7751001218876302,240.57717690642414
12.434579992476646,5.0059615867281435,0.9091937825771186,580.7699260206962
38.83962811125688,0.6046861792855812,0.8379290357549164,958.7263651767819
1.2120996190843052,9.265813766245932,0.7210903047769762,399.57677888202926
13.09531988737823,5.664218042235954,0.8973299683021412,440.1882437810498
9.339798595975648,3.6079475919758717,0.7433797353546818,493.9476033805838
35.244828406590685,7.913289010711486,0.7069295072647065,948.9297150736525
10.617590738038295,1.2573800639032209,0.8232982630946846,981.1659662440985
33.483551274915534,5.862852547831449,0.9138348536100223,104.45659131846372
31.424347904003188,6.703107706287324,0.7966446941160532,582.309863426626
34.699169730204574,5.351573834462416,0.8453571426831922,697.0256528647336
30.26315642735335,4.242463806004113,0.7854676027473786,384.67185619000503
17.745340477533293,9.026186827374175,0.8682493452043181,188.30660191323182
26.28108813110489,5.044705238405047,0.790980364255838,108.54617254047011
31.8636095118671,3.6735068877932813,0.770131384266476,621.7146025678802
35.04643052917189,0.13034203700509428,0.94857144122443,945.9960268109754
39.30685359230104,4.831444410391857,0.8136379996661511,191.2136047775816
27.576473056819474,6.3711610434306705,0.8648510210245572,555.1899427830499
12.757325398824914,0.1484780180202518,0.9383240797578779,423.4909289480121
5.176402555611215,7.504898788388735,0.8419046688910634,181.5822960516003
12.860244349652238,9.950979939034776,0.8170001220716104,849.4023775616296
35.167256597211164,8.953112617792247,0.8113574631903855,686.269295505297
2.9072351038029147,8.702245384517811,0.7431458888240725,84.2651413772326
16.185763241426073,0.5431091950113017,0.7424136176879462,786.3497101924097
28.798982485984876,0.09963175637858947,0.8027765926668606,807.8292546403319
31.525923898650053,9.75617080741285,0.7518194239467698,215.1647594104334
28.14625179079443,0.2160081451445659,0.7399955419218831,385.9730125111539
25.78414201274935,5.468498585770424,0.7474530546458155,59.660199603959434
4.358889886599189,7.790855437269407,0.8764137879780681,417.1636446014036
20.76473386478032,7.227338294291856,0.9428257919559695,419.1851354584816
26.30393027180792,7.788890519335971,0.7778186527300863,500.72987089755077
28.631575592981733,4.0793325026931635,0.8722025070561589,129.1414638604151
7.646122020917251,3.8825336258810395,0.7705182878178194,691.3084031936498
5.908463459847482,3.9544206168710017,0.7140924643614436,861.8205849862396
26.249373193240654,9.132156233930132,0.9312094266815532,334.1756044013007
0.0,2.726954218843233,0.8845178004622276,546.268792475388
0.0,1.311289296392846,0.7495649208448997,190.07302618863042
3.065934204670036,6.003923873716159,0.8680150301679859,164.89475975074544
9.428309565163948,0.15324924654307706,0.8503394490429215,208.55091166139712
3.826194983617288,7.905173044017995,0.7422151472859464,419.6756222773673
11.31986251914122,9.57764028494192,0.760179204446455,594.1387472221661
1.8178929233829388,9.362667155674078,0.8169066625105439,586.9705827740308
32.74386952832773,8.175084353333348,0.8892992702970525,111.20674151470982
27.10687116535655,6.968065805932812,0.9215297109015138,143.86141662459468
35.3739422618378,7.625240902053851,0.7792266299754399,812.0944481943445
12.935929079187067,0.7920685077071528,0.9483389681418388,756.0636095884186
4.721801195564395,1.589469792456382,0.7650477206778208,295.55881622457355
17.116311841421464,2.5719129186307774,0.894490517261989,153.82495430097632
28.64551331029129,3.0792919409160424,0.8161797650646696,125.47339873966604
23.67377098718671,0.8879248357828986,0.9047806149211197,809.3927583152625
16.908675148367177,3.864387800673443,0.8885329209251303,614.8506189129005
0.0,1.2541315115999048,0.7531034859923998,917.4105617448997
13.353500905760562,1.3253400660928765,0.8439488068388374,966.7417941718521
20.200753578723422,2.1959905064584677,0.922999060727649,876.7603676276194
21.695295272699635,4.266451069569908,0.7130726188871588,857.1146053669172
15.817366535178284,7.759701489885172,0.725258383597918,781.8923359548272
18.294137457082513,4.253044813864747,0.9015408227928617,814.7098735233592
20.122839408401383,0.2891136099147063,0.774557318173261,54.56236850707249
5.987881596088596,4.608737366023236,0.8435789935489635,406.9651433533284
14.688992964296139,3.8949729333429666,0.7019890972899294,302.0477232956547
22.676902507371658,2.304868160898407,0.9349577691883297,292.71012033204937
10.46653261274984,3.2694389526470706,0.7347394378014515,954.1311083112188
22.612050676459717,6.368198880285418,0.8109146834497423,407.5445184223595
11.72145714201542,5.052923123543168,0.8204906028218121,640.7755374228057
1.3341612460992176,9.226424889285042,0.7102517351835096,764.8096979352711
0.0,1.178934163479052,0.9327261439059862,733.7526340802774
25.77255475287673,6.240772462531933,0.8988461673988485,370.6022588135976
1.8613330427583326,0.4511212566417519,0.7357820973982487,71.23799084702154
9.801400965180639,4.062570568939894,0.9060396368361667,619.189513629781
38.52171833902806,8.994449408225293,0.92031940854495,393.00617366191125
15.60100763657966,5.493292172632696,0.9457201603329585,203.10554889140985
22.790497978842136,6.625025055473794,0.8339776414444982,319.03146351012583
30.67561390693551,4.99348100295972,0.7291233475388563,689.6022873988544
21.486446661385152,4.028727484073241,0.8520548872883197,990.0706911254379
3.6732117411700966,3.0851883176661894,0.7445672649661961,989.3169639090011
10.831715217594265,7.5982584667620365,0.7239901227787784,195.29589547761037
21.702607815992465,2.164664679700027,0.921761414443849,207.15940953193748
36.13182735396176,8.328878100158152,0.7289278808816055,368.7955912689202
28.10976525646214,5.131778522797386,0.8128049338900887,961.7781877437078
15.655787341021291,5.204926344608011,0.8591362049961881,222.09494547767622
36.20513228333752,3.7519893191103995,0.7272354203701017,854.7717495102585
7.525524010432365,3.3047131965142285,0.9452185383528777,507.88050414830667
20.131045772809475,0.18366012780726862,0.7020336302880906,450.19950035840725
17.811184890005286,0.8570963718397772,0.9366578233603857,374.9525680232352
39.581929240371174,0.9626048621574221,0.7313711064965637,314.7080272800316
36.55050769795687,9.745119420439842,0.8610422138301566,815.7178502947925
8.812380061699164,4.808069284543765,0.925032870483938,222.52746052610377
0.0,8.59314716915746,0.9350525245764145,801.4163247603108
8.440223119761477,7.174663822844821,0.8742796513018454,519.3791324022059
7.416453941237664,4.226481865531303,0.7194943348814473,285.3818394289289
26.24659412103572,6.298120518345311,0.925897756405058,738.1691028680596
39.86662177002024,3.66859972625424,0.7231344622479037,623.8898232180268
23.572450056273382,8.865055061184222,0.7644465528126742,607.5546347876664
37.73903200197988,0.8132588059411051,0.7630682633074628,432.22954694695187
36.028945634892786,1.880041806309395,0.9138511293387759,315.97517934183065
17.608738732380473,6.246815238103245,0.8579741503872026,808.4640561980962
9.429725407091462,5.741471925019518,0.8829207519298459,761.7573798079376
0.0,2.135659770692556,0.8413623973703949,578.5195739625499
0.0,0.5436433325504468,0.8801219076760274,832.7066159407694
38.09396443916318,4.859438704104853,0.7499288104311777,61.697535216911845
8.999836901513513,9.516661165952879,0.734686048405342,260.7162731335714
16.213504212705065,1.638099072555105,0.9335223172542456,645.8661516120642
18.033874171688346,1.9418361131204156,0.8612987401008507,850.4713574506919
2.507008630221897,0.9401158658232661,0.750371622485325,90.16043844572252
1.5195749411280284,8.02128545769377,0.8223329285595732,237.4876199084876
7.946725804712276,1.7756564281347247,0.7829310658276465,446.1016160189869
10.633906973608207,6.430731788512132,0.8924629877261071,728.8094466190933
22.45258462663447,4.563557894624101,0.929458756755871,101.96143009791183
9.46102422534255,6.82978320711873,0.7952001371818846,712.689510598162
0.19961886985905014,9.254199769304925,0.9272575401267715,934.5103768023268
21.017210705563656,2.621456799540209,0.8706460736610346,957.8589082135554
19.401859026767195,2.96788763318438,0.9417288389423173,905.8551285012556
0.0,8.114294009842094,0.7592942647919922,322.4130560951193
8.352887923973672,7.309798760412635,0.7878640343062733,751.1950471782038
13.849462064334169,4.9257222304697015,0.8734837625230838,419.325226609133
35.25439339891736,2.453328523634009,0.7997773854555407,371.92414085635073
19.358093571241273,5.15644303308324,0.9401270291846037,90.49196241060767
36.12029684092023,1.5329070993060459,0.7294429538554957,747.5708265138379
5.805453040443381,8.822514518548699,0.9219701832752512,324.5899631015166
0.0,9.677618779131768,0.7459216992875671,657.7268000373714
9.599619492598714,2.273060708734246,0.7063256980607187,112.93544732079042
27.553781774326264,9.757916530599793,0.7667532023667121,214.25463477113266
7.6094220291579004,6.130586772434206,0.7915489226934134,463.6937188068821
13.786085299958634,8.423827214707002,0.7811106516195738,791.8971541753489
26.150542400877132,3.4644222368955804,0.729756003852232,101.17809232346332
36.78888729727814,4.8747750310372275,0.9151622947392022,311.5263558381608
21.516553187044657,9.58362843616287,0.8443398995308529,811.555207132619
39.86621868577194,8.452447925437381,0.7633346307047583,165.61002123300514
39.42031955975797,3.5881858735868106,0.8756331027939631,937.4648651766871
27.6593294023121,5.1332153975930845,0.7379826553288541,514.8680280361292
10.453022194118114,9.368497897512139,0.9054187460568056,199.9271495190395
27.627831410635512,5.965814481974846,0.8095426657360549,649.1503114001549
12.499148930714425,2.5476319291654557,0.7222311934226155,272.86043966723423
19.860632125604205,2.718278378858441,0.8844197370464484,848.7647929735535
24.045556537906236,5.6225854334994105,0.9263157458049341,296.8726429147342
36.72622130115725,2.402609757494961,0.7113554195127716,957.7184506857055
23.885791580552453,3.392912852843448,0.7354360095727595,214.50330940761302
16.95007056880878,3.7222716860518847,0.8384906831561846,443.3679786341619
10.585983350414255,5.514005546478546,0.9301760340101034,571.1618975172403
31.61221289049303,0.0667260930123334,0.7473216739819796,822.5022576659056
0.0,8.789873436193917,0.9062055376450382,80.20674420929097
17.273512036214193,9.236216870606857,0.8749635300097249,269.13629452678686
5.462737788981102,3.5073859144432284,0.7921718560368056,925.0099027444912
1.2699340811460218,4.024130830292227,0.7832413769817963,291.96960002866524
24.24876990800877,8.273590606159798,0.8782939763932267,971.4346021737314
30.01069983373561,4.916905991241737,0.8106604631760812,825.5242786432353
20.479487354346066,1.3459297398043524,0.8420180578721235,961.2040970643154
0.0,7.3031931370656045,0.9127261907073005,406.6481521668574
0.0,1.0745099513593248,0.8106658605925277,116.55671462595123
27.262933974560323,0.5209183215996304,0.7088619357303676,966.1275482204038
10.083521866040583,9.817827646968952,0.8475540859016596,672.3927994356507
38.02069925522958,3.6380244885721127,0.7672163553178964,271.8835622403196
36.75012297544801,2.4992440531083653,0.9282932039627608,177.99752894126578
0.0,5.916364069938723,0.8765849624287662,122.34311250880921
15.209372784052993,3.2903793841645395,0.8085679301171494,93.43742377750428
35.28354606825495,9.98186604850771,0.8578869612700603,127.51830124008492
7.106191180221219,2.1653573559973363,0.7471414068413195,472.5144292856912
17.364249559159983,1.700889423330667,0.7408797010374644,456.6762719743631
11.801110751432283,6.917973330981726,0.7863141518366973,945.4513109822146
23.53885242252824,6.220230770586144,0.8666777650356858,558.6805589050032
5.805867687112918,5.493144891445125,0.8887973454604287,170.2881916049699
16.17676758945787,8.545732503255033,0.947880820549689,543.3908024340182
0.0,7.076247436255038,0.7758096359381825,747.0967118514372
15.368286591879134,5.65605178614648,0.7314463364946306,950.9383478345112
15.082337776839246,1.8094085302335658,0.7875109387465069,292.439395601824
7.135485264142781,5.238956589499095,0.7678951542598886,587.1743136035698
3.527159312733942,7.743616936901461,0.7601193496534028,433.36710995644927
2.052552499676799,7.3577264809811505,0.8525498476429372,407.3333272995688
36.749454851361335,9.208111645360185,0.8751483539681914,405.687771967015
4.0857775387022635,8.008287898556164,0.8185363394957934,417.83007754022026
34.1572969514596,5.272494826147283,0.7441925442896509,75.90999322128926
38.122888590460605,4.245494966558327,0.703385371579585,577.7556120449326
1.61051678268937,5.685339489761443,0.8143249466176588,908.6062316946654
30.241510519164773,6.794403725890036,0.7878029088769278,647.3452972718578
13.269919281092974,5.900735190273496,0.9398021833256237,246.57845388675912
2.6737464946362155,9.16818959319462,0.843475093642335,761.3584116815947
26.325514132738558,9.936853494023792,0.7073831628823857,836.6967213236431
10.907134641325221,5.501068668601698,0.7225786357761439,620.8073277322712
6.8375589655722795,4.233548266479706,0.7546998040543097,243.81054993608078
13.832355671968402,9.121122660084295,0.8789496884846357,561.019105395999
37.082978232681015,1.4593805572238545,0.8697938802553512,360.05366794415147
12.649986781618052,3.074975534536004,0.813572271905041,861.9966423915421
20.757489318887213,4.236297247133403,0.7586245707310217,115.47010847753069
26.499215434032056,7.261920125956524,0.9126790989213147,143.2403952705381
20.189482158153055,0.6382010095387496,0.8433563606465923,245.5476440468014
11.968905160880906,8.209618461550471,0.730047992256588,972.2879936971335
30.186275176698263,7.254338730022885,0.9463388592282691,451.30873924289756
14.568974217717132,9.270029333860151,0.8884961518733321,321.9708291101349
10.157207040763943,6.920311930152469,0.7845535261201421,69.99293041571349
34.808885357680815,7.390712076322079,0.8286145509750249,40.944607979065815
38.46230669018178,5.242436044862741,0.782721239817914,282.32415407783424
35.804069780094885,5.225839685703891,0.7520107226282823,45.88488783925701
35.96939573581034,8.522869925641125,0.7016597796629437,676.2107768993434
4.543935605210976,5.77504424011118,0.7045688248026405,623.37818466085
0.3915416265307057,7.428684971577903,0.7796881459522387,365.4178969321528
19.297633012247697,8.217618393790364,0.9242513476561993,141.42417079783073
0.10699977133555116,4.860626523901318,0.9274477903744588,891.4936885221191
6.129295492920741,8.748996490484512,0.8058556163994764,432.59449722950643
35.92195334967433,3.062598861258868,0.9019855963271611,733.4628055942844
12.650444497495997,8.374372377383493,0.7914816432725313,184.79032174558478
18.008225074039085,2.4130449049418203,0.8371352640079809,143.74391181490725
4.036819918992174,0.3406743083446053,0.8447393964064516,42.42679670374251
9.408779580916438,5.4327589432137025,0.9470846740914455,301.07693003603936
19.956670210067788,1.7948389218734528,0.870248622626973,643.8096643102193
15.176198641082019,4.814161599853187,0.8940785384730521,939.349864707669
17.276018423628628,6.767265374886732,0.7667064834029605,381.3572970793704
18.567643879793494,0.41990254463726534,0.8881442636569393,83.95993422480863
26.23637805806378,6.394406830758857,0.7470136059877833,692.7980254580508
0.0,9.966199331256886,0.7614617908881801,682.6719912654868
32.70402171915011,7.117393988825392,0.7765682324376965,647.1320126396586
0.0,5.864607032592375,0.7365349544911339,899.2722850968504
31.275438000788885,2.1171286125977873,0.7213916219875376,332.84890294470284
9.814363250155761,5.950195930899236,0.7776262784988626,287.189065491749
0.0,2.0339767560855817,0.7328367913567686,388.37473175339204
8.627257407494772,7.707962956231452,0.7760404615985232,813.5411184887818
4.815084424749105,2.2261364742674763,0.729010514935374,105.03820767787737
0.0,7.285695310499262,0.7362761225851286,646.0932607244666
4.559606977161726,4.072707284074717,0.8517560102030901,180.63747234335437
6.116840906421128,9.288783086099574,0.908262046109549,952.5449921484482
15.103806120860748,4.980570623179608,0.9010850804558399,312.6454114151269
0.7387379010021541,9.83110223433803,0.7027286460948772,112.39354378940337
4.6318120503017335,9.838982159637329,0.9226695429808232,675.1550999703923
9.205668829577668,6.207149092678071,0.7015925153267344,776.4490521623159
36.81799895495094,7.330677493293659,0.7495498367683174,927.2844883287128
17.71050559976149,8.662482280192775,0.746449113174345,973.9071663922001
33.410842514115245,3.2334691240661826,0.8759590954384961,476.75728018075523
3.0892697431612457,5.1838489050207635,0.8562236497112269,682.6120675146359
4.248273102044645,6.2887602537326766,0.7181847333906641,934.5631884002293
39.528055386748015,6.682067334322328,0.9053125608906425,467.5889252659709
2.6102982454207857,2.885361013457324,0.8716798483621251,716.9962901736274
17.41112530757334,1.8839820327136492,0.9255344504279793,669.8311026615825
31.943870700173477,9.024898485199122,0.9064555167119115,67.87458419451994
33.769721894176534,3.9732006160177202,0.9324062664850941,616.7904781789239
14.208754568275392,0.4582273128985817,0.7212903925918586,381.35200409107296
12.336553914717094,3.4532218449917793,0.924303804275199,305.24209479666365
0.0,4.701886225837849,0.9038379705980009,708.4338251381226
8.327139966163282,2.8800723879752446,0.7360000604676252,787.4705293459483
22.698757697203767,8.476151825671055,0.8649227468784135,985.005622700979
7.7357021155476335,1.6812835564273432,0.911504942899293,819.3195317713428
39.39387272556239,4.445159282064036,0.8210443207962859,52.65931404538126
29.047633439256842,4.918156766380309,0.9323828614092988,539.7386979264761
34.11122709809616,9.783394398950552,0.7617311229522754,552.7239292550906
4.807206201526861,9.162116331499014,0.8899717962022672,491.9720931107973
33.55218672612538,9.35998479782131,0.8380663810646675,716.2627756097872
0.0,7.280643581426936,0.8033876930293647,398.4780391743292
18.854903605174353,7.625412541868745,0.8821051174430408,464.2094966539801
0.0,0.9100869236116591,0.8736727191333442,53.768375757696454
16.053756336374455,2.2484900543042428,0.9213057995427548,645.9784085926481
5.633389466442509,1.9049667360019567,0.8931348969503803,911.5651946602889
2.9412892691260835,4.322218730495415,0.7807531985511427,971.2092886563156
4.287610318756123,4.872016696834954,0.8616840009230563,193.70170264333848
13.660222061645875,4.2798701618139825,0.7163801628765016,830.8727659431654
6.728172231825079,1.088284081102615,0.8486234473834431,734.5451819496152
0.0,9.490371676623083,0.7621109942045546,722.3710332975922
22.057383065883947,8.53418383672342,0.7871580568563685,752.4245660740992
10.656218608966002,0.4688678665203357,0.8840849534446371,908.7218913330692
11.402089313199566,2.216760108075409,0.8695861188697208,768.9350076248874
2.695222028083258,0.7606212797590846,0.8569252548578293,713.8630692806959
0.0,3.444174039338513,0.7769156233304869,180.3440358756498
8.593685533821796,9.476046440206623,0.8786210453482179,855.1300675201134
21.342620209139067,3.3216047235418764,0.7086968116772725,466.2353015688533
21.412048300292188,8.627459467906299,0.9452325112457198,186.68895112540588
16.51419741046314,8.369841223689834,0.7019950989721065,939.8600434900131
15.931608827772754,9.272900376629684,0.819583757730719,787.0710434135514
35.74838658303082,9.131398980914597,0.8116440087021254,381.72262063114124
17.020406300279408,9.822344350056397,0.7185300423965361,892.9290595465376
22.155968641132137,5.589015073486388,0.875085996774065,606.384476604599
34.58920945749142,2.9677828244779834,0.7466674729936993,192.2202556393377
35.98628651760167,8.549841485179833,0.8497725552985086,226.87970959023048
2.176735859686785,9.815978942626021,0.9231761284842028,193.17678077644854
16.984117996615385,0.1675810700670143,0.7842749801797374,859.9843239536106
22.565349232091396,0.8989905574425222,0.8109276345932253,97.0828991327966
27.528413354696827,1.6159704029130177,0.7474583583594178,806.8504161460808
0.40597902308852857,6.360551425085978,0.7745686278253137,809.4354262908532
16.688367328041693,2.1501750705846105,0.863374734472016,981.5660356844942
0.0,2.452459598380641,0.806424317950536,671.3979858931924
28.24065302661061,1.3597421806353416,0.7165292524628081,572.4208029198194
0.376640979367921,5.008473140071931,0.8870861633574547,407.36259998362607
15.317533301430242,8.611186913218777,0.7772555061337358,697.2463272301142
39.884130494546056,2.0760507239641006,0.749142399617114,979.6759880595218
30.358931562497087,0.9511275564603605,0.7381431797737251,274.51794949136206
31.513773977176257,5.55179219014527,0.801793551019959,886.1937712740656
18.514327140791643,2.3282395524353814,0.8639022500484954,354.60232831230576
37.16592609427093,3.6850269328465877,0.7733946813099233,484.88960366373277
23.355373596559062,1.394628054492346,0.925149447318566,901.0456539435804
2.1167054469483206,7.790121116661282,0.719239746050491,860.1095187186762
18.87703633359417,8.007821906700205,0.8049445843865768,249.41916785540712
9.99271024920127,7.9782863600886245,0.8386762560828909,313.09982367584075
23.644229093196383,6.189739498666218,0.8530894405478654,482.2870222926052
20.24510562876216,9.312584353792644,0.8032674319670086,551.3373298654446
0.0,7.3010567049641715,0.7990149859504372,851.453995804228
32.21462068783051,7.974811710344649,0.8110342166444406,926.9587680442536
4.076646287967643,1.8170463549105582,0.7694358533138007,366.7022151599855
25.475720815626534,9.663065238159039,0.8974337992204474,131.4256886407654
10.181431666576326,0.5111041559135127,0.8231210581900824,72.96733734195321
8.573465954133349,3.1648114489171912,0.8404126812450716,950.8777638705299
11.91425911786387,1.383019908639391,0.8582364362881644,286.4641694580406
2.237159599852884,1.0928410337377574,0.8832159307669695,502.66427279012174
3.488563924036411,3.2347058144765968,0.8715732422426673,175.37796271831834
21.409095196393643,2.764063471742166,0.8437042720246886,444.7653600153466
14.700045745554533,7.692865615826816,0.7093948285691711,52.51942366071891
23.394881557246055,0.47160811962367033,0.7246945937109533,907.166810210822
35.65566493805709,4.237347367131265,0.7477255440962575,275.3132902458271
1.2628154357041625,9.43581753138827,0.8659210725621738,46.67030801565687
1.0644392986398241,3.2211848519210817,0.8953171682512602,917.6899842655525
13.706870869134354,6.204801097461086,0.7106363487737811,230.2487395893556
12.200957298340654,2.38113109586102,0.7506980439022467,441.1661678458905
4.361937423295976,3.757086830354973,0.754702605442981,681.206931577432
1.3716524782261152,7.807711971310354,0.9342511327054519,395.3853477763455
20.206005952544835,5.307990273209387,0.8504247561186105,859.5939688479835
16.60737827936982,6.201709437135005,0.8032815163064558,553.5564156015778
23.6830250845375,3.350952439076135,0.737620944713178,50.9563405782885
20.798308440670645,0.9262110149742255,0.8093482110731507,412.24085658948246
13.182854112136154,3.1904485704519994,0.922976000752362,620.0537086600365
21.594224877923516,2.6463492071050476,0.8465236813646331,737.380829218389
7.565792232327168,1.6936549752780372,0.8462218894925607,925.2565288062925
16.03883168663312,6.298779022269703,0.7864591675176918,468.2429408171685
21.97682136985744,6.7439925210170495,0.8080773587579826,54.623803260505426
11.465406440462967,4.792383053972448,0.7630377196607996,152.10354686293834
23.02317092729018,8.386486644745103,0.7491879435724673,745.7161504311239
37.3117926187496,5.622049561393381,0.9025767920871305,878.2237005993956
37.96608161286271,7.681065273209882,0.7817170526976213,113.11518774921669
25.53847151505788,6.437624991862617,0.709000153236161,888.5108983037786
2.393639805264163,0.10542922672854502,0.7360916233456428,222.73553053771795
0.0,5.386286750133735,0.8483188151842743,990.9954202734928
16.30709388522234,7.874909745056394,0.8817937320349767,698.3288952161033
36.731133846866726,5.238830276501552,0.8936884317132909,53.96435766893994
35.324944942804315,9.386741997211352,0.7624912178490046,930.8780267334517
5.792562831451975,4.248585811459976,0.8054570512429133,268.23068894526887
38.973330202053035,6.794813766625029,0.8474191340433168,968.9061347041406
21.26741162383353,5.7360582495438885,0.8337576265817443,507.88006593519873
9.80819574525344,0.5704503455633609,0.8413723193959716,55.95631682591694
15.50820490409694,4.402268248384059,0.8513027571424142,136.4377861473617
20.09500905102277,2.3331202960939774,0.7208696361888018,749.8173358864519
24.91718409190367,3.7928683776415326,0.8605778500775216,489.25358078503234
23.55925853187371,6.676274846371424,0.8844693461403752,459.25762327353436
3.520409146965121,0.5612077608330376,0.8636237262012891,639.2795485684845
9.747334944683548,2.017523232478953,0.8623588706807623,863.9121384526657
19.17269927370839,3.4029025182918335,0.8465540728923923,630.3248354012421
4.451480616828529,3.7045452761462667,0.7750365176201219,960.2409149936843
27.477430657142502,7.907865113700623,0.7276962437986015,577.8521126856031
9.81873631890213,8.499085358037146,0.9049478519050922,135.81697877629804
39.8163302436289,8.724936427419859,0.7790578980772216,927.5272222858388
31.078513899712906,0.6560966510183305,0.9468565439344996,860.7890852874134
1.8993585195088862,8.613377367432145,0.790770161788614,724.3057405661144
36.78951185086587,3.283556264979909,0.7071319394077099,754.6248615544432
21.82106315705534,1.6992858671820381,0.912819343407541,624.7117861477066
21.98196825256907,5.983499193419472,0.7001243105799304,53.42129436259022
1.4398392264744606,3.684434045141814,0.751495853580837,814.2835577146092
34.766752740134365,7.120158638418097,0.9420859811190893,695.2502811757829
22.902524891660903,5.282909614438169,0.8448744366351377,963.6038854093122
29.791776972812972,6.297761789417117,0.7764643500167924,963.9804425117721
18.030107856978162,8.684302042605,0.8400404084452643,675.8730842485986
21.400694269664843,9.370333463188508,0.7632561295357159,696.636996503201
3.981631557219164,4.171013357548125,0.867464345570222,55.138437320623126
4.653518447141252,4.362093005319846,0.909475265984731,254.35736087539027
0.34882577287059036,5.154008034936822,0.881092628536239,747.3296399239506
26.73375896355253,9.91880659049585,0.9370372761323986,153.01268767193918
13.174371016283594,1.030308576393514,0.7305438729069295,928.8812596706691
0.0,4.384323511175775,0.8149549423932974,509.1926488719091
36.57180508940192,9.763488460249746,0.777033022437088,956.0827120223926
14.882707096264202,2.554339241397608,0.8987886153145686,603.1770581395758
39.74878815789234,8.685172779943805,0.8483125997236791,816.182210923583
21.22849777346975,7.145037454652485,0.7234379463230447,700.3542719669873
0.0,3.6727476475444276,0.8289819986550397,696.6148056954622
14.159360489576713,0.25940348711893363,0.7383408734150685,756.3004316095939
4.251679526987382,2.7677696051739167,0.7924434758249574,141.67341303806643
0.0,2.921336893920738,0.7349930977895784,847.7217315290284
6.524831643786303,9.975593159840932,0.7261827649495889,493.1121193325388
15.280252471642761,8.867993771834222,0.8798988501870622,308.3529314298044
3.778489169382853,5.345062585195775,0.7264507528998334,967.3455433932542
5.146391654663001,5.4771452062311745,0.8237549031178997,777.2349161940776
32.105455548046244,6.737910109322574,0.8132407380457589,151.71785495478122
28.686870325551638,7.974651163136131,0.8372158288926103,479.7678978613302
1.6388533051191114,5.077372251536592,0.7149209541048585,567.7147178122592
38.047299230565656,8.833489899250623,0.7637533621358128,82.34935005074682
14.098892546978718,8.87164769840997,0.7576601938065818,872.9251921898494
2.926066287454566,9.140158923351045,0.8877128438112332,237.21350669890526
19.965003824511978,9.544754886998879,0.9451540321984472,143.25474473323402
28.1167762683551,4.35300296391637,0.7583415144497844,232.9981954779269
4.5137728421793035,8.03414209974207,0.9472371908793717,865.0885018426196
31.152273510844957,0.6290413340176937,0.9159742952047496,548.7774769788983
22.19476885441762,3.346668410997045,0.7742524343921867,773.3851081315947
16.61547666387834,9.60882289843477,0.8274577611798418,517.4921361594791
31.0776498457782,5.898351890737567,0.8027943260968401,961.8780148654276
18.31163858433468,2.4738706600991582,0.7229737756300507,644.5576322614631
0.0,6.788530787341452,0.797765961053386,283.23070084146303
20.325880394424168,5.583603624829374,0.8878992487370436,311.1860682032826
20.5557627645297,8.374244244982448,0.7705989497228927,158.60596115766305
8.839118913760233,0.37819882161491924,0.8898748164491185,607.2840659761919
32.211442138366884,6.9623668262144305,0.7188591836166984,971.4502167366336
16.56834412186843,4.797400686030854,0.8057963314372362,664.5463160225888
36.41558365871942,5.852051076959319,0.7881405210468946,307.2986063753856
0.0,1.167011523907978,0.9212744841296034,432.72640527936227
35.197819446966506,4.5126948268419085,0.719789722186822,110.68216305348592
6.967027882446936,9.504918930946817,0.7396952532555142,524.2846224389058
34.74184681606205,6.624779126514666,0.7476541357258906,650.1518092916888
10.442946272385045,2.629993128434774,0.9439562767949505,815.9406631045273
0.0,0.5274542160658303,0.7367497389664533,701.4126276706907
28.967092864454862,1.431236925996488,0.9131741028146625,458.66340398640085
5.6375970185729285,4.487279597892262,0.7485206438333432,157.51635571159525
23.110584916373536,9.100797953704587,0.9351631642986445,94.2187369304613
20.62471250503533,4.032095209964633,0.8819246389037029,51.45634652801004
28.10010113427679,2.0224418458066316,0.879332943331191,598.4055898325115
0.0,5.009537988017504,0.7169315277517223,326.5159116849688
0.0,1.4786515097749795,0.9485617003108564,188.20455895076734
15.896054842187393,0.7948967126891353,0.8437429703474454,154.89845117104056
7.6376838389589095,2.764489757094346,0.779887234408293,47.71437738014917
19.408605167920296,3.5217897498353916,0.7943441945716,668.8685983333022
35.3837921842637,8.48998005915064,0.8482611404021371,323.0490734989416
26.91111340753037,9.061781726523886,0.9282021088187158,974.3828418954238
4.537474293089913,4.711983286997156,0.8271411976813086,202.89688499634465
17.953746309130374,2.7048982651526527,0.8080020435876483,733.018698684364
0.0,9.893231011519145,0.8534478403963102,597.2560764519759
0.0,9.330215928423376,0.8796457531509887,414.43134361289447
21.56703871672953,5.8975332945340035,0.8708850770146563,942.4461844493103
15.220863033497805,8.764042225503037,0.8908294072117089,283.74202812932003
13.375885049728764,4.027456817710437,0.8500065322291819,134.4523255968967
33.84176536001023,3.8304438977073647,0.7061472753405966,319.2778230016545
19.328396648275568,5.360322912054288,0.8331555036891347,360.77224471809086
5.1989657568119565,7.34046562959526,0.8135127984511731,954.7543692492017
20.338045684879564,5.016905899265877,0.8567154733335489,159.89485350873804
4.693764877684129,7.101368096645938,0.7754107376155019,977.0886892903545
3.501467537563387,6.980571774691143,0.8123536536983406,493.0953586830685
11.55316969617857,1.7225321102910685,0.7764754500253618,797.4657207205868
1.668535901891453,3.4430683337872243,0.7878027109141369,729.4100592109955
30.067109980872825,7.76182516312505,0.8974730957791538,856.0955845197476
25.293630313140937,9.01521272231104,0.8567361993662638,452.1914406755446
28.185063852646667,4.49815708061241,0.8995182668817348,452.2038363405997
0.0,2.062275839037474,0.8595028769800755,642.5155034373901
16.93218600592029,3.542801571863912,0.7115292275134474,60.35226421113457
13.414333674763531,8.484973490671141,0.7997489185219073,100.30284262442794
27.48432041007862,9.602554123697372,0.722318837312786,119.34657923492313
22.90494062629246,4.719575405012456,0.8210165625319266,898.7736138508686
36.519953742976284,9.682310753751942,0.8295976827703785,253.25504752327842
12.104409322657423,9.295502946281713,0.8222877242133074,235.61558704629078
35.38730301979056,3.9828573167687917,0.7288400992913623,480.6942594653959
14.421134501306572,4.414774366847365,0.9005392250352382,136.45105829550712
11.206571556700968,8.995781679879109,0.8485303403422277,146.55207632834177
16.927584681192766,9.084464103776066,0.8712285137168649,75.85275994144915
36.25835278976972,6.7694198667259755,0.7434399534727099,636.3927945639741
6.3145138555711595,6.657864539929765,0.8627472984805363,472.9208427452533
25.276850181833836,2.9924619226805143,0.8829838909955375,559.5726309677872
33.74638602175258,7.46007941432295,0.8741694888229833,53.27815565898124
29.30717216365389,8.1683802217239,0.8322688472667793,168.5133364707453
0.0,1.8263584046787182,0.8815884698021681,850.556733539614
5.150833513313011,9.83248388147611,0.8479222778204976,217.48334324493754
28.78926734607116,3.3037306937928297,0.9105225373405078,273.85679856040576
11.534233728571445,4.185986937059881,0.9426897021974137,434.3894334916559
17.52886858740803,9.939383235643101,0.7814804633279359,822.1757770884708
0.553220104598321,8.362467306752185,0.8946795120301891,937.5560777726945
38.16915886794684,4.490401967213207,0.811560718125964,419.22273477907703
0.0,5.991097111292847,0.9266445807688118,781.4359870619669
7.122619502197199,8.169535515618849,0.7965772139550371,354.92068165969545
0.0,0.9792363476679949,0.7612350970159222,908.6544027089352
6.732434940145581,0.4749461778810996,0.8671361983709043,586.9469177791678
31.717801866651836,0.05189215949174873,0.7264705732107607,965.0588660671413
14.316692677104648,1.5861873413389447,0.7634547259645467,463.5784183980264
1.8278165048403259,5.682999905997951,0.7971191432513346,924.1390348573929
24.76685280187377,2.030453284212578,0.9461516799126996,283.57179952191535
29.15995966604072,4.971362983016848,0.9468656553063247,46.56479499788837
6.830137952611906,0.9750532600548663,0.7610621966359665,238.60600379904483
35.80901558579682,7.80362481699395,0.827339811874285,446.785819899374
36.57018191799065,0.3759738110974011,0.755813415821565,246.87093722425277
0.0,6.5217903755441675,0.7167365132642699,360.3503208078328
12.545293173873754,1.1736963717264173,0.8954228713316136,169.96228155722872
7.983558187582795,4.146883951241798,0.7382099141861347,267.6154566179481
15.949865399621721,4.154800193996401,0.7499207474670729,295.45679570075896
7.937889764000275,4.539128695699228,0.8590775954311219,727.0114522654233
31.479417430569846,8.433550364915215,0.7453697803988513,236.9906743574585
21.3983917387228,2.4004137554635667,0.8414071170981612,328.8807339547119
37.872903586250274,4.897252168340809,0.7393519140721516,115.73696985993917
20.858382768020686,5.257531511859641,0.8572222589865715,526.6102617865962
1.9373696244936363,6.596426118228244,0.7026078502106823,482.9791953309697
32.61943360544741,5.816899271523801,0.9338837533987128,927.2739569457718
17.41786169275962,8.581539113194024,0.9091526112558023,958.2173639134135
20.720857106898478,8.557451024694597,0.863544371428897,709.4541893365943
9.922389090788121,5.108031633478761,0.9061146390397814,804.3230316689526
9.34285001579911,9.745052955790777,0.8825635472485082,357.8489945274002
0.6045104237784341,6.762000050684233,0.9014883535732344,74.15874300660835
1.5253413401796505,5.28192464906623,0.7207606966109015,241.55679209189287
36.84228023666561,6.161906176904144,0.7485922215595727,809.9170719649376
6.426477967840492,7.199493230542236,0.9284736454178295,76.52077218768551
25.265042413237754,0.6466944239555578,0.8902433091126992,777.3519761185302
0.0,1.6657525907013744,0.7708841055699298,260.0452648505077
0.3382366334971166,2.6559466165461116,0.7962641563201415,694.2184867470712
29.69422780630538,0.08740908760573697,0.9035923254343617,88.99657355185674
22.124318148634917,4.029304902558803,0.782414122983118,521.9795095961856
14.248671914713967,4.892013126082103,0.7223561515114345,829.6254891834868
5.0585859807284965,5.900503356444295,0.7315481380179469,540.4248628509316
27.246763497688224,0.9003492772591742,0.8739491049137336,726.8839252835867
0.0,1.7863883218064864,0.8182638722363894,645.611093964413
32.088016505522646,1.8980705493539136,0.7102483399938228,755.0802350887953
0.5120580997067999,1.4885421452210135,0.7268203717932371,120.61696582541902
28.296375797542932,4.452844339063643,0.915112281901671,989.538294763452
34.13076340241792,8.293600253447115,0.9299788605321241,122.94929276141808
17.24474151463452,6.384478679940719,0.7948884991816089,365.868921092844
5.697125989207619,2.4461817635992245,0.9193778225114921,401.281083805778
20.697125322137623,8.348065844383594,0.8401185242805752,84.90708106560288
11.869343530652362,8.915984181748875,0.7961591272385452,55.691392319175996
39.48232376698707,4.296715272871719,0.7366926419366269,900.7668172720728
39.53491666911576,4.638236372460301,0.8469438668675907,272.30430260742037
0.0,4.3720012287930174,0.7624673229078843,530.836747170574
1.3207562666588641,3.7009859404084606,0.788135351675194,66.87530400937507
7.816360666175479,6.432669354381566,0.7325669466205711,172.7147652062105
36.457949572032426,9.302716359283316,0.8313324118278931,657.7013313138617
30.552153704494028,9.390204770060988,0.7085919041016829,755.2895126589615
29.817359281650514,2.201773714930389,0.731775991695124,222.4503006939165
7.641122414605999,5.7563832938746655,0.8245767357018557,268.608652648634
24.42921351138347,0.12926601982958275,0.7548880450947331,791.5842190586919
36.558134495097086,7.344966537724836,0.9275121575881697,232.91902635458217
33.54779903899926,6.971194033315884,0.9375081924907679,411.09228236616565
16.801236899090373,8.7525088174583,0.818766975965324,150.1193163315904
28.39306788202945,5.961517983627121,0.7003774012488271,200.48920402053315
12.150804144180661,4.3883105128011115,0.8568150339591496,443.27075442372865
37.415649240984216,4.007653884303893,0.7239729222528357,446.2497687022559
32.61655756111206,1.4525732333300465,0.8454195419501036,97.27575765715687
19.32863882657259,8.318858817977985,0.8229201245249202,161.18324219671936
30.327702179699926,4.179115910154717,0.7992435073057895,795.3535555776895
0.0,7.842944574787089,0.8813394076212321,951.4644037453077
8.882347164615565,6.075839953119868,0.9026868642730637,468.95345515163655
0.1902554754954926,6.373466383861649,0.7657394751863886,411.80802321163515
29.258805182356117,7.020494660146507,0.8876768962905217,50.19813222212257
0.8974562391856891,0.5704615095018508,0.7056021560812026,465.04953143337855
17.745696384453222,3.559818169263589,0.8212347136297212,977.9498840375996
13.401452595000103,5.682900030679566,0.8312796290164197,375.29745989381314
0.0,9.447326031723124,0.93817678317731,753.8757247669457
24.24494722003192,9.322187062691256,0.7429856914878676,249.41121231650993
2.726135374750741,2.065107534061902,0.7563872673710402,832.6642493308153
11.9358672514769,6.681923870449973,0.8298527354426333,617.1079052023126
39.97512274602913,3.2798554268213986,0.9127103347766583,152.51518865659057
21.856613895777453,2.0428071072293688,0.8250751319247237,364.3225997998494
13.257478207548596,2.8748778765062344,0.8028481604829201,280.239903505754
3.405462834585016,5.82166357632665,0.795050771985215,956.3821908265315
15.827810675364931,5.301344461807634,0.884680794275583,571.961677531869
13.915098188711633,0.7597366689750997,0.9218107393295728,682.2137793527021
37.22424753871051,6.067366005224471,0.8252811669906617,613.585054984989
22.741091384853437,8.776540971347806,0.8550638560633821,920.448573805865
31.468849056629654,7.413350159320931,0.7938462948098703,73.14985360662632
4.289664163187235,6.959755732909365,0.9447750344035101,634.6411696010803
2.051604136405216,4.953837794480324,0.7219827621195324,263.3355747750821
18.167524073277047,9.599790621892689,0.7327566549467038,518.4024116503883
22.561654812516846,1.3743638265205482,0.7458999152057123,916.9106229085625
14.7715255682214,8.46440313296411,0.8562501433672034,395.16374037673063
18.00060970454128,2.750712244544247,0.7151270122756181,820.9265482799691
5.031126316386005,7.776304067742271,0.8167217077795141,161.51753673007963
7.666971930923447,9.732705883429622,0.9240909074257195,468.41617404881526
0.0,0.3099837527803495,0.8281611957571438,521.612709479657
2.440432161960716,1.9417781826138625,0.7900132601356278,793.0639317294632
9.780394686238301,4.8692395972544515,0.7070870562739684,864.9302103612686
31.844193509684633,9.260901726785624,0.7710761786812228,653.9984035394234
28.294688356366485,2.7754796173473206,0.8182430613986456,571.0875424455608
20.687880911424582,9.82744031115575,0.9473966724214637,59.73389583559335
34.4110306360448,2.106213228799166,0.8511182363656513,267.446027765606
9.414050019914054,2.90740726610898,0.7427856608726044,649.4924023489452
20.634832852009524,5.6923397035057395,0.7006923472572045,62.21268782207112
19.113367765025526,2.5471630976391166,0.8001045462188268,768.7857263657885
10.213245076009915,8.8385363645231,0.9274598442011821,341.5501066273576
6.4552528450416355,8.443799182278479,0.7185099595094219,824.7015605299557
35.24372181668493,3.5191428271981566,0.8934485430985443,162.89815411352157
0.0,6.130618935262989,0.8070641662944938,458.51762435917334
1.2199059089432809,9.291330380781975,0.8993746173137237,157.37627469104194
7.274670831140702,9.418860173860706,0.7512684026499916,284.6132712425108
9.010741907647356,6.208008627568236,0.7293425463464809,992.5799102623299
0.0,8.961393571462473,0.8747548103432277,397.25447991696586
22.937746790384672,8.405185253684772,0.8510295505901084,648.1223962864034
23.378437403075804,0.6760040877796045,0.7922754764906659,293.29174179119474
19.915209289650118,1.1369488018349072,0.9307328932235254,97.2648853615609
6.822846117415824,7.301654586135958,0.7247151143670931,508.29388562955603
27.33113188033001,1.694546252497964,0.79534985341182,335.673955863307
12.714756191670688,4.631263239975199,0.717545618112551,378.7440761909857
9.98038037702551,2.891427051899235,0.7309131397073232,158.5248899575609
12.263372064391618,6.865466020768013,0.7803824602275364,142.05508771431676
28.519551103595152,8.78118163740304,0.925243244212942,691.5909847257418
0.0,9.877616252145991,0.9323551335580241,542.6232547893675
14.554424137982524,2.9650371264607442,0.736277073902254,267.32252299060326
6.624626658616103,9.135495917705667,0.7153027694820516,888.5233524784451
0.0,4.677932163217198,0.9019880778305964,93.2487484076064
2.213607883126024,7.481719980884139,0.8718968210470893,513.3868917719074
6.444687653801642,5.692010376440573,0.8923339252422893,800.2596924613084
15.793883742562477,6.530274475709594,0.8893431177578842,769.9611192153517
2.710134109814699,2.3779043125212724,0.8649100829865919,594.2629230275854
38.53565363067347,0.14004389841861936,0.7269626382305603,902.1501891847838
18.806131385618134,0.6838200879852738,0.8244030152872792,598.1925794526012
23.132182702124,4.650883472052855,0.7656357914137049,457.5266568960174
37.987821755749394,2.1967769642514408,0.9118207575092985,954.8139962118836
0.0,3.6004732731423768,0.7882369881135324,175.74962980721642
0.0,1.0697833017124236,0.8588642762147548,942.858291439502
5.265425632091929,4.775370293442414,0.8287714788147633,976.4866452699985
28.012479506921974,0.6963526788418989,0.7774778969157802,519.1032946949224
15.86064080317144,9.528411700405291,0.8487210170013415,296.598665830812
0.0,0.7505357606088019,0.7748754446469653,888.3357095189173
9.373666761008133,6.915802606779293,0.8894713175522577,530.0094492036189
19.03384869703308,2.6998547569944926,0.947788083794196,180.76983192777294
0.0,9.75163088770027,0.7104714513344822,576.691839185214
30.944169786810708,2.8110722775775825,0.857400247517639,660.7744205150348
20.547859246397184,1.360832071693179,0.9347143625025938,972.7974176521464
37.35557405193746,0.4692166662885766,0.8668665828875896,206.87337978922858
19.849650656963952,9.583600100993912,0.7866363764470506,357.27939334199925
24.649300094419154,2.120156329541664,0.8581004386718345,590.5834697279179
27.167725386665413,4.297176418400428,0.8284994123584843,464.72741327766107
23.000718419673216,2.2671289941947936,0.7169849741489674,730.212726015229
35.26183931920184,9.592699932189555,0.7175964542921324,657.8212909658517
26.532993546302517,5.776713727526673,0.7323872798762031,804.0351016450401
36.21041048124857,3.979466337527421,0.9037080363862345,652.5239212188036
26.9187053938283,8.594926662046124,0.8366364665960482,309.190023476827
22.756367472080942,4.331992158555102,0.8239402240233518,768.4658398827927
0.0,5.821752471042322,0.84706801025595,160.01697082702677
36.522264447148274,6.418623353032862,0.7435429100912228,757.8674497135336
2.295020194739609,3.5086861666356115,0.7157868891055834,171.17339336733923
34.12145988381145,8.1928685662534,0.7427566478401213,898.4652554519427
11.311996485034689,7.370387132042433,0.7970294808562529,180.83376461065913
20.2429292022857,9.895276666216573,0.7872489907031957,608.5609450865936
27.58321567778846,5.233695043097613,0.7208474235842836,851.1980955480888
39.58539038407099,5.559558184418913,0.8923133083013848,571.180922052385
11.572369230468944,8.588344910867503,0.8269446261277835,226.5519192713681
19.32147613842279,4.252551197690483,0.7933344841620926,902.552484048812
12.747512622040803,8.24533294066475,0.869783688114056,821.2995114866858
5.164511451888588,9.814921021632722,0.9373077989523055,753.9976531728096
21.896820019922274,9.275496528840744,0.8597480434679508,254.63595192492764
28.699354089439407,3.176604384947023,0.7214021662103965,731.6171090079089
26.486332370017703,7.627712540178631,0.7727796629094514,999.720593736879
28.85986337684797,4.491157334980151,0.9217841152611641,425.34300679405595
9.957870563734504,0.45129593784547356,0.8644202700537725,655.5521019809145
4.87545963699104,0.6126313404764197,0.7394377919177545,690.7175752385469
17.100651025364243,7.741135895028307,0.853516020821368,936.9045722810746
34.94453923435429,2.0037012734582347,0.8958509348266404,417.63680689215056
0.0,6.9308249302291856,0.8941191730312175,99.71123126525761
12.895978305865366,7.32198665074714,0.7017703951888595,378.0353838961312
3.8498628493214455,5.9247991104562905,0.8864332693420112,681.2983694433192
37.22519882269157,6.378183669185182,0.7409529918544736,809.2768718428968
34.034979055783324,9.821304822379384,0.8268137627879297,787.1043335998006
32.69690112523106,8.945007330942655,0.7873430628710086,628.7445215312189
3.9467779741404136,9.819746402387086,0.7006955858735469,971.7780800260796
37.27814191365157,0.8162732144494727,0.8256177694143415,539.7604136571359
30.161582069642023,8.630440600930397,0.7997808223389489,744.3534304260609
25.8924356350344,3.011140863473987,0.9405507763432264,895.1455412030147
32.30734606064463,6.571458578276322,0.9007328745717035,507.9359394026647
36.19381382162337,5.04634325061704,0.9038752601108697,380.9897853611023
12.026292880283469,2.897951852407881,0.7131843295621361,429.7184136942196
4.18680000074099,9.050229297944234,0.9102340946945091,467.83513671207277
13.631909892402856,0.8899144218267001,0.9235319498040722,54.57668468867002
22.78756144973175,6.442090655535644,0.7744343838803861,469.2778389337576
9.37271299840446,4.625601257895708,0.7585177296709352,955.7735279039749
31.490790607091885,3.323860352113098,0.772644330256675,840.6342396500652
36.33622522551007,2.07349305926274,0.7925364608047721,889.8849467332117
16.895471631222915,8.087086840334571,0.7580333731475244,898.8455187089694
8.252803443408455,5.7271919205896245,0.7537680689377576,182.1091246558298
0.0,4.629049650246841,0.8641296724078795,466.01541068037614
26.755090063067218,6.727838804588409,0.94757068268955,761.3063531351685
15.732187058681653,9.484865701361018,0.8039266417680024,69.22006022552921
24.140121513535505,5.01317722224787,0.8857417508615283,137.15164809679035
14.708291476566371,0.2804767587526948,0.9210907249216279,881.4115303968833
21.00096403081939,4.710533032817069,0.7487259223297866,574.6823154988488
10.657503705062835,6.026569013751804,0.919379742625116,601.9774020710817
36.6416385881574,3.0503668915371547,0.7535518832678936,614.0760099396002
34.48470658105407,7.776726498318467,0.7298369447566373,109.56756589816447
21.537599642438213,5.480936318588888,0.7575658959787717,81.1608517507819
12.786406243976637,8.479922836710358,0.8306053082952761,313.48238030713344
7.41072530955959,5.829568381944493,0.7406368504054672,677.7298193010948
39.677576150761105,7.966549440785703,0.7862763907731217,273.4590000803567
32.85750452912557,3.232166227233235,0.7516322919667633,706.0175720215883
0.0,6.813468171172519,0.7416627507221889,497.5661531663786
4.675503797930604,3.6848016497219436,0.888033231229093,550.3370972746056
39.282501753839206,3.5439311123556427,0.7512440752284362,337.4520365905862
20.873156092975385,1.1556346452196964,0.8151715074418276,476.73544776161793
24.828022978840366,0.3363656165889634,0.7674556700772092,326.9674057810156
21.89832177187401,6.273790519282245,0.858726759065878,46.91061667981188
28.1686072274565,6.968107902468689,0.8901265164735912,566.331220584453
26.16834945149504,9.660170866403673,0.7436161355102128,465.8705506156882
15.562810507118538,8.960511134492014,0.8695932732160474,132.19693506698843
19.893549513407308,0.39630465340247367,0.7231290747715388,601.1255320577775
33.672992623671696,2.6679469840193972,0.9227082006276394,295.3847688099464
19.174082104262222,6.462484497382748,0.9414086695547953,243.50312043417009
28.053383254215987,0.1961712065207754,0.9001699218807375,292.1864015040777
22.032101864666966,9.551644683989435,0.9302520472664657,360.8315635435536
27.63710006963825,3.649576253282324,0.8309424261161482,526.4403155484082
5.460704749258639,9.791365440196763,0.7051158773714106,616.8822651343042
4.7067043687284285,5.328827695810873,0.8577046915753734,598.3802396444246
38.53361722764243,7.373406554812678,0.911620909006648,352.09348899854115
31.687516476257308,8.145413028165185,0.7134948551809125,882.730647846656
2.7664778665253555,5.567637068804429,0.7904521191256575,432.87491542354456
9.160816940404198,3.938995697724181,0.8525243596139807,334.46095747369293
24.83420323833712,5.731926906979222,0.7130877744809766,734.6804955670585
18.711671651945448,6.685292854588066,0.7390001625558849,734.1494122489107
17.65711584148614,5.176632190137197,0.8212972134130686,396.71565836988435
0.0,9.192900757994694,0.7967167027575925,460.9408577596678
5.93439290973406,7.495708362755393,0.9461427934907438,656.8751969759952
24.943400523200676,3.82015388775805,0.9071955216650963,286.71595083187793
10.336758571626662,2.309924888681125,0.7775830466174734,220.21521115455965
22.681841502365618,1.6694104485072214,0.864670021334508,179.27429829931094
7.69672652874124,6.52745826549994,0.8133231213621397,103.44840123572688
36.90908883618923,5.606849962081638,0.8791492610809679,909.2431475833166
22.687198313798945,9.278370972905112,0.8991427940992546,381.80174598069294
4.3744255750278045,5.139155609404239,0.8278850051281308,185.5844247183687
2.0822932075782736,5.926776061682299,0.8747345297777278,667.3593967477497
20.44769876053864,3.8249937214282017,0.9140696930409954,855.6727771374768
12.656765857668304,6.030034586174648,0.8962090573976873,109.42269172933607
27.220301875438125,8.623331869794503,0.7836008284894873,549.6641133112857
3.04711535935941,0.18571555582550406,0.7887316120743482,233.8775736106246
38.58049463351271,2.185089049188451,0.8430904652779287,802.5531124512324
0.0,0.7625256910912793,0.7974762088531433,132.49952685436412
0.0,5.647907665354162,0.8891525046391011,577.6333626266419
1.1490883861075685,7.337287170848375,0.7940804629677436,975.8714680875966
1.217370312259605,6.604280304098248,0.8349307589401168,129.86995921212275
36.631406289352384,0.6039554787208645,0.8896119908079407,284.05532333672346
18.39782149047424,3.1031148369615167,0.8071063281312556,102.3945858045046
0.0,5.445186709782588,0.8602291621703035,532.6405539599549
37.04804376056716,5.865384642658219,0.8107958623602348,911.8802300802142
24.590396998631128,8.320121207987473,0.9492694214390331,112.93533887730156
37.4192133773244,8.450816523275355,0.8298641569056742,554.1830884495358
18.799864610517638,8.138875973828512,0.770812332392162,477.4008455638978
11.448251203940929,6.22646474840953,0.8911362500185129,437.37471025369825
10.388811847815209,6.700329461238445,0.9092480965670269,452.60152105608705
23.108982697620654,5.120124268489434,0.888131663927278,748.6790749837495
12.607527306253662,3.548859998857463,0.7459758554142336,275.3523637708063
15.046381761672516,4.697726477126944,0.9039135556036149,567.2684803085062
0.0,5.335329424536225,0.8848206114020524,657.5663095745858
6.039313717998605,7.495016308865967,0.794086705365323,565.4834953435242
7.9703829393328585,3.736293063194028,0.8655610512583344,698.3999433300081
16.7627110354006,5.053045641719932,0.766799382208851,121.53843007195356
0.1627694034321459,5.744510855560639,0.824734534461318,707.5992131034053
14.656148621323005,8.029571479169224,0.7975240379707642,532.6344511323102
20.31146456512727,1.1024629430151727,0.7824902115524799,860.8651202703749
35.72410415911733,6.160039841763859,0.9003664353688534,286.29859926823457
0.0,8.169218026294171,0.7340443405773426,59.80356000945566
19.51195398915862,1.6978646565651196,0.7628019099205162,201.61543275359708
19.005045565229665,3.191482146793474,0.7838713657494811,868.4327557760511
38.34483063492187,9.445774312185446,0.7239530199150724,979.4812088014077
25.095058331623576,8.362469670602268,0.8624796604038728,453.6474856143498
20.54784470609953,7.607455948020418,0.8878692647472878,512.2745836838059
20.867446627568604,9.227361139382355,0.9111277212190088,753.4558525649023
7.617616073575615,7.800381586162749,0.7992867522866276,336.15576697095975
28.611409814837266,6.848912780565193,0.786408526360749,159.63033481300002
9.247183265697203,8.286339045898904,0.7645201798071258,616.6792410460936
18.599821300498355,6.332669671400343,0.7832175864491993,228.04242143859557
25.98526918520806,3.929469934473725,0.7494750748003273,725.7892489150506
16.701441617469264,3.0218559739850757,0.9197078155807026,952.3237350774908
35.38885384287853,7.4056521867101335,0.8867116387207623,591.0266546644012
0.0,5.545739170089286,0.7334366428131975,69.56153220037831
0.0,8.977133914961751,0.935153413882025,564.949178139116
39.47698443325505,2.7381004662312054,0.7112037082080196,354.98788675827717
9.34569725007191,8.443075868109036,0.7272154624946482,257.26260667283697
0.0,1.9039745832308639,0.9208455502216651,372.9527642735387
17.110100967167217,4.4472346644913605,0.7259862628787613,912.303837074418
2.450229165757372,3.9134610804976413,0.7154785815534584,942.9541877916726
29.744193248847882,1.6922237110697045,0.8752077546143023,699.4079450860497
31.8073328256418,4.621766432918695,0.8900069769689962,458.4387463194083
12.746138879556755,0.7521805278329466,0.711256459696167,925.3836929086665
6.504459889254697,7.9531815816803215,0.7747827446377027,198.1562850273917
8.810839813707496,7.872036242336201,0.8727286328123871,529.5025818349977
21.60821853890333,8.579456057386523,0.8496347826158838,123.7302083889816
31.535380870181285,9.831250258047307,0.7496345360275032,43.87539032992038
32.79633355165748,7.306330157567925,0.8743718061848985,519.1428121779727
20.622487009437574,5.731121529107867,0.7963614610482501,616.3576995938674
0.0,2.261165583919769,0.7533539467521846,976.191834665227
15.191619066816418,9.857903812884029,0.829312237994941,661.5488590399141
28.912558241327247,0.6644942449794524,0.8934546325506325,914.3082778623547
13.12463781375088,9.720441925292144,0.7884140198921262,54.16174254974646
30.361733266229862,2.2021766280286927,0.7551825407751547,849.7353431675965
37.74693762343185,4.087393788427728,0.703484163460528,640.4749660076276
0.25894976047954166,6.81083254430077,0.8229696284276002,811.9492639794257
0.0,8.916763148651675,0.7066572956914178,380.0496078142136
0.0,6.00499296340616,0.7379781576400744,602.7161821240577
35.12165782140953,6.220631644382666,0.8693742221314408,886.6989724260847
0.0,5.365187745203118,0.7766619521630935,532.4256377730073
30.098392016969218,1.338989596363939,0.7275922849048391,509.15756237836894
21.813073506893122,8.535285662609345,0.856809558723163,569.5026275229345
0.0,0.04923923991038144,0.7948011898421365,265.8560712813232
29.462258148976886,5.767659686403203,0.8979278885234601,282.7065788112077
33.69344800229554,4.335143945628125,0.7120442876037666,548.8627066105267
28.557749877198347,0.5872784868424653,0.8901619241414349,357.61031231882765
10.118192605859527,0.655487109532927,0.8379233740028794,346.9354976080465
29.880715813733556,4.275835584709333,0.8105602942941599,734.6105100987642
34.55203043472387,9.014976322932998,0.9064856420182242,544.304468458085
20.63665781336578,9.737362226116916,0.9379378718151232,404.17037970925156
0.0,6.353891951941993,0.809445315926123,452.92249527658055
0.6459034214597114,9.893382681632682,0.870232991225917,407.87771582973045
6.193485063575402,9.52814690047137,0.780306966737927,167.07989904491393
8.84327582153388,1.1522771846666913,0.8437748223175512,491.0862905234201
0.0,8.618157931690765,0.8392868286975091,60.26865016386193
29.734185317683355,0.3928767027693733,0.8686613801024592,505.5810562107097
8.662333780506039,9.129033066429699,0.7496845933967414,722.7117792972404
4.122750056460015,4.508974534636136,0.8033511093226022,286.7666987954159
37.4289219522501,4.898571936691386,0.8279906649841782,147.25523702654115
17.31857419774088,0.16445716879128425,0.8019688297522123,553.2989855446788
29.3171076429396,6.563986023496756,0.902507318192638,843.2293137864342
6.5329299704575305,7.121026900321389,0.9032264388662905,268.0987857314559
6.421796333407449,9.978453727917207,0.7765466275028257,192.92245280658244
23.393250066350436,5.774233383969385,0.9234180937156736,258.720991748378
39.11128116605651,7.74577617743188,0.7387639971393116,733.5941343721073
3.0053151648805505,2.415271433905776,0.9053601502533944,428.60566003103764
26.592801893209057,0.9639275353405221,0.7530003378380845,747.4412122750333
7.253854284834525,1.5860616194721975,0.713120943085027,538.8101654482923
7.77846194143337,0.49658970752694986,0.7780288210045011,792.9861380121099
26.48406656024802,0.2113414584927534,0.7532678516261105,496.0643109530492
7.534137439594673,2.4879269114181835,0.7640010524790956,649.6985083847269
4.5927581139332885,7.7570827153018795,0.88959417403347,246.54492939959863
19.97412355904488,3.512513400702927,0.7061699995629782,123.0710268658029
29.06846594241663,6.95804366447188,0.8897029288887424,143.9322058259557
0.0,7.728109064050539,0.7954713379362792,126.23011192902709
19.204744361652526,1.2669621937531352,0.8233890494901001,47.288827305523924
5.852735878290673,5.748921814676313,0.9159597774821653,537.4447733498488
15.097976107756748,8.95439362253848,0.7202688334985407,326.788409970633
1.0418506085624302,4.429300616904996,0.7214243089834977,701.4916351478942
17.190243701830145,6.30996019384147,0.8677756418537891,87.18794654058044
10.77487514824477,2.0301459929449166,0.8343022086189742,797.4139034603539
19.37027331893875,8.15897390078568,0.894845033896036,853.3929081455499
0.5975666319958876,2.632753017857717,0.7506990869075085,53.84738295576895
11.161649212277295,8.677118950910183,0.8993643444369577,755.0412758689048
32.40296872371923,1.0607147070912932,0.8174338171359936,171.70411122912674
25.08262686623614,3.577266702566504,0.8696137092699262,187.67107250274393
38.77511033122258,5.104552698838848,0.8069603499409294,885.8609369825135
26.258894534805844,6.640675729397614,0.8536626901567436,214.0454275310718
32.788420598817574,5.405182749028296,0.763452578446248,358.98304943115534
14.167580635569099,9.15064585968581,0.8781872495167324,306.6057476621162
29.25359391484467,0.431773660600792,0.722831527643513,695.7884471933828
33.52982478104934,4.932987506429958,0.8937062901916896,592.8875930030966
2.083546286193401,0.3527224687191472,0.7985305442149162,656.2669186159055
22.255257089733522,4.66996871966648,0.7438697972149899,71.1179775519079
5.976636493653656,8.963025832394136,0.8522357343489095,210.70740309636764
13.002603728849518,6.0111236529523,0.755642186109052,839.5765865897829
17.643325228287736,0.2108738329286528,0.9118696912643804,135.34708846091266
20.04532768608019,8.097204808291893,0.8029521104616195,413.25753653891826
0.0,2.9039905761603335,0.8374385968820577,613.0600043678513
23.49359923098693,4.463466955384647,0.8614527976660392,926.0300130693269
6.890833463449525,7.049489854411173,0.9291571134912406,964.0189040355541
2.9520113518812843,0.17353200498578497,0.7230170192018149,511.13138769053893
34.955390249250854,7.864147552510599,0.7223861676563171,448.7604660200912
36.071255311853335,3.6217590517701352,0.7981805651866645,452.86988282463153
26.716040415421805,2.5448621623602437,0.9083236420017633,502.2984977953489
32.917545681601645,7.137112177277393,0.9247426363189856,854.5263321308969
7.498812340859245,8.040686535772071,0.8645988670124656,699.5347242538073
4.948139043225716,6.302001105269049,0.7671546434637523,372.45321539339477
11.816192616934003,4.433742825742369,0.7929155225840189,407.0390552050184
37.74609675698055,3.911829205657899,0.8274822067847807,131.46810964736022
30.762246775303375,7.566469500141234,0.7961314827458987,152.56963440028872
8.226492569615644,4.977287364385007,0.7731681816270175,203.47912483769124
34.73765323566355,0.7451506787143092,0.8559178485819623,922.9505052223698
12.498990274228795,8.658614326276748,0.8259703337777475,437.2882161711794
32.01737446323092,6.897722358956846,0.7234362675761717,784.2568935912383
9.568938714800248,8.960540623591445,0.7527880444127139,340.686488604936
26.41094321396751,0.9163854388109237,0.7426280231226277,785.1741336390133
7.305556719787704,9.893207842323374,0.8412496188642634,104.35993009083194
3.04314439440291,7.912549181464972,0.7983714559478104,650.3499822519639
27.425316161821133,2.803181639668857,0.9488768793686381,66.16570481511268
12.586246584573408,1.1414734601014065,0.8556279729682478,821.3175891215047
6.636774156960833,0.08364441493571982,0.7616641364825483,503.9045666463937
30.895921993436513,4.899137333892188,0.722964407349531,997.6430599838937
1.9749110752491927,7.446118502808039,0.9453619426992124,391.2544727612423
29.920891980512216,1.847960668143493,0.9133390584610535,935.002642269481
28.98984236165463,1.7000823255399595,0.851862615340757,751.9666753312977
28.43329433579833,3.0852121825205554,0.7262490941201502,617.7916287399177
11.541972533964879,4.940221198901068,0.9399283668738178,101.0770804113591
36.99924088451917,0.5344258545857244,0.8527919757541634,729.4545755455251
20.457292998926967,1.994006356836368,0.937560748532864,320.52361937512416
19.816221393820193,4.8801455089945,0.9421793870245012,195.1753063524006
13.892821728537486,0.8781769977622638,0.7162646422987642,335.3605037255135
33.25352616718481,7.137734665257884,0.8832716109260306,87.30526812366438
20.945431517855003,1.3695572671073573,0.9360430707819686,981.1933613760808
28.43859249829634,8.178437081419021,0.8534064417915718,234.40346233370838
1.3824028451658326,6.964226210190178,0.7737302326733341,509.58408003862263
15.832780330920244,1.1642797503004143,0.8321853110585722,737.423372764225
10.668702239063817,4.590967396734836,0.8758347760070693,344.27807995465383
33.001996938780614,1.6765516726188854,0.7351641012472083,612.964580566021
31.94002664862147,1.6213993887075857,0.8176222410237247,123.58156639488158
10.089816044727415,8.987459560017589,0.8456117690940129,67.64617025469181
0.0,5.067480094131328,0.7611990862540445,487.4655204762941
10.276314166159684,3.802505979273173,0.7051119041010371,529.2159498167916
12.472904393739235,9.751248008220806,0.8679788970992479,135.69707849566217
0.0,6.407947695051351,0.8239953827141928,678.8748835227498
33.10606045941732,6.001405523175465,0.8667552168853911,824.0587718770279
7.458203785865875,5.489792422483111,0.9359254484180138,260.78564376597996
2.564355411195962,8.975294315775479,0.7432883713823968,534.3211362146199
27.387336206058723,6.916180464868067,0.9452085865411308,936.172623441091
23.738662072903658,9.657353894709415,0.8041234739424968,722.2633186129374
3.2868152048024064,6.656293025398709,0.8222870762338901,856.7988805278884
36.273688300121684,3.0584398595838262,0.8040326351170405,93.08590163877102
0.41494252802709936,7.783167516186514,0.8602409239529927,486.3463864110915
39.041798299557115,6.1284570080221,0.8248160089513661,848.2489592299773
2.232377259299789,5.907461494490525,0.7130681410119319,107.48247693819991
2.174260209337164,9.466865412154226,0.7035975913028991,71.31118492497083
18.76327752732492,6.366445577582249,0.8135578388629956,887.2404279010159
9.755631064562941,7.143952063815738,0.8918451818444569,833.8534329026877
33.80744516118126,5.02451205861138,0.8206545824883398,492.4108118054979
20.065644757804545,1.2669171559233883,0.7667480185486936,481.7748375794806
34.834048970805405,0.47491584654549945,0.8671565291984682,565.965671376721
0.22038236140348588,6.300019943331607,0.7353610767498417,136.31948759861314
10.84866458937164,7.1471163611814434,0.8695836068652021,183.4756909327612
29.835620697581767,7.66416082746509,0.7813278423172675,868.4735548214469
35.62594370219867,4.9192397228221605,0.7526047369852213,306.5407664884624
3.8109422388420366,5.697152682796175,0.7495249273363627,466.96823053768304
17.223171419085173,5.0194091974328945,0.7129427568032084,595.4823588731381
27.592526617098912,0.5659919366173358,0.7629600279360435,885.522558129584
22.302475660870734,1.592908760928712,0.742637699547576,960.9735844065281
36.274043854117274,1.388548146534388,0.9488504319794678,758.4615010101484
34.98760342632826,4.313763642881761,0.9070004677862803,119.50732720857829
28.007036496785904,0.026938832090988445,0.7490066870038566,447.9377702153799
0.0,0.7487840867832695,0.713085199660944,912.507134653599
13.59781585842411,6.504861482539535,0.9098637289554372,279.0878490768936
26.18125827066805,8.7781460187095,0.704550308404861,931.7524336987082
21.163488113674166,3.395907693627238,0.7762432764454141,787.2214507255198
4.721333270564843,4.937844352634534,0.7854685387030041,153.9274112780214
36.97566058407438,3.784682407610918,0.8854220063999052,448.2220712739511
4.889326809917542,5.454618562655072,0.7774898014259275,974.228723432108
7.521219603409134,2.496096937038433,0.7590784791765697,154.2704739155381
28.949294732528287,2.4816886623017886,0.8151299497989319,208.99966478894416
