region_means,region_thetas,region_zero_probs,region_lengths
10.379251211442977,2.6796748256426413,0.8629104671080062,987.0634997220186
32.066065866943966,7.805213363830142,0.8922936122626465,195.57953049570972
39.575470395049635,7.197784471789514,0.7668142896860503,725.7572663036784
0.0,8.973948288902184,0.744079558934748,224.25760866790156
29.671820492351173,1.5732857125293003,0.7798534902761404,662.3506582911917
19.49943634068329,6.928355539902087,0.9026674950038263,908.4168819121344
19.225048399803683,8.790647298283666,0.8851503363509848,738.5434136343371
24.971078571876497,8.39585777335338,0.7965059894539261,235.29032099859074
36.31737277770062,8.26534032169921,0.8297519796678109,58.49571098541215
3.4771254786167787,2.672904841839569,0.8965742958029498,856.8005674769955
23.93964215639222,1.4212675209875776,0.9070159102388858,668.3092086684438
39.123303541318,4.474010743299812,0.949691115492982,795.8259190943548
32.583933051155526,4.91273256377088,0.8871582737042087,360.13689764992534
15.1137685210932,1.1894455861131152,0.923965141232649,820.6667727590506
9.683090468360575,8.768130289253113,0.7403806970661275,719.8511430021962
20.345026618521366,2.2181791367626618,0.9004131283282601,92.5080219687618
25.23356390226134,6.1277741352087745,0.9088138396600509,923.5057600042184
14.722662698347719,2.4691925523825264,0.7476383539709114,59.67566482881292
37.10399357660644,7.064268425791265,0.8783996081406831,166.609753780224
3.6249520378351856,3.0094807898324043,0.945458876265421,923.2196598205759
34.18589793958868,5.923410415011,0.8357505937381164,705.266797323067
39.410859773343354,6.68322303944082,0.9333836643294112,276.5607708952325
0.0,5.440001510710978,0.7077022140219352,734.6511790532161
35.33402483754906,9.000671719663485,0.8950278586593283,700.0918073515679
35.541897616778286,5.7293891849701435,0.8646777365801975,482.15230278191365
36.69078509179511,9.976123859968343,0.7831064842255744,168.6182256474194
36.548518831100004,8.50907487331297,0.7922425355450828,722.3292605946128
14.138449716622567,8.472652931151092,0.7003328579522147,583.4726692650958
8.242477014559395,5.558970632664572,0.7948640375161529,323.68221693045155
21.463355466525286,9.84332953887063,0.780306508017311,314.17823733860746
26.45921835929275,0.4358512348279992,0.8265548618952132,810.1848450545693
5.794825596147051,3.4783297060989136,0.9304268603818733,782.7142897160325
32.32755835129971,9.830246515426051,0.7270973379748464,830.6792461607957
15.099395835679594,7.514718046743181,0.7084829849849061,283.92856158701
22.82654816556077,3.2562534429171626,0.9043020479330717,989.0112728169071
13.210331627730271,9.58314145772386,0.8068940078798429,873.7555722330712
0.0,1.8362663093220628,0.888698415153794,878.8957474777914
27.09415008090027,3.0984244736931386,0.851844556361435,723.5972892436395
37.33929427833627,2.173525813036907,0.8891285882338292,813.9074106842203
4.408985832634723,4.782087337344872,0.9059582435286534,846.2142468499633
20.396633788452437,6.730079226555475,0.9164152694288922,255.3897455521259
28.30484921264827,4.511440988329594,0.9130872248004464,480.8441753357484
22.372659683512012,5.17524566645254,0.8610483006319911,167.24530521315847
39.65654495080259,1.479780996574476,0.7512729496809418,108.70880676262101
25.19039062585348,6.081562994199767,0.9436707168830452,574.8518092750129
36.68139108314502,7.874764816256697,0.8030636945865708,461.7713143397629
3.6744996160557113,6.08985828512112,0.7112176478254993,109.48116482219856
37.6308279011136,8.161435902943879,0.7046135731420023,233.62533729018753
28.03264620291971,2.24754835011148,0.7223429129184902,512.7022452653415
31.55525549638547,9.870555447567122,0.8975834455417736,722.0760326600861
16.63230094075653,8.5771876044936,0.8232723183441729,237.85713643430694
35.31304928448596,4.852211323233472,0.8082571748236743,710.5989148853803
12.355882223753516,0.26545986828162127,0.9287100153304482,249.6638649948154
0.0,4.895040554824467,0.7188814510722683,876.3462502477975
8.782939151257441,0.3122853867476036,0.9060482472142111,155.3027623100203
11.194454271196166,4.112147050549531,0.7228569118167598,468.07796220766477
0.0,3.5344447154589758,0.770836239502631,745.8375053948554
25.921606819812958,9.99833947390889,0.9320571089395004,897.6951531984951
26.526112462284374,5.597055165168595,0.9039116725659434,135.3065441217325
0.0,5.644716789104439,0.7628663918829942,939.9612590334756
0.0,4.906922715044632,0.8146363507881382,136.98061077199446
20.3521454209926,7.249342720335713,0.8575295218182409,835.4553381384441
3.831708638917803,4.3814697511573835,0.8014508709980135,92.72632336792779
30.98548236241229,5.140952306142146,0.923279999812969,824.728418062911
0.0,1.645136580863855,0.7741262488720392,148.45162559144967
38.37227943786151,8.109500595567209,0.7912075987351814,135.39893497370383
0.8406037120072396,0.6759967224658684,0.7711108713897179,862.2474805364415
34.75238939680132,7.2313912542987415,0.8501032795725308,344.30380284723003
19.751317923442613,2.2442741437245415,0.7950983926590812,93.92878985948563
26.60227083100082,4.630273818495858,0.9109403361954135,283.82438630523006
19.430799623335783,4.956639591418568,0.7729205035894126,542.3776448476459
6.094458383063017,1.9418954236630648,0.7964084752866095,322.5809703527084
38.88578663788994,4.2700007101703354,0.875599890108831,809.6370327066643
26.558397182053373,1.59582316696639,0.7450979490356299,659.4051324189102
31.491709968689467,5.449042982613561,0.8657868648090492,690.7820200101539
8.352999857549175,6.9560057509962006,0.8690704932582805,684.5626120684709
27.18991678117895,7.985068065283767,0.8304634173975086,611.2209913334859
13.17998350422483,7.8232602882767175,0.8436956813026861,981.0007755759312
28.223449521387597,8.530640460769586,0.8878763707838326,506.1399995791338
37.65754333224058,7.325508670443648,0.9268905213426137,361.6340972170013
34.134810829107906,8.018680005691975,0.7365030963322202,638.0942770918292
2.2268534304024596,9.406477244486162,0.9192223581316397,560.9124495901094
29.68465469080914,2.382705265550103,0.8534605664923982,165.8630514606381
21.533977393951105,5.74175286108927,0.9381221871899801,72.81560333546338
21.451234557137326,0.5277327509117197,0.7053989594590535,977.118139871243
18.89313279994989,6.659221264097918,0.8458196664944305,239.7634338282587
24.039186455686206,3.937683040828514,0.9379539867392672,238.4736537994409
36.40830632750623,3.924804476818933,0.850291748884034,237.95673302527564
28.10974697679638,2.4536378022712313,0.9304027136873501,261.6301465684381
21.792250710295527,7.468708683579056,0.9476245814971307,785.5411450124989
10.624511264730794,4.167788059436219,0.7191096350663075,434.1315184323419
26.48794741126453,3.103981923704224,0.7394191774487938,629.9901028950683
31.801942788162005,3.5582143352773383,0.7628294980561289,481.6925284434847
16.99872881207699,0.9561186620048774,0.8784983834903016,370.1142391364528
8.91673112597217,1.2696205667877893,0.8954698397022267,679.0850675445396
1.1552525188277618,8.262166194180285,0.8363883612391497,162.48056382235643
9.209939979417163,3.891127477588784,0.8412298731423713,293.532056838494
0.0,0.6906336271971059,0.7837464651562599,112.5583510246108
0.0,2.9875568733305284,0.8047003191466788,986.8989101685418
34.39762968285948,2.4810195391661245,0.7152939972073493,837.2325890732476
39.93719980545418,5.373141061952881,0.8261707727488714,705.6881874538481
36.615439544836,9.341202335907882,0.8611969141401462,569.6260014681108
28.078039801616395,2.1109199514206773,0.7441119266621434,61.779142457589025
2.7108543053761616,7.410277054071384,0.9384109748000593,644.9944720479658
20.620684191627994,7.105935790822788,0.7591562912602153,700.5508668546508
25.839539750938368,9.213125229833816,0.720557873391414,580.4541114450285
9.677820364997201,8.203143652273777,0.7281316110949492,965.7795864802159
1.2576741404623313,8.742127703085782,0.8426556017707928,777.6843708361038
13.718182624794585,9.249733212034704,0.7173365975498476,791.2000437114809
4.250339313191438,2.180472624822268,0.9192391292643195,233.59193667100712
19.402394018830808,4.748592326017507,0.9475737977130932,179.07645879704233
33.63925628409979,3.289743273752364,0.8450081968313616,92.19670000119987
13.560758816326672,3.451277811026878,0.7310339307734268,131.19533138128926
7.9908835873284225,6.080645815217244,0.787957248830117,247.79404950184698
0.0,2.13229130144771,0.7066217734098907,746.1703973302332
35.950249348880924,1.7866680278828744,0.7447841325648763,108.48872892929907
26.724781991595776,6.268597504012045,0.8423818945818546,244.12523802194627
27.13384359222355,2.7194307231070054,0.8148514798958835,362.6052795024686
0.0,4.132081250090578,0.7791921955873633,958.1927067468091
38.25353320017263,1.0556737109244374,0.9420817935381448,387.4456763986326
13.959988343021294,9.610940327235234,0.8136634789055683,470.00204676415245
32.622786454961094,5.143421823213842,0.7555955307822164,53.49381035538489
36.938048877908834,1.0851732495322586,0.7231219643381982,780.4560921720483
10.148517797289191,7.456448457929007,0.7330147595768409,469.96775894595265
19.393020250673892,3.4846943441755616,0.8417379280387757,634.8389177382536
24.50176227172629,5.09965694588257,0.9203893921906701,468.41244986347095
26.042048712318152,4.520976843577942,0.8133356079581294,882.4725433166034
18.878500035514293,5.789752139466438,0.9033051720318341,527.6813428436514
18.07067977576209,8.785169846567621,0.8945964025249009,147.49349527194127
4.6637910350226575,8.591944807153826,0.9410767037805794,543.7072111438238
28.628403565681328,8.210210553431429,0.7023585418497734,135.83257734520208
34.95453049900591,4.9124215168703556,0.7462428977298481,424.15472599464107
35.04525798492643,1.4158806062299656,0.7741464377194045,407.6534497250334
0.0,2.8624566016162305,0.9486816043910058,527.2178021069474
29.114400292960223,4.3557038207287135,0.9016232886721475,924.5578694483818
26.885583897909925,3.4249488979469334,0.9152567033844157,825.6060775844046
25.09478236336895,8.961444478544934,0.9115535880842488,720.9791159651863
27.77516160775232,2.2315527286693295,0.8104615766153083,335.3908509204714
15.099704643740555,4.11412710772359,0.704159575384317,743.7271918425444
36.95529242594592,3.324080412552097,0.7470774976330022,650.3106560681031
36.54519201367988,2.6981012358409857,0.8844271882803447,590.826070474866
24.578049194963665,0.4005165698083901,0.8358950315298014,115.10451667040826
28.541427060742187,0.42332768003335924,0.8819919676554463,137.60079148278706
15.048170231345722,1.6013479083869269,0.7360131063726679,770.6330668196327
32.20076814741879,5.310905507988643,0.7322808597860784,122.66409023887782
24.59244253084439,9.014499778718664,0.7757272854217427,701.8526021691025
0.0,9.05728858808023,0.8433801463687874,51.74294385377532
30.420627498557447,8.275084319887672,0.8287903235915205,679.694803149933
30.555806178624376,7.981265290814577,0.8490294234845144,410.21219977573173
39.536214494723126,6.237502849277341,0.9097793250819821,649.8624390073943
27.95831633278582,8.071214801034117,0.7846161806162978,233.8021307162103
12.931607175408685,9.648957634837933,0.7424024030515348,468.00138261072937
26.07074776957452,6.252356709108102,0.7489109313577786,956.3665272523431
3.380985084614131,6.069989098335249,0.8121273377853659,97.74203840728819
20.0034126295363,1.0546785814632489,0.7945341375288034,305.7653126903805
15.564889608834333,1.4722485115149149,0.8164355893907094,918.5929365756689
0.0,4.034498836285256,0.7173158133319751,112.9931005590073
29.68401276841066,0.9410611138898832,0.7672754389316554,916.2768413641805
33.928287103825824,8.160025654365242,0.7829558510059202,635.4507822083374
13.664471986128884,9.946160042859313,0.8189364119972203,748.9204458668584
16.63393410083077,3.4280356845343647,0.8955559897773857,702.7270591494353
8.067161144659398,7.977386026653576,0.8719504713269376,397.3152979036195
9.424868361097426,7.545241526872683,0.7339390936633627,409.2407146194948
15.128859499976832,5.442564295096694,0.7898766196166435,722.7351156551468
14.804037723217906,4.21233826531626,0.7412400883691098,561.5790795316761
30.45814700601674,6.818515973192339,0.7739951362137434,792.0431129573636
33.1484380883956,9.301110954966548,0.8474550317424697,507.7632914459918
17.87314271870253,4.236884789535228,0.9283540594018111,372.48230157890424
15.174412923402828,7.546051265873173,0.8080765232117095,803.9101114844354
11.233846659721783,4.712770918181753,0.8822596613212477,436.05150254020674
13.750996100723553,6.747241210073056,0.8739177564175077,717.6219435430223
0.0,6.6298468452623815,0.7024163036752165,615.8110315825322
26.716597564867936,6.7948574172681555,0.7036520247638968,209.6658607349343
17.68371803119122,6.501463767059567,0.849364049452662,152.2882460157429
14.347986538589536,8.754455472202679,0.9220566564223619,388.1178410938953
17.69120390546897,0.26870584436109096,0.7764734086287787,577.2772511734623
5.221343789367423,4.157946960013614,0.7928365099691509,381.3298152087655
39.253392905637135,1.4117099131927517,0.7254100239700061,724.9771368069024
4.258238880791063,6.186657509136211,0.7902200313663629,206.41919449027444
34.60924936534782,9.307161195595821,0.7323984481772214,332.0978196083304
11.52502521524236,6.508279003462833,0.766132059706534,563.4590503453214
12.835122395936152,8.823171150485779,0.8064963391012061,206.15856631267363
22.475349289244416,3.3741047866063565,0.8050680637469796,906.5835417304793
26.97969271760291,9.915128709933287,0.8274761393401162,472.92378794288777
24.279181108466947,6.4193629878727645,0.7854693932564474,902.900851494018
19.73403916983428,5.590252030413167,0.8962136419057015,547.6840206921347
0.0,8.7900570686307,0.8482820742694854,618.6433094770489
0.6428693330706562,6.93292548335324,0.9276143347552082,902.2709328399604
20.472585639075895,0.10032969946612336,0.8026505227289864,190.57200486461113
22.471344919946162,4.174536897163781,0.8994745006465898,656.2283425343344
35.94029718474758,1.1171756024914044,0.9028883611169678,980.2004235013729
25.77045979704637,0.8788745019207522,0.8009892811720087,914.9378909951424
23.851547514578247,7.3095718459987955,0.8270724060097309,575.4530302662647
39.850115984239345,1.5339643212732075,0.8287743235854554,848.4115460125718
0.0,7.7510223135922915,0.9167303823349721,191.6363685072606
31.17547918292618,2.1465522428064037,0.826483667288112,792.0668936915182
20.459847245014895,1.144554618606059,0.7263681815955335,801.5289258626789
17.583237764083705,4.361871443788066,0.7884589997327437,763.8102831141565
16.596726813665843,0.021437396447561204,0.9283148319462332,687.8660359567248
3.4222002870127866,9.43073832315476,0.7319492392449863,124.35120934264705
33.85964097157334,8.009502566923668,0.825562812060191,219.6168826275651
35.21673432487002,3.746296676323522,0.9117688504407993,371.25358815500465
21.363697405059135,4.926566467650258,0.8323186573517984,845.5119100048456
4.259787651896325,7.476838341677116,0.7814945839434423,146.19781712955015
33.7603722241999,4.656550543076406,0.7645189971796458,776.7390836460778
11.64248551908115,0.8242853852065717,0.8032018908189773,892.0363602266717
36.01011767898711,6.4194570277194245,0.8136407602274955,555.158501009662
2.875837431203695,4.644299971336387,0.8732688169296601,453.49339395447197
0.0,3.58646238314466,0.7170907512545136,822.7273141295112
35.82729520236946,9.995339945125595,0.7135579052196306,943.9345927519322
1.2503120996415993,5.137129272515892,0.842510972125951,432.75170663002956
19.42973006246882,1.744316879983042,0.7712491722068369,888.5103354204493
17.11271529128192,6.211532585587387,0.7650744661675603,293.293877772361
19.153603325972338,6.354472098493543,0.7852696010339255,141.19045356938048
1.394509890527461,4.512089397028384,0.8037383631753907,274.61463712209286
7.8491438108061065,8.675792456282595,0.8373899887930742,914.5691691165019
0.0,1.7385038857643367,0.7330375686360786,880.2533270107981
25.838977320057317,5.4853378965985025,0.7493013366496988,50.315662649617394
20.752018085997054,9.452632160993419,0.897158476250977,449.1308586935709
0.0,2.4718408978302593,0.7231435768060123,840.5302011902463
17.479899509836475,5.185638427857947,0.9147332618589706,197.47548006831568
32.45570763246391,1.6598066226894526,0.8589837025452203,596.2141974940965
28.358918185706923,6.608393531159724,0.7793838439348115,984.9007401597838
18.961856394220145,6.314798172033509,0.8493481046661213,568.9291038546601
0.4980905562909518,8.863357455305142,0.933067835852168,672.8022483674724
26.188459720619132,5.14606717388586,0.9354218960093783,807.6425588585455
0.0,0.04220744645306571,0.848392212572315,510.35498073349396
20.94597328459385,5.772268886805199,0.8937269498889518,472.5336674762216
39.22549948888333,1.8314439054514329,0.7214172894699286,978.0255934866368
0.0,7.444221496178579,0.7177981335128806,119.57255862922875
16.10079676809203,8.146412120390677,0.7145052081114752,639.1861135602022
29.02366624378108,4.963170561939876,0.8252817720769864,772.0747002089621
15.780352548227883,9.947818858131178,0.7424836526835821,931.5202280801774
31.497537938145733,0.5658408341981743,0.7675159996914215,533.8160996574172
2.5515410214727834,9.400563053363244,0.8555376904365202,633.1115622867266
26.15952301681298,1.553353645549367,0.7697108083894981,375.29481630010486
31.478473865146125,6.4590199590198685,0.9019704422787775,551.1212949304802
0.48652011051802857,6.251932670841551,0.8132485087821234,868.1864533161161
6.779297817656765,3.369884950655981,0.7944604264337567,208.90577529968144
2.1424505867881614,1.7284729723676406,0.7765255567434046,551.971659642136
31.849691029929968,1.6267021533502835,0.9411178216121996,654.1643719126258
28.39627956116243,1.9739466504000762,0.7580731310786388,764.5830813480095
4.281973667783932,9.365888405697666,0.7028265010754803,694.1660846193105
9.817851652378584,5.839835592777305,0.8931356540113932,582.4973046620809
34.898657412487346,5.050128887880985,0.7225828263084741,288.39490949103646
25.186028130424557,9.027819847097991,0.8034480315627489,302.1237427776939
35.575131869367844,5.3798166813615715,0.7838814691823585,318.98627545760104
15.448577540460468,6.210639184724223,0.7284276499531194,967.6609828421689
38.54989318829257,5.106945118986581,0.9239072946386923,587.7193821133326
9.696001584331574,2.0590166427492633,0.7868792597773444,364.9055630567363
0.0,6.613092215899485,0.912102944357994,985.6636819406075
39.29293395721344,1.636400055212822,0.7947587566425928,805.0492191309252
21.948514839938056,1.4285969894972916,0.9313098542684592,507.60443306960696
15.884692551542129,7.125202246903102,0.7022465141237311,589.1901748048464
0.0,3.542724740412804,0.9405071926727901,163.51566261305987
1.0852863437049292,7.827639594174665,0.8015911211892456,336.5573106630691
5.1116482411787745,4.499038503387154,0.7358317927934722,52.84315383739969
0.0,6.37208974309315,0.7859539902484897,144.1717165016759
0.0,7.100591461055192,0.7829538489631822,272.14806738540267
27.795266484288753,4.978010711056878,0.8475701576143979,282.32966832155614
6.552119686932922,5.826739791238839,0.8349964229818754,838.3425900389861
5.594002819208369,1.3943905006231636,0.8036926748832035,604.0688428030626
19.737305342617827,1.1968417782938772,0.8558065520672322,950.2767637038371
9.839738978644357,6.150326694108186,0.9035272522350285,245.14544050765667
38.34260895247187,8.934890998615952,0.8946110356666233,583.5130540953256
28.34352281823937,7.423464821976966,0.9215565095614049,654.2021086095169
29.47356804149957,9.761379111834524,0.7667770707046192,426.1166672747306
21.4292108125208,7.1097414851329575,0.9281236608752758,811.6620155487568
9.143567349549615,6.9124688666382985,0.8357681015262022,209.49713674061624
38.12734471977966,8.13547858034719,0.8653852360906223,720.9181376155486
10.367714855923573,0.7338908345264005,0.8751444258362576,396.14620235241796
0.5180626121054472,0.15036473679395604,0.8051676127999492,968.0031523180717
1.0311518218269933,8.288555176541605,0.7037683094441114,257.80461554276434
16.309378491644406,3.6487431225595564,0.9103312939495847,578.0140134428389
17.058823331142058,0.6410341988356301,0.8945121301531851,914.836192434441
24.554716959459057,0.4166955526804557,0.8424831691119733,385.5732327145892
0.0,3.272082337228317,0.8927926247638389,667.0491189634773
33.62132917350723,5.224660007526956,0.8333582307575644,997.1754889475286
3.832881354475738,0.8006952336029524,0.741392506586445,984.868039123314
13.530020095785762,4.5239932655253075,0.8245562803018458,873.7224051614367
4.12426645471044,8.541368267888734,0.8560342032407399,749.4048726630626
36.419935616468464,3.415812488951779,0.7508793167739206,408.8513596399625
39.121643206257076,4.766225101070579,0.772578094666655,625.4015993024383
35.022629604969055,2.0547683724331476,0.7628761325441721,725.1170212303235
2.587101678457637,7.15999198165647,0.8327051847867447,275.46634147990716
24.28457470629881,7.2990768469412375,0.7275593329353935,637.9215034921708
37.65293330545871,0.5844939755921778,0.7838431144744188,736.6859883998081
33.96615768036583,3.3300827919950886,0.7624852886164345,454.25500762181014
35.10848910857077,3.058972222714727,0.9327414591183112,357.81865841349435
12.806419077076953,1.1024882885675749,0.7790386358369169,538.5366814315339
11.626112539527705,7.241888782226716,0.8385987800137773,655.1725020155607
18.109696658552433,3.3442922302537483,0.8801361375111807,193.0775056738172
24.406027058108027,8.864634240821953,0.854805281905498,572.6961764939143
5.043454016259318,3.9451830134514685,0.7444734621655318,197.02599436538418
30.282240557830928,8.616994857603611,0.7708893577379995,470.39417511818135
31.364425758040635,5.732932637844935,0.8535739002087186,547.5550276425117
38.526023288636765,0.8318205292541405,0.8140785899773992,119.4526486177049
27.475780616765316,7.444343205105939,0.811552937040851,565.3164219011613
27.016769064371037,8.362459222309923,0.8187399339945802,383.99459946173357
15.455518257944288,1.492705612651645,0.7277605160698383,456.11651376715065
0.0,5.036674562510113,0.8297090192519112,924.3330563146444
3.898601009744986,1.5693869799657896,0.8933397091246082,474.3379878912884
0.0,9.888992988668573,0.9163777239605858,375.07723586862846
1.9970535384168908,8.168102059353672,0.8534866495972278,485.8442946249047
38.33930847881894,3.1505725289264954,0.8232842355816821,461.40160612385336
31.672443580805837,0.47004841938575326,0.9025804746298012,328.9594561865406
15.337625548578627,2.355393031815305,0.7620196715610257,346.95990012711604
38.30968944005334,7.816936456650174,0.9291650077790814,965.4146915427602
31.87641269958541,9.413349767321769,0.8926801301855696,127.41613468437983
12.728005029586727,2.697469934237062,0.9188306524774461,134.59045831512213
39.13368054362996,0.4050358033227324,0.7062642172197272,159.07560744240868
10.072202050182959,4.580979221038608,0.7640752918735583,428.4015186362003
39.155384755221775,7.667367898780073,0.904947170794267,901.0333209968618
37.0158707141371,8.245458419852767,0.8321426710913187,938.6532348388246
28.12403550009759,7.579294726897696,0.79826248286536,597.1791971741603
26.876618509520956,0.5371428818085717,0.8643693892917985,232.0329895923486
29.4418588223632,9.658156961624647,0.8736433462564107,71.51547581787415
10.081271418908283,8.608110245929174,0.7890993334759587,771.9320266892922
20.246227462414243,3.2833848177317684,0.913780277561011,274.69876601934453
10.960288065279803,0.9120847617518204,0.8879423013825191,56.18696661760712
28.272189685140784,4.241761736075212,0.9062192146681396,999.8935060638308
35.39652235902387,0.12770444104691528,0.7955441113457821,870.7182899647509
29.153558329970267,4.019070999653203,0.9372356850559195,112.50425662284303
5.625415030931324,9.036018786104226,0.763003459423574,976.0430772901015
25.820024050331586,3.002307559325988,0.8948910648007332,487.1366440058929
12.62159162690201,5.550100279610574,0.7925737799105046,244.90475881007202
33.638646859785354,8.200496715211417,0.7814302405241942,573.8979059456898
27.836388688821355,6.158111846315559,0.9094909307880314,254.70181090672293
27.873294650326113,3.1105708281366717,0.947135477116632,744.6019141554475
25.547568950131406,0.5024552019540736,0.8800944796390043,255.641775346366
35.78733052917309,8.405288962818227,0.7133748612741185,554.813066956258
13.917275556880577,5.322805110778087,0.8879410570201426,524.3586657836765
2.135850470222715,1.9123880417861632,0.791444677971834,445.3503172651278
15.414082035451838,7.234505108803293,0.7564332186770863,514.3507497606154
7.556473556228612,1.3497039399630752,0.8876031948768471,552.4340841750466
6.33349490658371,1.8459719300839033,0.8506015995472818,183.67379464418377
6.703216867252912,6.196971690288579,0.7011767768111574,762.8915663338458
0.0,0.7015826445802404,0.8480904389878289,267.6082170259762
3.688129349776545,9.479897063704664,0.7866441344975507,400.624489410061
0.0,6.125410236750857,0.8012968102768501,447.93033131406395
27.655695209159703,7.840797400852119,0.9362866620229489,223.33170101532914
23.019607814341565,7.362773319192475,0.752189917229692,832.7788267940459
21.464371110837003,5.040805388757232,0.733748141055635,183.1641677879672
3.9833715500929214,5.468531759835049,0.7494174394432986,224.86679015288644
10.175510435192422,5.084394410148137,0.8390166580306256,59.71658448647968
0.0,5.1699316854815205,0.7920547121813992,301.670153967896
31.795369883788705,7.176047743361375,0.788494719198444,699.1650129373428
29.728647746062748,4.944227378053027,0.7030801589314077,470.00148170314736
38.762833318499,2.9171867994166774,0.8939191188631819,645.9618450348561
0.0,2.4624759678707666,0.8203038294680165,731.0576079512837
2.8599356232180906,1.1658709683190676,0.7925147401009516,383.1574367259224
24.55514537567584,6.73435153023562,0.8250341528641358,349.306828177483
20.265222734652994,1.8535830696975535,0.7539805892655322,837.1979466373184
7.1203040649228635,6.652424972757772,0.8942240011020178,971.7920335720559
30.352199205127462,0.833832064028722,0.8880545118752695,488.48720836927623
23.772465653305048,8.76087321917414,0.9027075308491872,608.9655843720828
4.921237788147845,3.3503062637724472,0.7984647680467944,975.704041901272
39.96653482758645,1.533554946405205,0.7250603218910068,894.2729407136139
30.170206508078493,0.37603328472186487,0.7904788954512193,44.58869305273648
35.627206119931515,7.016511442854513,0.8780555612245883,52.49568500471341
16.06577174020662,9.679831366136135,0.8004095630758175,619.6634862524243
9.779312932558371,2.0432256965704365,0.9222645966120815,385.6375647832922
22.28782509061641,7.57976082698367,0.7357400515722455,972.881423170203
0.0,5.907341665924691,0.9083454006617192,865.6297664931724
31.321669311667403,3.8037011782452264,0.9405519284988224,939.438321020129
16.07194599326467,5.9012366388781015,0.8017601585949753,562.0260966042134
32.17287095496903,4.073884418701951,0.7160540046447587,921.6384377924272
25.87266071424161,8.623420294329492,0.7241347407985194,649.7782712746538
30.848235163839366,1.4342030322323425,0.8140901781707031,200.61575291090517
39.27363185654462,3.805177757683528,0.9058804883379605,902.6519548582537
8.94000711740998,8.379114778844995,0.9315772365361477,703.1560697251023
0.0,2.1803411698199495,0.7827586470120026,272.50887053059154
30.775268659195508,8.430118946265903,0.9467174052632585,920.4247589541092
17.22491149322982,2.6975798461912084,0.7488076507386461,777.3239852166529
29.402665666721546,5.555916012795853,0.9201766975851566,929.7792826425485
17.787272417010485,7.420576817217074,0.8083170940563554,641.2919024236611
0.0,2.619892186222187,0.7035525477719542,362.69854438176606
9.259788027756636,4.108265396591855,0.8743124935188635,434.1719438780309
6.198894213515235,5.592435281150997,0.7155699389112007,927.4440243622468
2.6576556253269623,6.7630520468709685,0.9215990161866492,684.5246445191042
11.868838686923917,8.11638026787158,0.8779078319024654,374.16677127941637
1.9859701981880562,7.308058701788282,0.8229976570250511,762.5320849124862
30.038840591560746,5.281342418088545,0.7176804299009706,437.0464061678527
13.837288035743441,6.120676005123633,0.8777939183141191,951.8464688535362
0.0,2.460643756728309,0.7014527071871473,146.35282831100903
23.871172558749844,6.48279997466337,0.8952116774000927,225.7599437295653
4.578236240949123,8.542147698582228,0.7402205975329683,745.9902049007949
31.14595500435521,9.93569544460896,0.7396930102488752,525.6318906426186
29.83375089706284,4.773821272833406,0.8160427710606194,322.94020832616445
27.517011035022666,5.665247619606686,0.7885940533413174,979.1743108921802
2.156258940961626,5.245958015939585,0.7520419256846942,70.106135896979
24.409761802708534,2.0730785524777215,0.9368644949442657,919.257371327143
0.0,9.526741145345644,0.9040284157867573,97.17086607222231
19.610928928217838,8.441085287115468,0.9045599113420295,273.706691852282
6.3504663481898875,1.9253308450770894,0.7788176435986236,917.8932475245198
3.859550387086681,9.387010159361445,0.7296662654023149,868.8133074078097
10.8133393302636,8.002098345053222,0.7740721056928986,438.56272715695445
4.216887492034074,1.3622054098748497,0.7669119028656728,689.0837738471529
37.11451739204262,0.7323106740433574,0.8938049177258969,563.6593635762981
37.275945966065194,6.598231256511054,0.7769379006588503,717.1577722941358
18.563206044640037,0.22803454390904107,0.9019530413538391,509.91025287637257
4.380724666926008,2.0298986434802098,0.7302894472196974,271.81661867465925
0.0,0.2949871676946181,0.7668692037609643,178.7324009712037
3.950762514948219,8.35367501169179,0.8520396701492082,687.5243363464789
35.465650781379225,0.8406497022017293,0.7064254918690573,873.6678060185083
31.91449641434161,5.934066379132754,0.8903364953772129,511.7919077060502
20.538324471144183,3.553668317039467,0.9455281738987273,398.2578287228476
37.74133696006037,5.060954221022642,0.8882899883383217,151.5221999749126
30.023062739072437,4.478980853046048,0.809817669714747,96.73276923794482
25.93505161920433,4.348065303453638,0.7000579803420962,345.69144514081984
31.581949390288234,0.24364427621540677,0.7843299341374539,801.260289145481
3.0306119410180865,4.868372934521131,0.7342634371692658,103.71183677540404
20.519325123181087,9.933452628572235,0.8937553463085024,879.0747826048654
6.016145070982605,5.73136316307537,0.7357787905261747,185.9408969122998
13.168433659068132,7.832036938256695,0.8232125602753921,437.01795854095195
21.65659440546333,9.865618027999503,0.9469139456730786,849.3027836798738
28.390710916007933,1.468412984089658,0.8236428972975439,217.81932428913822
36.803211207229076,7.155103483364771,0.9446924274881016,90.19438307067446
0.0,4.096940572374163,0.8070061026138095,774.8327853666764
31.055456366260245,3.0534488901092383,0.759657390340508,977.511917906897
17.633175301742213,5.979684601919939,0.771691408335088,63.48699302946059
10.099766048962172,5.7009973089077155,0.7993156530235684,344.8005276962779
21.089154816843507,1.4711527390367725,0.9466633776019375,487.31749515545226
26.79916060561868,4.343737319991626,0.9151620598550205,502.60604620476477
29.447691540452116,0.7458451310232294,0.7036057811715029,515.9812411771072
5.279829598809784,7.378243960704492,0.7102730685230958,805.1027563363439
8.216808431346319,1.8355228419292462,0.8947171892844552,897.1604608683393
30.619300264251013,1.511161186038156,0.76825261769947,213.86152997463068
10.007737208220624,6.272591192329244,0.915166518047487,163.67671916908768
0.0,7.661577470138128,0.8056007034308807,480.7054806403742
17.364969926064482,2.760255024460713,0.832491590583485,705.9415272833929
16.92164733329416,9.736833566486222,0.944661520735135,543.3224435937113
24.424378033215795,6.719463534010629,0.8811648287672588,146.07341269032557
21.18047891597264,8.009681080316659,0.9383782660214189,506.20626603493025
32.859907196799554,1.581212124415603,0.7237781022973304,737.0022210445494
19.74351790070181,4.185828677556893,0.7686433215545783,50.08011770409123
7.17894457146,7.467923708124161,0.734700449711391,457.0286934726854
24.599172206204134,6.611538284125308,0.9231672213782636,810.6681101394502
16.639096521342093,3.269736646975658,0.7841509841066977,939.5723490651988
7.893980001911861,1.1248672677976292,0.8442911485885283,998.0253394774516
0.0,5.761633705692192,0.779508764010926,737.3323170654314
17.824789911463718,7.356392404111046,0.7521903634838855,805.7703767913092
0.0,8.72525178876389,0.9372891792997441,847.7933770320137
16.70742750934849,5.580483339650998,0.7298642683529863,630.4944284885269
10.650669253247889,0.4385322494358348,0.8162902733916189,971.7946579133306
21.16379052456734,9.513329065754563,0.7358099569918796,353.2572852760035
39.46219503383091,3.316759392002981,0.8770512095687313,907.0458355678462
6.868159759168723,8.347576300467475,0.720845057483172,681.853959543346
14.081319215266994,4.702062536447873,0.7008590833564852,656.3199552131401
16.159231279240153,1.7273154498493533,0.9304602192693011,72.74945052040522
22.052481159864723,3.431175441084129,0.7486635330719532,908.873710856209
33.83524035062949,9.140304214808081,0.8779216351228868,300.3267173453206
9.542314993360593,7.371429484143227,0.7339403945637895,688.3873574320818
17.36203128389443,2.5728449207177055,0.9185151258521241,258.9076527797423
14.298332619049072,8.683442306867128,0.8208839197869467,236.7319815285828
23.90816829623684,5.193945414696432,0.9224539174707633,978.9513423797873
22.54201460588721,1.565604080727148,0.8526206590043424,61.878406821853886
21.60654885535774,6.682735294318643,0.8238563385357635,511.86779398192704
27.716059134594005,2.051513766922867,0.793058224617909,986.6493958692707
21.55900812057742,7.510186043846239,0.9019096976710668,676.2954296372768
14.264213807995258,7.713393034718955,0.8775406363769372,432.6871639129342
16.170921463505355,0.85261397300961,0.9386158255519402,557.7530047649202
7.254285296078551,8.982757855005152,0.9311969483352068,299.84723858649346
36.701284699142114,5.122363263481014,0.9386017246709092,139.18966860624175
0.0,5.791457009897539,0.8140676307779313,815.2320461096125
39.464029766832944,9.302817230378146,0.867314858657517,643.137811689985
21.71733378975655,4.340607013797569,0.8615557733438363,843.3614609181817
34.651106372975846,6.08141767761911,0.8393796840692058,306.97255645365607
4.547937533563242,6.664124890864632,0.7448661935214396,621.1490309192334
0.0,3.8635254042851033,0.8099437162993888,77.71753135958508
23.849468687507787,9.096040592939943,0.7613593341627383,972.4664703626214
39.156365134706924,0.3229053071905771,0.8141084443336912,870.3978205434797
29.247493024056993,0.5388644881555988,0.8573542485241933,835.0661960727051
1.9872107454880235,7.848428115674176,0.871410183298281,879.424152103461
17.00133827773741,4.999462906588533,0.7437016963810276,833.5356828200427
31.52239184571198,1.3936246746569771,0.833680114768194,501.40069319282065
25.70505937016849,9.906887661970309,0.7087704973938477,158.20951037850406
15.04405101288874,4.431528530884257,0.8181108210997771,59.424927948067285
23.01589666149727,9.36201702177785,0.8474091875631811,978.7129033263559
27.012072712969065,0.05242344142556301,0.7390181900421816,473.82287157794644
0.0,4.311028198002249,0.8852054583460431,989.2362636442693
18.562310760485296,5.9647528901130915,0.7120509398142301,987.3674911987663
0.4185339233574781,3.7657764089217656,0.767358954564907,313.553696432058
10.042647867762788,1.6345397223196279,0.8854584356358542,753.4899642909784
11.02119914728327,7.5321961274384615,0.8850259824353351,660.1924732492564
25.34171209872058,7.794902469694743,0.868074024651226,476.6598142523943
6.355405492863397,6.601125633182382,0.891116794485938,597.3279215068837
6.770452699912649,5.912536172356601,0.8288994962618514,402.67436185116867
19.35578837370934,3.5698989297037573,0.7359022543844226,741.2378002140862
30.19833749771983,3.1288141919412067,0.7199056704171373,575.5948889031854
0.3814929956313263,7.146296673515938,0.7527003557266425,235.68168074059787
0.1120968303834179,4.681423337629345,0.9474261230697687,800.7878864219055
35.424226051593685,5.914405613390946,0.8324193271295263,928.1462677752015
30.3911866311263,7.91052854997429,0.8303075578973372,195.25237615527917
33.73854048550538,8.154928651219139,0.8336766486449021,148.36503924220267
0.9866303871974449,9.35561935903458,0.9027795418716079,715.7121076080376
5.168788160890338,0.41374242989395843,0.7194710979002009,193.17758713650565
0.0,3.7276788950918145,0.8598224378165462,363.7988956175566
13.51276180840525,8.316474840761076,0.8134868479821602,44.22602765296624
15.312773238766376,8.483875676553083,0.9492495926278643,588.6445165378702
22.99409403788456,4.05709303193879,0.854384404732047,96.25548160814691
4.237171800218686,4.102441007392743,0.7593016133749173,402.0044320806643
27.99616393360161,2.4991125183380674,0.78959383972608,287.905688512506
36.24595192984618,6.144431535236788,0.8582737199141262,689.2347706134273
36.477282178368604,0.3973331462708726,0.7512664858394752,641.7649503753996
0.0,8.936827493896423,0.7341623224214398,988.4409001252509
0.0,2.2813058207296217,0.7551289749881488,519.3401023854401
9.354439821391304,1.630774051539592,0.874641701423087,273.34750155121696
38.43553123119848,2.56500002550517,0.7647321471081543,344.68052942759823
22.44268938028825,5.814623296951604,0.7114838389997751,569.682389328292
0.0,0.9772014490666829,0.7222905010270055,51.42616844626012
17.072999915089344,1.073938785417683,0.7929755657373487,48.31292897228874
35.78940022986339,4.635512997551867,0.9341453298373009,52.48692726650379
27.810830022604993,4.318798198327667,0.7533694881696406,749.6731027625025
26.649146114010748,9.531941003686159,0.7388945742506458,468.22647266790773
20.058913610137935,5.564824420565322,0.8231995719273921,130.6530454405768
26.372045618049075,0.6642739946659832,0.9251939242389402,674.7443212238434
22.346332691977096,0.6918417122785235,0.777971713684235,274.17910876741746
24.676424261912302,3.8145995724136577,0.7582899004570473,457.43871281363073
2.416507268681987,6.035295136098456,0.9113273792374312,879.8112735306722
0.0,9.133051756829902,0.863880627673996,187.65171061817895
22.631878308997997,1.121489127866219,0.775957680346912,694.4330225620038
37.028586330547014,6.583902954624901,0.7254234300397148,824.1042255429559
0.0,5.7010834645661586,0.8355138829245672,476.29043831356057
5.851665944971156,9.324405789090134,0.8450467686729246,946.3404118595336
35.44556192014633,9.742876271715337,0.784653719695508,383.35629833479237
30.848911345102866,7.0315330311338,0.8483467532001233,415.4951587020964
1.5376556075593155,2.652691861292601,0.7435261371972763,664.9753345926251
0.4940756299787862,4.733161726159406,0.7928231119994171,159.85936615849437
29.986322796543895,5.521108085251917,0.754974248191606,732.5410593017166
11.873362193642098,7.060740582511969,0.930261962484923,269.7052814580711
19.92049945194034,5.995674442541543,0.8579566077802848,375.1201013198344
29.603606850900718,9.869006764655067,0.9272413837112923,218.82162051516775
22.214659241264748,6.074190432946806,0.7936273204450803,494.7062121803301
24.302980043951706,9.99001722350681,0.8746073524124105,96.02785604349438
36.531533612586855,8.40844800126849,0.7161789556370065,226.716143056039
33.22973683924926,1.3394548471556886,0.7815420253009422,354.75955377404296
15.353147254835703,6.942573967765479,0.8592883211440996,684.07529329092
32.03278931069224,1.0692683211685035,0.740859484318784,380.59177510953464
28.018124111941983,4.116330914514195,0.8477703737484684,273.73536849650486
38.768581523728415,8.852976220732637,0.7052440320345102,846.0911197621849
11.113175459725783,0.43665414239570843,0.8356797164579308,436.829538242172
12.564916829948034,5.440838593774193,0.8364570697040721,564.3590877725379
34.961257869341736,6.150544801129981,0.7946310869132356,816.2117785160599
0.0,5.656776090592205,0.7200407734481976,927.5630485115713
12.800343459405203,3.101154616284576,0.7711296060048305,114.36164032910398
10.091488971554375,3.087550036589454,0.8754266274495726,365.07121120229624
13.03864683908803,1.9403022801607517,0.8004227187838941,935.4701574048388
0.0,2.781994913162321,0.7633944202432098,232.96215048750696
11.063771727796292,5.978792179837622,0.8399427412248491,389.4985175601769
35.61958671740827,4.859621352969163,0.7614603407463018,398.3158579180843
12.758938093909103,8.667434394622795,0.8720914097774252,834.9718220492142
2.9215649455496147,9.241110025566922,0.8210188633272791,452.4173133145987
0.0,4.945308704011105,0.8262911411385899,779.2616265286273
33.64865933648843,4.535168234417232,0.8448877430539804,404.7418693409758
38.83850713839682,1.4773611142810055,0.9302389711022725,227.18559015862778
4.270016014986745,3.2123573177168914,0.7162835099733031,310.43199054369285
9.533942849829852,2.9865667601297754,0.727092106358336,859.8548466492251
39.9005418537049,5.895709464733282,0.9219761272258298,224.43245376351396
38.009864582281,0.9529216154031978,0.9086921384113031,764.7940653123829
20.55958434844,5.786348167406625,0.8290662488882512,659.2710247038839
7.543395166750916,6.716229314897414,0.9017342687866376,973.840711903526
30.10648020032155,7.301983535657777,0.8971598884617837,530.6543856897495
26.869294954485806,2.2271147350452716,0.7160728645139789,95.35142840762447
17.667401359129123,6.173094750440997,0.829600894575671,828.0097885619845
11.886086614551573,7.5908317097999065,0.7611453266311103,567.6553155239034
25.225893421856433,9.410040834744791,0.9138809412379743,91.0886819600637
23.62007547174337,1.4922783842960008,0.8283818373243294,533.7445323508589
36.087062899531695,3.753646462337223,0.905870621266118,341.60493338298045
16.137894339206863,1.9490102812653318,0.8365900291304804,661.4598916102392
6.48682648305177,8.619989054119257,0.8803080239203178,195.4783270995301
20.813627199874734,2.6110641210754393,0.8528670677469641,790.3264417511544
23.09949652446676,8.8554504474097,0.7714379107012974,326.8841017019036
26.604048777140303,2.2982127362680123,0.8969423672325286,451.6665830692141
26.277176788540377,2.387203962055425,0.8967876722269188,353.0074346794338
24.004064590955778,5.160928742031656,0.7313805632256674,483.4573025848692
21.461090675453118,9.103816921937625,0.9339270148518859,757.8347005493325
38.845143540427294,6.761165570585112,0.9371611120064886,559.9689358945622
31.002279283612886,8.074460422211363,0.7560460842568361,253.82959358213145
0.0,5.339966612039302,0.7117290345436952,943.5325101132864
22.383509250409595,5.990745491595243,0.9482150864389685,966.6842149315685
9.233554249561127,4.114256554584849,0.8492901306786989,855.8432821250664
29.069130640179992,0.9879283827725514,0.841101346805071,493.50713272928954
20.61541385581838,9.711358776255073,0.9122865547341972,423.4206563655772
7.35703117088392,3.8045537287804656,0.8954296622616269,875.9506221030538
0.0,7.718652600571014,0.7937614408583697,875.4212559566038
13.737847470289239,6.188462712646821,0.8683751963579485,663.5056362990197
20.219426604538196,2.2794170161096066,0.911201827255764,594.5231499490573
29.94192583412558,3.635341221121047,0.853297125190865,584.2807446091574
23.024085695242654,7.955407145032979,0.7729878515833648,63.4603774992776
36.77059509916203,1.156065233023122,0.7129460762035095,804.215677259171
10.524188536335496,4.619300471179324,0.8095229673859048,247.6300205901816
17.358367150279708,9.55079576598917,0.8006960127543429,242.03390917533326
36.0577430308911,3.844271977435882,0.7142745298170213,248.27763515962306
32.99224576915652,8.956806359187997,0.8551248947903007,803.5855055475154
11.205800287234869,1.7231707205789208,0.7626069860434816,786.817272125401
31.64951647343139,6.9067294040777,0.9411067204135837,962.805030503191
26.796074643370954,8.951065990755815,0.8702766142711155,871.8131217759924
16.114543708836404,1.2846900038395457,0.7402293522105294,192.2124188045635
14.641920782150386,4.465776764600722,0.771427294667465,545.6989017563083
13.838232547870117,3.974437370508155,0.8098336175125022,265.5475856689524
7.107849534114006,1.6276946647865647,0.9365774653169885,266.76368123583393
3.388161719130596,9.315634820899836,0.8728447603529041,981.7080203951693
19.145334453977757,9.557166155413306,0.7714591364716687,152.21242893236038
2.920889706502712,3.6416490125727123,0.7333189775100704,367.2558466432723
2.381730063020665,2.65562282915799,0.9327956569080331,119.54365143152526
28.334841951899307,5.400137152139954,0.9038554327551015,304.8531961729555
6.976207385934559,5.234734600780973,0.7975283089585322,963.9019096878793
2.1401446988453077,9.260469114483932,0.7624124838724693,530.9547092571732
25.324845952426266,9.28677667717863,0.8702742087900253,306.9128604716012
20.654916691198054,9.526519559520386,0.8289768197873305,878.3773673543409
33.09935508038515,7.816969365457446,0.8552688317311127,655.8805932947187
0.0,6.518014222979583,0.7289860804946409,165.9303032839312
39.499387215398855,1.8050440372498842,0.9401271629300028,822.2585727375549
0.0,5.906121273337157,0.7483252214795012,657.8431438734458
1.5265317388997488,9.154462707421544,0.8079386355769428,666.7472903149533
33.39282285459171,2.631875815158649,0.8923370477700493,609.6868046214043
32.97831179107201,4.812789231334172,0.7346545574186555,955.2347453058738
33.84917683378021,3.4919203547838413,0.8461844521784931,86.23062832502114
20.57645700102056,9.325720030609581,0.8920756136955805,190.53266762939782
10.720267116906586,4.722200952456891,0.9020912388329068,147.04996691192707
14.339910841940783,2.1312952914674073,0.7433982047228885,862.5453330677949
0.0,5.60252897313544,0.7425014845311229,865.838035114071
0.0,0.886170783966332,0.726288454682374,262.0692254473761
0.0,0.38876991867613414,0.7168768685182484,91.17225439218394
27.736371076675876,2.31453794914638,0.8701686937911316,848.6362417976685
32.812608792921964,1.453349704587537,0.9458475935199377,867.2689568570158
5.542492341782223,4.101402254815645,0.75377915245795,362.10543383660183
38.263937778608344,3.0012580874070878,0.8087711108828013,84.21828618879921
37.822678130785384,4.864238975723893,0.9242974936888466,293.77378182229904
17.41781682479514,4.483336363459245,0.7667190325804321,765.2470679175782
14.951389039577785,9.563393102592077,0.7330564087857504,980.3676416382934
13.056753489051745,2.6832954789798955,0.9045066687076659,411.18986339159824
0.0,7.246970060573942,0.9243300814129709,394.65191615752315
15.092706540580588,8.045349306227866,0.728456270040017,299.26294126367065
16.252429632292717,2.4849147966699214,0.8799045581277681,434.90501307210104
20.663832350376403,4.070379321518214,0.9113523873135505,891.7789919369615
37.88678169191013,5.365698525656336,0.9085241280233803,648.5941642847024
1.8919205524443374,4.824741183509193,0.9274669597022527,902.0009784150114
6.591092672284767,2.5345858708546505,0.9460385652629648,577.4284842742069
5.276322129288041,3.1917108694502785,0.7541549872082849,623.9934214734815
9.003462420358705,4.752590393011658,0.9396395668290591,384.6632591889213
24.78433777715396,0.4067306523145259,0.7139545246891555,824.8438324479654
12.077599264481913,8.03000139802533,0.9343352019410535,544.4221904495478
2.110321127499511,6.293812906807591,0.7137959556413377,932.3017715745714
22.36219659667336,3.186756332471369,0.8819991540951628,223.34841589571369
24.307270315653742,4.59385255291113,0.738870246491047,910.8205076774901
29.357616316981737,3.6961000213616106,0.8759427094135526,683.3193660522082
39.69492958220719,8.535902896900911,0.8143470098516096,531.6419033348836
33.24973506344116,9.855798294462573,0.7486204687620063,957.6473967823932
33.43324692207476,9.776376690254128,0.9395352888843175,194.59772811948415
35.19383854829352,1.3685543497126282,0.9249807718191865,922.2141702619286
13.8238211750497,8.571152733888992,0.7096653184843992,44.53925088768916
5.657349205707885,1.4761323315427342,0.9300872998059897,750.7325245775338
37.310680935508906,7.750398668603455,0.8876009490848772,392.9111268363527
23.73784889660364,0.19249599221196145,0.7347183448819155,230.67445066192906
7.514868780105465,3.248703626845662,0.7664805351779638,550.729854694294
14.311834657566761,1.2812630570595398,0.7052516335118317,436.42036461512237
27.89790639818598,2.0782708273250865,0.7359166488931104,42.69089064585593
5.18582685570268,6.265678966415342,0.8355440199408943,243.3633621216474
11.199470961732024,3.6292547255001386,0.895576217575619,376.6280085033411
34.04867182062976,6.158744886716002,0.7893410561276848,138.35908892876148
35.21814762575874,3.589323255683297,0.7515271324901472,345.5788084444698
27.005447321427113,9.190684968279276,0.9014133035939025,684.248544079745
2.4024773300670734,7.490866992237904,0.8076209900147767,175.57731062350288
19.791050007336356,8.195415126516243,0.7459358521604511,390.9374032666833
14.968150618192624,3.8767513405921608,0.8927096547231699,376.9650750427274
0.13636770754514213,1.0175253847755723,0.7948115096481738,199.6438454101983
0.0,7.765879206024849,0.8570022311057912,950.6514802023959
0.2519529319383191,5.1086251474283975,0.7329188909588091,301.67799629324935
33.514359158262835,4.326397227874758,0.8251711066557373,551.0341655219954
38.09392631559028,3.4279575720629687,0.9295262025117135,576.3737489251824
7.737779563772057,9.308889905648488,0.8812443951238818,739.9273761348596
8.777607202685706,6.654342250429983,0.8247561755401742,174.64841706343972
31.807776311151176,6.02069956809929,0.7381366473842856,116.03994330934515
2.9736548851629645,7.791652304527708,0.8987500549208337,940.9602656636869
16.96215454748226,7.0493636895853475,0.7455257684981349,367.2285032398798
0.35070531361394963,8.652366461139621,0.8145935328626651,330.2801214375628
6.239446661168907,6.394245966988825,0.91094572593014,856.2553355121272
1.7113874992058813,1.2412061186026464,0.9212388312432509,222.94812958323345
33.37858301518309,9.512073408011794,0.9408742453325135,526.6851634519716
30.272466271008383,5.632584041608864,0.7322055373099472,805.623012888545
10.601639592697294,4.293548056611523,0.7010104080415832,583.9772784187189
34.37098772956902,1.3186457403324257,0.8648990109698446,752.221927453438
0.0,9.811233235911084,0.9298922155603975,627.7238896101064
34.13548862746512,0.4334741301286826,0.7362677389101098,111.77953669955251
0.0,4.293723354488591,0.7228554365278621,482.36207621729915
17.30705950212247,1.136872655165881,0.8540518453088648,720.7661561040246
13.278347050554702,3.764887626052022,0.7136982803020046,152.3362788267947
19.85650971342096,9.794781964433508,0.7061068197504082,212.3679065789271
20.137666394880235,4.181093298414801,0.7027506531179685,297.8187535060717
14.58079689739177,6.960867730706458,0.9337916655360747,596.0468968686928
27.51125288690271,2.9985808980593984,0.7223849692166819,968.4467158433207
38.45187078015338,9.422222478112912,0.8192174381385156,117.57981647011417
21.068125039304405,5.126762321051916,0.8431788243133853,614.7439800950373
7.608036132581252,0.4523348963101852,0.8003317957406239,356.52762283800223
2.4753493214639586,8.003711497670851,0.7276652813945657,348.0484279572243
7.635172165115424,5.0157995780479645,0.7391872995611044,505.87078188754225
29.096941233092366,7.27650591981604,0.8027620550604617,787.1014425330486
10.780063652118567,6.290890802993841,0.8824502297760606,991.3365165422476
29.686395757406196,9.095797989596322,0.9400838277436194,417.2881880798176
14.42488398531783,1.2287689191890323,0.9153925994387969,688.2321386996153
35.049970416684396,3.4209120451822495,0.8278632810059222,654.0149527320596
31.96362940335459,9.660067051917881,0.9100506816866153,960.1270625048118
11.680449044837074,3.8225818981939383,0.845699947909052,701.5090901544677
16.525729552350693,5.453447883203636,0.7833698247973366,378.1319122374301
0.0,7.299480221500107,0.7697524913149291,193.995288876488
29.770758311961938,5.089945364094548,0.8179508760714883,306.26381647195893
0.0,6.83644996566049,0.8313564208923436,288.0561488890787
32.337383568877875,0.6996810509136554,0.7280758674973029,754.1279047917272
3.915004141954436,4.1149035465900985,0.9337811028475156,52.77062634012999
0.0,5.716362819711089,0.92126489940364,927.8939712139304
10.224162039841778,2.782586879981553,0.9353079355801606,843.2632105467166
9.920894474831433,9.382024678447776,0.7666274390701718,576.0228314180143
36.425081374251626,9.546362580133794,0.8752140029190922,196.72181661632584
5.1009929489396075,5.170891296840751,0.8559921315841852,283.08192312048743
8.439278688178403,9.66676277590578,0.8816568470269958,551.6727278621678
39.38500715652999,9.280724835302433,0.8080812689947763,721.4801657717858
25.301061901728982,5.5563727136505845,0.8817488278289274,401.03651956742084
31.687158270529554,7.012719804917168,0.8559040818854945,355.63017591751077
37.320927394989454,5.728952024976472,0.7543245071401589,618.575544585758
1.2638700392540299,0.09101338421695347,0.8531454521217472,681.0550210777988
31.26558179830487,4.94272064055021,0.7438513579889131,604.2738689732837
4.489139795384314,7.447690238265595,0.804737316756553,601.8888849068128
39.31317033002092,9.654123090024875,0.8719431143998972,529.1868255367928
37.83223413956432,8.66719461190936,0.7822135728188394,544.9532341289379
39.63478870989958,1.2978644682922111,0.7511187524191176,111.58513722800755
7.519060206853533,8.865337042749214,0.8678866381088453,617.384369374508
12.706852195547782,3.4046172767624494,0.8758056950689355,172.86219239568734
21.189246448835483,6.635605191655454,0.9183263537572967,46.20858427744729
5.733635816789851,0.5610737147752738,0.8854634071567872,829.2659179083621
37.242820026097185,9.439419581848327,0.844029243224934,85.1117044703831
27.877506560031026,1.8910339740830595,0.7339944771644547,999.031311300337
0.0,6.911393009267598,0.9001217828543344,338.75676473881913
37.315254218905174,7.400841273412494,0.8906329350393563,160.12207809894832
6.19065924974977,1.375743297920491,0.7249830070391468,438.5968397775138
35.844597972773514,8.9204613425772,0.9427333687529506,704.6318723569894
35.16548496199364,1.9048137292117675,0.7260572049318725,744.7264938711998
32.89423600732966,3.1066928188739746,0.9021918497107033,676.2235560325262
38.03259709868454,4.825855671133346,0.9408128618433691,418.4402758328511
26.066958958968662,7.048261572584649,0.9248236010359894,122.56897074376167
20.250985002046615,2.32764717697756,0.7360034131456376,510.9459309188097
6.11357783194017,2.6452291781923822,0.9254848264638187,932.698886297032
0.6418876291338061,5.774404307575409,0.9035157278912483,412.3694326806668
22.784389954022675,6.953900684670254,0.9023158953281103,721.7828614963375
3.304072238596294,5.581874637762629,0.9487550360352217,405.2728386742576
0.0,4.179702391978285,0.8643889605595385,935.474643880434
36.75434693421963,8.770550667689704,0.7562958453254875,887.9451614443129
7.407075195176346,5.045740596424688,0.9066701066958217,975.6019805472348
1.134171985274136,9.32404666576554,0.866605922988634,522.0670687993576
26.04334568073015,3.52756749256097,0.8712014549668554,472.0720756916737
0.0,8.042579554771596,0.8687008537651464,636.8177349455424
35.36745112914015,2.7833142468213525,0.7305177634605641,585.0450479312524
6.229352365662684,3.515087242346813,0.8812180458530906,684.4863799673793
13.469043752240323,8.161656075633667,0.7168180915585572,971.015656910306
8.703701578606157,7.562701605451287,0.9107998796427342,85.03186142847613
0.0,6.779637762969294,0.8066684191614822,455.4259666896836
18.401460494784416,3.478647905586683,0.9416479581971783,192.17569169044418
13.723265046619003,8.890428749567164,0.7063306734094038,495.4046128160762
19.230823280773706,7.446839356911077,0.8128297983150629,847.837948145144
26.175775423866643,1.27541700549228,0.7373466798930666,299.0181251167865
15.478927123978455,7.686702842985103,0.8405002147189451,410.2698738818216
0.0,8.842535248108677,0.748143118712757,575.8130716573203
25.656859411659774,1.0105328717107993,0.756004902074002,674.1449230102655
24.084888025137595,9.61124676774079,0.9435879866397499,714.8212209738977
25.03072392583917,4.4471115668745105,0.9244765557145725,598.47327678859
18.6381833810481,3.203856746605972,0.7835051521556523,329.5542375552165
27.290615454170716,7.057805349869225,0.839143128708435,555.1846689658408
6.065782233998147,7.93583334433304,0.7340422721528814,172.51687745383123
18.827077120467056,8.853687582320104,0.8403500717480306,756.605359500645
15.624205801329826,9.415092916625499,0.8863591183971032,189.8298783975939
16.85148428873535,6.408991676988618,0.8406475767301638,535.4889387639892
7.08456164142282,6.705387507662561,0.9202266522721863,356.91110215974396
8.482963313035949,8.990679713367696,0.9167364323745764,515.4237752932986
21.144092919687694,7.335994935504965,0.9402559235741902,658.9082940429282
11.322983033343146,5.33475239585698,0.8639079296337585,195.44747917093713
27.581253296512564,5.094276741978648,0.7823028713755057,583.5129764485871
9.417945375791811,5.562935999697301,0.9123937413158828,965.7537698322212
29.319419332741465,2.7690027036219678,0.7031849251082773,133.12482253290386
16.02779822116308,8.893096661538415,0.8259371715037541,451.52869485557386
29.962341373090396,4.843001799663612,0.8953489531473315,487.5908658463468
14.168938173252196,7.874810013352167,0.8494187360979336,575.1271160269969
11.385272710443889,0.47709980954000064,0.7556267281080693,930.2227614997079
19.303294001522797,8.319544949077178,0.7143944673818733,60.58797886700976
37.899537068774656,3.1441137193964193,0.7808952668290455,254.23812606736158
29.85704570098689,3.7851002163478196,0.747848443116492,83.66256365427581
24.1979522742362,0.5243548173005438,0.7880170465814689,59.99429353152362
18.538744316299617,5.233465380479674,0.8554529429407112,306.94859502667384
18.352900769443018,2.9376938913973984,0.8084674378010221,987.8736275175473
39.916329378570026,0.800212724457555,0.7806302171356884,836.5327758323339
8.904890402677653,9.352053296842923,0.8807380935742793,390.74582729045113
35.68194914930291,3.5612392599314306,0.7796340853276325,370.93477095482774
26.3343461394628,1.3851440284473686,0.8928149416206539,130.70273861095583
20.45537430912839,6.005562275125416,0.8375354803846777,81.31637849425243
27.305868270709208,9.340804621241212,0.84038495953984,477.5425080761681
33.2911127717915,9.354498248283003,0.8851536107509529,57.24100740345534
1.3411296997554314,7.389176015176895,0.8882436912770825,608.8797954539066
24.134811746854513,9.091827699914548,0.7849685272873456,141.56931550510987
13.444879528149558,7.378153656388448,0.7651478442220395,243.61587664838166
34.40654311260385,2.749908446394758,0.7597148709881731,399.1004965875069
25.028609405278704,6.956318746673748,0.7624303053151522,370.78390727650213
14.852755895386416,6.57273701093934,0.8076858191732327,804.0283749960124
0.0,3.1814786082180846,0.916682498587031,570.095545456564
37.718743795361696,2.261875219872662,0.7774505082878818,678.1309735498
4.649887296992323,3.9620986821190827,0.7342164494906038,364.9932303936017
32.664128591907314,0.7263119841900165,0.8347386207394466,657.9573216783066
0.0,3.0201064589458415,0.9113115984980176,194.20140842601649
36.97754541190406,1.8274898237672275,0.8563228121253572,422.08045038865004
17.482817527399288,2.484873666224147,0.7612617814572717,568.5085106541695
36.001396905282064,3.619240365091361,0.7456598148823722,834.9748666813862
34.638714890968245,1.4373781496516425,0.9448515061515471,788.7108162008805
20.82458847558603,9.441503308815545,0.905801843652315,652.7056628977816
29.54184030454059,0.45985522027336034,0.9178631997560647,679.7427620992117
21.927609317548296,3.5999335534278027,0.7621751830841026,483.3983530959507
9.40914943177503,7.9963014674519295,0.7878353484436669,181.19040525963567
29.47873988887684,2.5374575450394357,0.7927261517553572,422.1556000847664
6.561305042242385,4.190967011943622,0.8712416360094584,221.63273803074503
0.3935727793762235,9.257781424669666,0.8891992335282166,521.0699558800303
21.24056949654037,1.5132720098060684,0.8604569979612747,910.5975370935688
39.03959676250207,6.674025984142967,0.9173269115399284,514.7104187494929
29.064584803052675,2.0965132147388466,0.8856449339582999,526.5734917720779
21.079728935315543,8.062379948034037,0.8972027015802854,262.26666464250906
6.36994660157494,3.829536951394936,0.7142681822545377,598.5072482164798
7.039635596995324,4.830321647110293,0.7717275337123701,156.99393721331458
21.48239446234562,1.9988635982671925,0.8613074151942925,821.0456994737574
0.0,0.10171729256114806,0.7694896234323614,402.91379649152634
35.000841725106056,3.4701270711589283,0.7227036911225069,776.8690212066941
0.0,3.5787084111465517,0.8007917429890183,820.874733399559
33.22955260773651,5.419139679680808,0.7412867304046715,487.9315386624261
16.697604249777527,1.5705738280556278,0.8995733840552352,407.1247871009625
7.3023078536346295,4.737322130896976,0.8271991048091677,561.5367297658352
17.075711191641496,5.079787812846822,0.758403196334725,407.19203608181266
14.882967820453743,1.2681820612737351,0.821149504359827,45.841258659378745
27.579192318043475,4.825457648586602,0.8493233579282925,53.92513206901324
24.14301104498957,4.692612453270781,0.8708226367692333,604.9612800281926
35.122404675769296,7.053544008282786,0.8429024045212591,217.47107159343958
18.900192755343447,3.67029997936748,0.8600692913893808,670.7296391554542
12.370214057044361,7.353824317329043,0.9279000311887287,974.3936482435938
0.0,4.727170540843294,0.9054457973556502,805.7605262788081
0.0,0.24180130967356117,0.7914001328371851,585.2100342574454
14.864067097146988,6.716986883645997,0.9310015847877013,79.51423817751123
0.0,1.609365178975146,0.7952111170411299,514.8811888777117
1.438099702607607,1.2550306785180019,0.851157276718816,243.95704393265493
0.0,2.3709131180767344,0.8339486231796809,551.0474618983725
32.9192202339167,7.850182925631919,0.8430802594374105,137.2253498152727
24.429208227088438,4.468391811343196,0.8924584912875918,700.3728999940429
2.5778840574411532,0.6867677207267846,0.7184580290779327,142.65707291489952
33.1646029713605,3.5168303999292294,0.8199025104517279,228.10330233204598
37.17509094702918,3.252844516157567,0.7842203135791571,480.62890065210894
20.6203547362544,9.77719811694126,0.8545428349819466,378.985696780801
17.12975618990535,8.163862478971309,0.8535975137743788,433.78376452221903
36.20233240521763,9.249942174291137,0.9169975039456929,179.89873787745444
35.774091391779756,8.83167886610979,0.9150192865286992,942.3496876066216
8.526670260575756,4.633099239567179,0.8199526456983713,618.4116023785526
18.997974340955302,6.089290690592587,0.8606100472358046,170.5107290146971
0.0,3.8605281211084095,0.7099602979927735,893.8250780394201
22.79753266860486,7.779731311046844,0.7831859993039983,510.90811976057387
23.225708011948416,6.142781987017292,0.8725694793983002,76.96816288162321
26.118403429960956,9.748287224892108,0.7517435470781785,628.848971741165
25.763676139434157,3.388476542427989,0.7219890912233602,903.7031860549771
5.638261723547067,1.0910740539397008,0.9479868836380088,746.3717278066271
0.0,1.1276660213654683,0.9383160423800594,116.26973275800928
11.937418479504075,7.0932352743254645,0.755017313761154,262.66694393747434
30.063771203344757,8.07247700902127,0.8236068937547667,936.4501478172405
24.38903109292454,8.334695840441823,0.7773060433520053,682.5321822097995
20.506312583436817,5.186702927232838,0.7869553405173164,296.02375956467716
24.547658955802692,3.1034266262821855,0.9426180576242242,510.0617627158362
23.004697948654755,3.816780364561532,0.9483453338424852,146.76759403894886
11.829816801492946,6.38058100271426,0.933090424982691,409.6682481867191
11.231357376219389,5.749397683268524,0.7813734864693673,921.6365504505294
29.835948320151324,0.3906465133075847,0.8138008146826723,988.8406406215624
32.916373173951754,8.466710524054506,0.7992955284079,570.5115427470255
0.48504478942922624,1.2312696433321935,0.9152864355197425,843.5863033680785
9.197076929094685,8.525405468319306,0.7952270417406508,587.3876242558292
8.410018344407469,3.6694696587909226,0.7879182736847343,483.7486131779439
9.864538081492537,2.6087821561366735,0.7373855987140504,673.1299390377773
0.0,9.41619762389786,0.9038604130725667,958.2505461267855
25.731489090643173,8.678638677613218,0.7704541925687687,692.143897270714
10.764594289122485,4.667534009485989,0.7979656301530226,275.82685499541356
8.8465563080109,1.3824669896942614,0.9031309650304019,583.7312278683777
0.0,8.486270917509461,0.9086764288350411,985.1179689569547
28.31376167204697,8.04327061208274,0.7654092876725246,923.15918664382
30.52755306653375,8.784275449303113,0.779353498186826,310.6653764282397
4.859052864183872,0.17909722073645454,0.8150622335848362,126.32908917984577
23.848512854778853,9.125017935378986,0.9391256365202633,760.6912593952399
19.242416959835406,2.786509952780154,0.8156310283890353,869.6018157202574
28.918218901986645,2.5024859076706227,0.7306672300560695,756.1017682437989
1.5917818970226463,6.0217318734622,0.8143456193394322,384.14353150895676
20.1639958640265,5.509245732696075,0.8322999003075903,697.37244586411
9.229336800663718,3.292408034760016,0.937814696961875,267.73841550312295
13.956718362522526,5.984592039352755,0.7580117436465372,462.20655152854596
26.80581377375369,6.177377878329116,0.7355720865659782,793.3294557931911
4.062960533160999,0.8492457107627142,0.8132886855933191,395.3871492898993
21.322945323448483,3.4929493432601952,0.7674222066482831,735.9142955149968
3.305957132853855,1.199519865376161,0.938410588098463,971.4548843397748
18.976654995762022,8.065163991663717,0.8406845533344836,502.0843444973399
13.337266667443314,2.5720727767367366,0.7049511107676025,224.31663133731354
5.768351180324203,5.669124623179562,0.8332426406850664,846.3934832537392
26.766003297945353,5.906747389568273,0.8047548749347819,573.2019327771012
3.9449233390171625,3.3255757639641867,0.7780707100516007,381.2089866441233
32.85132132732349,1.1821631820535856,0.9440195060799192,868.3078832843238
17.673675441611106,6.104046733015166,0.7388029675291574,102.25309050178289
23.18723192738997,3.5617250485766156,0.8386494137738452,884.399660473203
24.154077179059595,2.6111888041080666,0.9103680218627922,98.7903024908145
33.85744755910139,8.970979090959318,0.8669553669020805,874.2764105401545
18.27653475303578,1.2334739151847032,0.8484347981312657,727.5281759345281
2.7231595833621522,9.346331305466121,0.8155116714244772,498.55706690935284
35.50768902879055,8.889167811988152,0.8010938657937247,916.7484180937957
14.091727644610248,0.7377447082814912,0.7700466858667078,154.54641891180586
27.920813347084994,3.2336923912725632,0.7423495252251759,985.5803790440809
34.95943421416221,9.05022069784423,0.815317858092734,554.199054042233
18.96811008228809,8.05542217720618,0.91725819202654,307.26894017661925
22.62918971062078,4.4693281565198015,0.8647758790696383,881.0776219727501
39.593028169331625,1.5429909645086375,0.8242622630214533,938.9434069258073
7.625650082566648,5.59188122467496,0.8356228993517747,680.502256253012
0.0,2.7228310360757053,0.8481753348049301,250.28609847242626
18.506685932515236,1.6108497904592587,0.8133948097846214,354.9210267326462
6.223084517130686,5.1950053006228964,0.8321429306514116,952.6112116308436
29.266361128004455,1.0066870104207533,0.9281684895798176,832.753909333099
23.086278376176228,6.333920233697985,0.9057692563341825,459.2524279650447
4.807571803607502,1.3771620440630499,0.779197281713202,210.32685530629746
29.232093464524027,0.813241812199209,0.8046014827884505,758.1843817007093
16.450806256367915,2.174677023608113,0.9084869868105698,315.26477928417825
32.744304346391054,6.0612999786947555,0.7041916016626082,984.6054916018643
14.362243893483916,3.717798561844034,0.7334055108941272,292.5726159070093
4.856138585159683,9.229745246611865,0.7222509554302591,518.2227572180908
34.464559346733154,6.364529532778333,0.7412091971888437,170.64415399391515
29.406504960174612,2.9311258721126006,0.9422832788267548,224.34477359618424
20.062105059568783,7.339481777561065,0.8555457331255365,889.4772028005424
25.156615637703567,6.273187064427568,0.8320461899831515,372.52556173477035
38.72955927821575,5.1276439008188275,0.8882362531660903,415.56519942917504
32.70847945590933,2.8581309308371203,0.8925887391048019,207.6237983605574
13.437646815429607,2.984813843006648,0.8710129733897356,394.56513466963906
24.137611480281187,9.409151718245376,0.7887126545804538,102.93368915955722
7.524666546999864,3.5729080327065126,0.7097823168336241,366.5519146859615
34.994900336090964,3.046443083149008,0.9244192496673074,460.4262739460869
35.609292842584196,7.847376506387635,0.7653141230466354,119.86004681575082
39.22916566901178,7.6395433785058815,0.7599264237200547,437.9193837154614
27.122986036684793,7.092243860138224,0.9390299416715528,468.9821387437276
27.30849483091905,0.2045875221108444,0.7746853234441364,465.9828179473985
25.757204294624813,9.79983166744011,0.8634145877145896,228.14664266620167
19.35960615579849,7.631529376363049,0.9417336952229528,550.3120458311563
5.161267810080293,2.0544726052512043,0.8737538026085253,173.4310243100627
30.646644814525466,6.198939596063056,0.7537042481910614,949.733965375468
23.71876623128437,9.224061928745689,0.8574925452479231,903.4072068716687
1.4223522935107789,9.81708767060142,0.8748043607408514,560.2909708266491
10.704381521606159,7.124032129004311,0.7077926735356334,366.03966959234873
5.9730305543684405,2.729190992010496,0.7990321093458812,309.7281353927503
20.865519557356375,6.346151607884328,0.8038722007368081,84.21683783623536
7.63286917043523,0.1460630828847409,0.7210955736113537,303.3640760400953
9.345312971844672,1.5428448266458874,0.9117186352248352,376.4272465243835
26.06769013481933,9.59736154272685,0.8649926383183386,160.59190205307928
25.56916096491692,2.0653295752059084,0.914357553414825,227.75336025280123
0.6737498142962771,4.808669897399024,0.722419669237987,474.8146341990155
6.204973734129721,4.379504811176372,0.8442463636686826,654.6398840960504
11.94239189158136,5.112732602043892,0.9269043632622316,40.83769949075062
34.00026006421103,1.5319263099926586,0.8332122780715356,969.8784711133628
17.32749492812147,8.14541961711525,0.8295139820447305,314.7302631054112
26.320379420630278,0.8869477633713545,0.7331835433899829,439.1576428088013
34.2126914951634,2.9661902642972047,0.8522943421608102,599.7390218740986
32.42456941602831,7.326951259926242,0.8712022564427042,860.1273916819357
35.57043963685479,9.174803427632872,0.7529181325046952,335.43588074573586
0.45006498391198074,6.349032072238493,0.7717933128041072,571.8191766633715
25.354520359242883,4.417358759398837,0.9349978943848797,426.80049196565056
16.549444335642985,1.816292135587631,0.8656307374760448,95.955252569117
24.720282163773497,3.9623634880346996,0.7678887725270586,243.51031621689975
31.423813561803634,6.321852304385488,0.789685861809029,240.5129552934146
31.667607103569296,4.043719212732727,0.7474567853830936,45.350475164623845
5.411761730354512,7.26473407280464,0.7346535130475655,342.48154544787053
20.357326023219624,1.3162716428315406,0.7821802175247253,310.28322422334276
25.60536961543444,5.0043527974535245,0.7887341231336431,258.6179299731727
0.2358260088959635,0.6482943842559489,0.8902878349894026,565.5845457363571
5.912294706676976,3.8068056085536877,0.9301492791683659,430.0425021274335
5.888934423255053,4.504989362263309,0.9451811148382193,729.7707019393525
1.1908211546626153,8.264787525482266,0.9087231906651392,769.1761936685824
6.227284458013811,6.078619132901306,0.7012178477098212,797.2931298208354
0.0,1.0767569712637188,0.939884424762799,557.6987478171493
21.982582724514884,1.5913725023362113,0.7994378283403981,722.0644768212553
28.50502407739365,6.5164753918147404,0.9182428066526818,319.9120007425752
38.11136995149996,1.5016316440048711,0.9327414664110031,825.857706591318
31.75210414309528,2.6972985741744884,0.8118490070658166,167.45380276881136
0.0,9.141087268968608,0.9487105440031285,933.9297062490725
0.0,6.246177581724198,0.8478860056808983,708.3474272025959
21.08827764101626,9.781650386674318,0.7359767236846445,634.1099038178273
0.0,1.7902746683530946,0.7285451303910888,863.4270345090714
33.656853148493546,6.03586391647073,0.8467418502800589,408.3209989392391
15.39996049399379,3.8310603857192103,0.864858875197282,270.6166079069244
3.6886021285620925,4.7431322720435,0.7572089720486834,480.16334863445127
34.53232783784256,5.70683821646554,0.7776389038421543,601.8964346597702
19.571214386368734,4.439936168626818,0.7367640708633477,345.290032428899
38.76370521863981,0.0614026585125326,0.7432898745144435,331.67846262748543
14.33034092891213,3.258118876761917,0.714387504122355,869.6862521639603
31.802253180500518,4.79342303516032,0.7357220446454921,554.8539464763513
9.237211611875875,7.318994757733377,0.8872760781445419,515.9166868253961
0.0,1.9727438158101642,0.8306190126496853,59.84086306028292
25.394562128539057,8.928324099315645,0.835935154006632,394.24045435500227
30.98024783590728,5.899711856285913,0.720502603161595,96.59594603718804
32.77981347854971,4.9559272701760335,0.9320592054645815,521.9091567952569
7.274230432823155,8.161455558418478,0.7769631094285194,740.4832569180209
8.497787384801478,7.162165131007059,0.9367080901086391,104.72551584328869
28.251124015243683,5.333192267449788,0.9368050011957699,568.1716969676072
5.293700288394225,2.3499578495026956,0.7205114877782475,320.81544141693263
15.333209564914597,7.987616735252642,0.7049406210409823,846.229947140144
35.20123586818418,5.674823431448837,0.7324474115351536,529.8768228684656
3.8502946745200735,1.009866104063259,0.8225606945315601,589.620153263048
30.052824465533156,4.34668906745824,0.8877821679493832,915.1583382075036
13.638446667131413,0.7618338721130752,0.769719277312069,708.4330087725936
0.2412575875698417,3.902465182274921,0.7522015576114603,105.92948209761215
35.317614373066775,4.690250547706167,0.7919463158291355,447.02351944924095
24.39572194841119,7.095015125322011,0.9388800224863737,422.1966933492694
0.0,9.593834375555568,0.7973766122625259,80.53929412081277
36.15379359867322,2.581023697532791,0.8661156597473576,542.4885706144792
27.140715171386375,8.321336093748174,0.9423156699781444,861.1818769860563
24.930979852814595,6.8212265730108665,0.9114165867652935,321.34458117775716
13.391837398802648,7.199427827017053,0.9457904609080192,575.3152474291908
6.871287661044244,4.080665069243219,0.8638512058018826,275.33059211658474
0.0,6.616326905939897,0.911079077123212,965.6552512012784
16.89983377958508,5.270267457168874,0.7064063870449697,145.7954010716419
14.607240087689346,7.57184032730275,0.9165231726487755,504.9062256153384
13.44609388759198,8.714443085477194,0.7878249334410551,395.18874303073585
37.24309388077791,5.477958003184032,0.9028512127988965,482.57964280376774
15.54974725812161,9.765329324012043,0.9193401972395165,411.91063963509623
9.114299527562748,9.554595926448714,0.9354097932929408,569.5306368620229
13.866697176111494,5.694404391202821,0.8342203520546717,509.04924770206964
28.96811066799026,7.748919618556757,0.7446249948685749,334.37578637972285
9.638507543895427,8.559631275679639,0.7534573463668623,275.5254332001123
0.0,1.915106236085055,0.943044104026602,88.08780131078225
26.8946961350358,6.580296520886567,0.7316043592766698,750.1355225922118
8.394407014696167,4.691762636965826,0.7556688874835662,904.821834340874
0.0,1.755612373133991,0.924529839481915,750.6044030345331
19.189233522263752,9.096331700797707,0.8154429020069737,312.0239476216052
7.410648093127287,8.266709401132601,0.700337450112837,73.99581650998499
8.553836082450266,5.02146207535655,0.9495791692750227,40.625561234677896
4.673645146591203,2.9777473048106815,0.939245252214573,760.0515225769352
28.058272150809234,7.570159045679184,0.8794708863675819,239.29720585766023
20.22196173949998,9.149393508943561,0.7568277459661552,385.99245556150544
15.003424854736837,5.889972923801291,0.851851801105128,803.9557288267715
12.904702531947365,0.17897216232947266,0.7524805323263672,161.23138833220037
14.580623635517753,2.2181442120652597,0.7063688706847451,998.0418405960247
10.431449778307055,7.629918807590627,0.7485238391985651,74.40514489983826
5.040947550013332,9.380490309035594,0.7996319613289976,511.5802636814589
0.0,8.18744325036996,0.8320462857821063,562.5941196555888
27.824173110940787,2.2142754699136056,0.9032251468701527,287.8454205425813
1.1708541972997695,4.132774851746218,0.7067207815243808,484.8644469803639
0.0,9.392355105566953,0.8117210967478983,546.0036666051285
28.453455889314768,7.336996504114384,0.8971504428010816,691.0673513020132
29.852198125104373,1.087253944865478,0.7596278895906641,982.6670319313967
29.896163772743577,4.524984774187987,0.8811131330387862,139.0647061410151
13.641853933307035,6.476884560986979,0.7209817027700279,898.995808456328
3.29286535533026,0.3963081653148581,0.7826773706853618,732.0124218614457
0.0,9.66545523342386,0.9373096524292341,964.7382934354745
31.473320185328525,0.1289263416902904,0.8051943688577529,307.6485168746583
15.065339098488336,9.737501719100798,0.8646052858474762,815.8663534886628
11.73076727781162,1.9416136427853579,0.7112737346675483,791.3868539358955
18.281374480632493,7.648464435704731,0.7914985035534168,636.9332558935776
15.038899578790366,9.47737753726451,0.807159995528617,531.6409529657486
7.086753399286788,2.279953660224097,0.805284857557028,695.024369675231
36.76190418604926,4.558275967274749,0.914336950088255,843.9037881680753
19.523740025370373,9.777498986055983,0.8090568962810882,312.1338920590442
0.0,3.501378015432047,0.7331028077403258,366.71579191821974
37.38155409943244,9.311161751041933,0.7032042518173274,119.58774942489
31.084960774187724,3.261505276914487,0.8261789913357903,770.2755788229287
5.894115052973445,7.943109521407927,0.7747249561924457,865.639541890103
4.655121456290712,7.628857344413938,0.7877396739925153,696.9339076057545
5.862382670767267,9.51594742568715,0.9193305085434604,547.5762285118161
14.756829477101663,4.343848728588741,0.848816535384938,432.16817603583695
1.326499973291821,7.265093510463631,0.741219116738139,74.66573136768022
25.760051677639016,6.851905725877411,0.8877522028552193,90.50739672127378
31.68927783230641,0.3293562935375114,0.7453790336750663,225.9993431349974
33.372656045564256,4.480911046842664,0.8905613944277508,957.1550585848606
39.15036935521856,7.567733773136229,0.7493040036012423,49.98880775610978
17.325022317974934,4.674153025807585,0.7733064708518105,447.6553478125899
13.655566231207628,5.9284934111179926,0.8882932527479261,117.58047149789061
29.638716958119332,5.257855146588179,0.8091683801455272,397.96894369163545
18.208285432544233,9.763215864889869,0.8577501353809202,503.05223525363994
30.38350046191572,7.777211507892546,0.7919019257577882,249.52816681526144
34.23955647036607,3.1640646568428727,0.9289291435663325,785.8670050125637
4.723471910840982,9.331870417439557,0.7170274493500569,248.2174112449652
26.86185649357101,2.255492007253857,0.7611843554851441,640.7337516282613
5.322872995590106,2.7899287362426044,0.9215032173660137,371.7673752517426
10.286357951689642,9.145736129671818,0.946604447436073,918.4388377598117
16.501246901914225,1.5195743811802918,0.9028812595635269,549.0232121212491
3.4605888360644776,0.39350511889994155,0.9461981863216742,402.3040630288579
6.466186796293676,9.084165695498546,0.8352751485343184,73.5132416477412
2.517256428315475,6.541308648549002,0.8108649109214644,150.62432967087767
34.955138001569324,3.1810642651407224,0.7463777624352991,970.0021368390605
13.202312246769454,9.46233859677519,0.8906428496473349,724.1438406214321
22.998882610377972,6.1312610873661795,0.9433379279031076,369.11007131136796
10.201993900938232,5.752572499840142,0.8116362384164966,108.09241347800366
37.11088247494126,5.696505531790241,0.8630829544080272,935.477107290139
10.020375893208307,9.929518739889843,0.8013278255132985,865.9510790609113
13.214849390873095,7.375230868176162,0.8205597626853032,213.22022168213698
38.43569352695184,6.964005759693968,0.7146380455545404,508.1836392647524
0.0,9.748791496889654,0.8408248508419789,401.35244969877624
21.16628244608845,5.14159770992237,0.8275763206493018,317.32673758306436
17.436306625954522,9.736305033677649,0.7779542916513645,898.6199655012034
3.045760651260062,7.691866329546462,0.9208574047096842,679.1888072130215
23.115770464677873,0.5161939332712088,0.791104500154117,731.5179839953008
0.0,8.144028336623236,0.7849713499569498,64.19812495501517
28.567366324898185,9.115393957631754,0.8605228510563714,635.3104472662274
31.79735066111307,9.573955754942821,0.9324467208184539,922.8078516299068
29.87752829224018,8.387034027210328,0.926943052723837,337.89134986383766
8.771208698260947,0.2771635279981174,0.7126138127149815,612.0585980183055
29.807982912130523,1.4867326598664028,0.7878206894179955,279.01575787552974
31.713660946014887,3.379631444429206,0.8000537416653839,199.71518467890587
18.33871324042078,8.800500496989235,0.7898988314350542,552.0269696402835
22.45427153337455,7.307938926218781,0.9338910313591586,673.5449491034262
0.0,5.146658785582606,0.9049000564659464,170.4256526919711
2.348421528591385,1.4317238033616702,0.9124963019376903,748.6998797727027
17.471730531971467,9.335207274310735,0.9310442973119955,440.3795772209629
17.164191949963676,8.084959346067027,0.9339387990164427,82.3206556088142
33.77271719216843,9.690419094610341,0.7871068805793645,480.86345061865535
1.5558098263021796,2.2387392028649415,0.9468873247438352,557.4840094503359
7.257780215614479,8.379750901524694,0.9283653544426085,871.7101988711315
9.385429324111557,6.519045162994174,0.8706395244520568,153.57479800607427
32.28215513937273,8.702591889961887,0.772793677668257,43.37475680180212
9.157124416204638,2.1697672510830333,0.7797721651821277,588.3223300624154
13.241878598154091,8.302564165532075,0.7145331511569971,84.68250152951936
17.677130302499588,1.9387997762370925,0.9365092904008608,215.62547959368842
11.900456458090996,0.8495618471135874,0.7847652789719218,643.9267181744806
2.5571341958577065,1.5715640286646657,0.7488208982780308,927.5969831500506
0.0,0.6934894840729494,0.8563619801018169,724.2037990613871
34.492246471160875,2.3586312206672844,0.856572695910105,904.6030312569491
24.952766433106312,1.177102680545044,0.718673319311879,688.99628869922
1.6431378624291009,4.517005520015714,0.813255649588219,954.8741732975589
36.119879376856545,7.016189372764089,0.8094410163614544,529.687069676846
1.496327622016577,0.5671199519129976,0.8510384832155535,253.88766705153984
31.99680180077162,4.691172385556647,0.9101054371169824,77.48760195403477
18.425545978203044,9.015368376443373,0.8144361078250023,843.9805631295839
24.499793449905884,9.439852394878264,0.7149298370658088,855.3095117753071
36.560429640010696,8.32987190314235,0.7195170804824568,180.20541511659243
17.096532862291525,2.4241986644706346,0.8683073321076998,907.7496536469745
14.617775429355877,1.1737178523000305,0.8772111696002015,158.78509590641107
2.8533960268322125,4.543853867336055,0.7172662304495895,760.2428352811809
31.826237067236555,4.277545202068356,0.8970076615584339,819.0881231415973
22.249379665543366,1.5855900863081183,0.8180237932036261,819.7228921079854
26.216046449288967,8.637165807674743,0.8746466042741892,285.6599942666504
0.0,1.3301268120279977,0.9179589503452438,360.0645443496139
12.005611736248055,5.765346609058577,0.9100320841303038,390.93515667943643
36.1145689919486,3.2022086657533726,0.7269028924415859,734.7590297757336
25.563195850524615,6.414982490805543,0.7522602624177027,563.2119400647462
10.550197439624084,1.744265886960319,0.8455246074606834,648.9228773763836
15.441354917171312,6.237113482352806,0.8167791387105128,117.43699395924341
23.136009839463004,4.792886079818981,0.8961226982909702,106.20578772056383
0.0,0.8581025448285652,0.8972763002814179,178.30954215277032
29.607576825066847,0.09810815589682234,0.7425313461037804,368.24594282920395
16.309492132077406,5.7143956116346635,0.8025619636560012,925.7484269760139
20.458678162765644,8.822184457874966,0.8032776117942173,299.8752684270489
0.0,6.145226211802323,0.8513176275091875,161.26154609067197
3.842640896379827,4.512502712181723,0.7834664588793174,190.84389455998883
0.0,1.2373378184616879,0.8986548848677586,88.17215590316174
14.284790762496195,7.786959738074575,0.9036111239616378,663.4148176549678
39.018592556271564,0.483365441094704,0.8874021425005016,45.36490950251007
11.11386508925814,6.570283834739933,0.8838674402857746,169.56886874453977
2.3172781683551618,9.223044120012261,0.7771938337327227,377.35346445125657
34.091540607270375,0.8813687038570768,0.8117178694894369,825.1497485458177
29.99910352117199,1.6161180329285578,0.8658121612741332,643.4838934056681
0.0,0.45077141143756605,0.7541445191510652,568.1654407916564
15.222626597244094,1.193337025418497,0.7338089122841281,605.779495993761
6.15493323463199,8.252555700003184,0.8881252914278921,348.7817597086774
29.255400774659755,8.790548801669141,0.8846163575074806,975.8239849464917
4.23433058279662,5.062152946532467,0.7566176966885685,641.7824562118959
32.61627636342348,0.6221957682349424,0.8708782487245972,574.1441853894712
0.0,9.93767756564316,0.7563841830833647,551.8370118222501
15.26866031309572,9.300875514907608,0.9212060880774261,133.00987164920468
18.52854281226507,7.749466056608809,0.7951115546843348,685.242733317078
5.659208273205353,3.4997613242731034,0.8079260542239273,282.6141694878386
39.09477893510688,5.344354828105746,0.7165896884421821,97.2950127584302
1.381340380216501,4.369387558226435,0.9342015477698908,789.2533481549966
23.832959280518793,9.066476446406599,0.9150070322878601,744.0976147245274
6.333065438162337,2.7217130886044094,0.7953740150249407,832.8596909536745
26.702751758790445,9.946152542405706,0.9298408584522355,299.7020361828414
38.33064439785674,3.7974297413065243,0.7006022037179139,656.6150664423471
35.26299168592343,9.893323139301623,0.7511727189183797,386.6131907292233
34.15351408587315,9.984476011082503,0.7209592588155357,65.97889879209582
3.305790787519832,3.904514446421225,0.8556978722695281,474.09210237170174
15.318920005590098,7.9005368710106065,0.902669758645272,131.01188336751576
0.21980357157868352,6.3391762427382226,0.7979631104204274,630.7036650599077
7.579549683412464,1.5212483706779814,0.9387569009130559,563.1458946294546
35.663093934243875,2.7961185821039063,0.7873317891139568,620.9993032731617
0.0,0.6343694446825594,0.8980394592536964,215.91157941183982
6.209302122754939,3.245192175174252,0.7382609364200388,553.4762975789465
27.51741178270153,0.7278909835996299,0.9138453422474794,130.51164424725664
9.22643899571932,4.214187773253645,0.9125442625968535,992.4537095152123
1.0566140522446235,6.405058687014663,0.8513035084566841,173.29590933978756
32.49381990977487,2.5195833203073073,0.7419239162219423,94.78700955661398
18.33052411748053,5.294215825131189,0.9409992276717741,506.21958192323075
10.933805231981689,0.4604927457536565,0.726292018421283,151.49828941490898
1.5652510014781909,1.2183130256268566,0.864865039617556,864.5757242425229
1.7360582612883597,0.6890693804322912,0.877207707282425,192.20493035599134
9.520746662376663,3.97641842479081,0.752912833216413,117.98994296584323
8.88165681883873,6.8648797723741755,0.9488637437956813,855.8393639984457
0.4498044117636272,4.0369146907269124,0.784967292254737,886.443508263609
28.58261552691595,1.3901959972022995,0.8005330734581165,966.3013024251458
23.764084448537574,0.9015196177224232,0.8325596093113151,170.02338535432838
20.51271462355529,0.9439162155340631,0.7674865305108818,508.66300037556135
6.891559351212175,5.236342907058774,0.7632423266313002,363.3285675100478
24.512798334506527,3.538179018790783,0.8013685315719382,712.1256242549107
23.711038908248042,3.7951846196397896,0.8746019405949149,156.12941594058324
23.26535842131263,3.5870274463756635,0.8129698019310782,742.9906162879976
26.288261689584555,4.873662006174033,0.9222826720913981,177.67454590065927
0.0,9.833118887321351,0.7690990123093957,399.82950692282975
13.63099837359152,1.4270665740870898,0.8177250006512666,381.7971441282943
36.8878383936059,4.06526626921903,0.7545462584509044,667.6627141844216
11.683429450461771,2.0651563526655905,0.9223667368546412,947.1985713950584
14.397594113903308,6.11736147989034,0.8078942986797621,455.74697180463295
15.083899609142843,4.253457184177663,0.7068857604992617,645.6067736363035
1.324861867985324,3.735957340578181,0.7268494256804492,278.74310784307
0.0,0.0651756299967648,0.9332345215604471,219.07961348834132
0.0,9.825907081695805,0.778338327587573,710.076403584675
6.486013096246067,8.878602212021013,0.7186647951111302,369.0088611113615
3.4591904829743183,1.4443575028088065,0.7062391584653233,223.46006635599844
1.5781055120233476,4.826516807813135,0.8217804025581079,898.1805172441427
24.359922578928817,4.674230126287801,0.7972208805129005,728.7260184586628
0.0,7.847548309578275,0.9029235177388144,963.2189103665262
10.067001200522396,1.842593797114047,0.846521568523639,820.5828899968442
17.415862514802438,0.9019146697557767,0.780486484868815,880.8541340734229
22.746649371507942,6.556998581145492,0.7077434053025116,290.6448787511672
22.913795992197404,9.416314617849224,0.92307010752225,52.69154769695518
26.933212315453556,8.178482815995645,0.8126992300415794,591.0029084952589
7.2975026137005266,9.14618587552306,0.9321604850097451,378.55320577017926
34.45453648496351,6.772192380864362,0.7876890635544272,93.52425483392899
22.12729595255169,8.891650644967447,0.8039969985845614,799.7106787201856
1.9313116138999333,3.3986784290507703,0.7122037189379127,553.3164137440165
36.30464256487971,6.220213796196316,0.7062666084535038,423.3880773022544
31.610203547498458,3.6392048207934122,0.7302427650096235,561.7133280825972
11.485609328104651,5.061653607496477,0.9144438010507298,181.16776845937846
0.0,8.52731656798838,0.8948789059658981,54.28989073361237
26.159805178439278,1.6028378178581781,0.8356371859419172,629.2655742638776
7.649196909736498,1.1001204087086556,0.8720422220053697,826.992340840041
6.816156486439806,5.820596656684139,0.813421033287665,256.79445253403264
1.4292825333089354,8.26117844615859,0.9459629739097517,788.0970119844644
4.258531654306048,0.9094469391863995,0.7175270793896001,999.2562487339628
37.926280745620254,8.266308621436098,0.8114709949198324,335.0244568534664
16.273898196734514,4.8099649621011205,0.8055284585558198,657.3641730771452
24.45521898462817,5.342410058406312,0.9228493707134662,377.7870613764629
15.187707720488271,0.7150915016523105,0.8925366559643444,113.28303877471296
15.868274103506806,8.404569755562997,0.7079058460733799,950.7853740532889
24.129952547622214,2.7112802387887176,0.8015665767933363,469.900869405113
28.005945300332492,6.819631994519371,0.7731486459601009,532.2602912784123
36.10380352037832,4.335322140931105,0.9018073557347982,525.2410799982043
27.210620147839276,3.0664975807077544,0.7834250260801804,405.43266915468314
7.819354341983979,7.062673151971558,0.7222434352041305,640.0562197008359
6.9449752133036124,8.032965673383154,0.9477382546840398,67.16434911377934
2.0732591230627397,8.419499973361251,0.7697930437383709,960.3390628398159
17.738064948514253,1.7062162278754396,0.919834814765273,975.9426557178302
35.5993168975281,2.633920140347503,0.8723079257462436,641.2931737173534
0.0,5.215148889527145,0.8470323494593941,207.70570321135364
0.0,9.584286192840912,0.9378333314132365,992.4686821769761
5.128101639717055,6.666146158049733,0.7999674915276094,763.2910991277278
25.37943152200554,7.308341795940409,0.8379599888264313,896.8833785787007
36.19192569941091,1.596909067119363,0.711028492380053,419.6681291101946
28.937064111083806,1.8395095930730727,0.7707677293616199,725.1658417506973
31.820367908208365,1.3440625332037515,0.7656522746035133,659.4368021310156
8.412780849942557,8.300848592752113,0.8629695515569908,155.5446850586222
19.722871116076977,0.9447413023913624,0.948536658954761,915.9604651669465
35.32812661999232,4.33209090998439,0.9111034397579878,639.8298976042755
19.338037297456097,0.8502460336947568,0.9313842682770936,488.45034742898235
29.025998343815516,1.1699999127606135,0.9289655327771379,765.9844384083544
16.837676044461215,6.231615744900129,0.8839418451802956,890.5619991192486
12.2794935216557,6.516823419259466,0.7827503833964811,285.9560531489718
7.463620201296248,6.943182778986642,0.8565909471318343,522.681523108963
15.356389479690227,1.508694935844071,0.9025227339390459,338.34500653090663
0.0,9.0546969484886,0.8011424650649187,633.8423406718056
31.85867981236566,9.770631248597413,0.8915464701054769,714.8344919300642
28.60073099766169,6.208220204026112,0.928715479800923,452.44170747744374
39.29391445063599,3.09050776431573,0.7131763817416694,608.1079507312202
17.516217094183926,4.155272260995387,0.8605538350296953,701.8759115112971
5.798401005185781,3.1722194200732794,0.7578209067932398,552.441372461796
21.125376135514347,8.872495814216169,0.8739670563273549,117.9262493039986
36.35140903203696,8.019977978015161,0.7452103506914398,75.72702947883151
1.9773062424816512,7.616259417151872,0.8234257262554112,834.5319683082968
2.530703381797546,2.472018426456306,0.9095189245881918,454.5125403256078
27.5852128357603,7.239576370803587,0.9255193850705101,951.3755971466766
22.347607203748527,9.329815465489359,0.8730580473038441,439.7468937373062
35.17452973258946,5.258181351333847,0.896576790742772,151.7431444548463
35.149840314294075,2.7874335036397557,0.8864347659179967,611.7427689877783
0.0,2.688272753426069,0.7118155694265895,806.6051566578799
21.413795786325593,9.95440271992056,0.8332271562947291,583.3137910173801
28.485084655116506,4.7874393124921895,0.7938603756585096,683.2889720399648
15.14732755192901,1.2148193941541925,0.7396822881392684,634.4355216077689
39.98576983366751,7.495277600249139,0.8303183227397269,440.49902030066323
29.292826389644805,3.062511682284423,0.809503797402835,885.1574264006262
9.68091903056741,2.29335002318654,0.7856878352349876,430.9850884339716
8.363681905962208,0.19255391044917253,0.8315287920938661,326.11821634625113
18.198993680563703,0.7833980856517747,0.9354967313619263,803.4691050456472
23.807617365443342,9.215904102027183,0.8729786780208846,589.0283504289794
22.93372397245149,8.856947595641959,0.8597566632236546,647.6291539847451
35.109050917946306,9.412689991149827,0.8045713697089404,923.1355454064501
29.82722168288176,5.356033236757072,0.7852797448202884,806.1530782170121
3.1610151272093825,8.561631860825067,0.8987614399016501,163.4648297187382
5.069271859804697,5.768887537339643,0.8254184569543066,712.7302932802636
9.31595909735174,0.25355725472318263,0.906200733316508,901.6067885137895
2.1901076703349367,3.173069331217406,0.9373325112759938,288.0111128302935
34.47128122045993,6.0678493276548675,0.8699569749728301,519.874320049613
5.369629463435389,5.487521662893723,0.863429932101706,427.76595904631967
22.585971807686917,3.467209825481633,0.7807711752555684,621.9594273220766
19.586714215196324,4.712105276541222,0.9382012396419532,220.0880144318018
36.78962745063676,4.321464472604479,0.8605720061376075,814.5148993109374
39.04473051262505,6.099114067114389,0.7083363354636492,953.5417807311176
1.4484536505161612,8.872986215785426,0.8668204058071298,630.9208823712274
28.65971791194479,6.808085184026122,0.7533761064444857,513.716909557683
9.955742523648857,9.164693845404365,0.8334695474360512,271.4539294297934
38.70623550009722,0.5216696821265601,0.737134983447993,852.7295701099325
6.74581488654371,5.952838886311875,0.8168828169626835,629.9774723220366
29.978189881085502,7.031555068105156,0.7681084714920021,191.04033428848126
20.839021969906597,5.293802878552983,0.7238725882228683,179.54462063508927
24.771107711402973,1.4424645118059538,0.7878311353606762,601.433474258112
0.0,1.3339011976719926,0.9449589119923489,240.54998932196187
20.251014375425022,8.524356250840007,0.7532574611402401,498.39251547990716
6.7320378302289,0.7455405578576186,0.9193021225458083,990.5270397531045
16.0318382664477,4.688807748461603,0.893036370280924,807.7532377346716
1.3619044971274679,8.020888447309487,0.8066344713888629,106.56592419763146
1.837775659532572,7.607074597409104,0.7044997708618627,138.54085015068478
2.4342600946995265,3.099542247215088,0.894219802315751,793.6708294933283
27.824211834396014,7.930961048290987,0.7450900359376715,320.49581312191503
37.435177186461594,0.11436168775363778,0.9492672892892167,716.3105131202284
0.3726172660681859,8.618679401610578,0.7241304856695077,486.5719685563919
1.1077704701706177,8.09625485572323,0.7326579603977209,231.927180103029
7.563511878663341,4.995336703406707,0.8768129985558126,523.0382295909452
27.124190147756355,9.246993857574742,0.7053891912844643,917.2977878242156
7.677326417932267,1.641240178431097,0.7223092222002235,666.2839837415346
35.078123094624104,3.765633082076172,0.9362051050995062,524.2652415423539
8.004598374280835,1.304271160995432,0.8962254833683702,495.2948215433724
9.953088827471023,5.733532388952511,0.7540363049624236,337.9411753496537
28.92393307324277,9.97314116405473,0.7797237607129411,935.2132223926185
0.0,9.318987244785093,0.9282245426719642,775.4412465229
0.0,5.28858620859465,0.9456543043957709,257.80742952782657
23.826557913909507,6.223119605672707,0.9282083399091854,161.4223380599657
25.862401771629983,1.4992925528819985,0.721819643613575,917.3078606163081
15.4315656232452,2.794392167310683,0.752275609567603,194.95833339682537
19.287450488473265,1.450585896843141,0.7795860151793574,108.91489515614893
7.956373285705882,3.8024696977601478,0.9087066454503969,98.46770798167259
31.999466298817687,4.695999816232755,0.8608970416335615,223.87219780261182
5.082753552938299,4.134908508949133,0.7194593283900115,170.11634086116402
17.231393412780594,0.39323068576448966,0.8974165082086293,723.4795773580331
6.313853336383831,2.3192601424626242,0.8535494902772447,70.05246471568952
0.0,8.653618736055337,0.9337108676568145,557.2919563474809
18.336942105130777,0.017238551307098608,0.7248662323415299,327.8763500621144
37.238575698915554,7.997266162759912,0.7123641018324456,98.40113129696668
0.0,0.27494077383826915,0.856176403201035,271.38169899022205
4.139013988477875,7.301535730222263,0.8882283008706735,885.3591327631565
21.486612210302145,4.135896147230913,0.8597762037703567,680.2833858171562
25.67946515159805,9.457562967088261,0.8501905450680869,990.2835567478941
37.75042922996151,9.041186098158482,0.8742770847050161,257.4261776616765
27.807525860085104,2.4099730183637136,0.8318993820513645,216.039222915099
0.0,6.650746665899417,0.7438772117403065,589.096915977479
0.0,3.7862012089259705,0.8294413224857851,998.481511041298
18.9142060981797,6.745669934551278,0.8862144114877691,718.0583826249089
16.36510068507294,9.484920344001837,0.8525527597301414,820.0607435302136
7.293779320238568,9.503024088623903,0.8460492073448802,297.5561424810857
10.378802564625616,2.1961009090939303,0.7168908732483674,683.0796291497275
31.95825138711203,1.404593900508573,0.7583558184343269,562.822930792442
37.60156808442552,0.43039375420697235,0.7833089688664019,856.741833257616
0.0,3.9972574180052365,0.8797912202678401,579.4464404564459
0.0,6.549100996740108,0.8882049559004093,741.3003960770548
0.0,3.6650875355935284,0.7694350518033657,219.54021997104797
22.74568787340009,9.69219176168851,0.7838045711428283,733.935583558206
26.689487799747543,3.3253623510683985,0.7705029974887294,417.7500293665087
31.439006755610208,7.755856967956632,0.869415526634367,367.69706681942705
29.072340312020092,4.653305286414077,0.9034241572238886,407.03369198646595
34.572397921122175,0.3300675116757254,0.708850376747362,312.2517540840163
0.0,3.361196708695259,0.9478061995849095,995.6518070078137
39.010037876799494,6.733131787797662,0.8974659425959288,666.7476844674127
24.48901876789499,8.515475319931959,0.9462346270535884,918.8020430283166
24.60425769840107,2.624025584867268,0.8312575660426246,485.7055053199121
20.592256172082063,4.305812699963694,0.9004900272139931,891.813807135155
25.128052760102882,0.8224813741901348,0.7717660513093915,765.7514628394315
23.9212697786589,5.729364404191073,0.843755184501355,638.7414778189398
24.420614414873715,9.76280452927167,0.8276949981618348,729.9559831702596
33.80773774217681,5.175528468314387,0.7063273321529622,540.4176475596596
32.84175424471731,1.5878417254289992,0.8312937689136654,592.0022167700173
34.32104072781319,5.66749913982985,0.8990836200251877,463.86457755757885
32.45745844993316,4.026513764067184,0.7878745857151374,233.5348741740843
26.773337523546893,5.257637544087775,0.7590505468827307,190.76899533749128
23.930776880695387,1.207672953439451,0.8996567055331118,611.5151754038689
5.243551502361668,5.181476865972444,0.7602549915901606,991.6030110559773
17.093508236634083,5.283524038802238,0.7079811426641728,651.5063114787617
29.607828112698034,2.5776604064280755,0.8059670452077062,904.8253833037883
22.039782803898817,3.4297962235963477,0.7846181321437553,750.1959842887934
16.533343414134862,3.7071293118171735,0.7357941692299526,990.7664198069901
32.34264913129824,4.7681044751727795,0.931596818455405,506.42547347300433
0.0,0.738783267244497,0.8892000252559211,518.776793860708
7.472206839453544,1.4458951935290278,0.8729991334051539,258.3445724602978
12.463561638369576,5.281198133313175,0.902326994016193,138.10048627817451
12.581498748432992,6.409725670590705,0.9162786184219245,241.88175214287526
16.437585519961903,4.1030594445327555,0.7460770698287096,690.903712540387
25.757412366307427,1.2869295377275305,0.8571421058968364,943.4896137016242
6.211394694012805,3.0241060460830647,0.8002987421882818,715.8701071784537
0.0,6.478511131840224,0.8536740977422306,804.4549525589642
39.7703770987591,5.399050882924154,0.9379381794937448,539.7063657473046
0.0,4.862846804562358,0.9376393043089138,714.0889198400383
16.216222981075116,3.953207720390345,0.7584288668284602,976.7349506421965
34.429905297255665,1.8616845466544922,0.889005442971803,145.79366701203142
26.638853811856976,0.31083613112996317,0.8403826550948232,208.3473316212939
2.3607311623224163,4.4185719983553415,0.8173520795971223,858.2690519792574
34.265058485512085,3.090252136634936,0.9226459230582168,507.6800130427439
29.448824490753918,5.787806197327301,0.8458481814725902,646.0361447073412
6.900529274414055,2.6903058611057187,0.718516900400826,570.6355245094657
34.47434832779591,1.0954998291567448,0.77059103861382,814.7917862529262
19.05180181783688,2.1019185480634017,0.7767563426447799,142.48372780074106
22.002397661902577,1.3485823044839773,0.7401617889444259,633.258750880922
0.6853339060111081,4.87562433430289,0.800205669255285,318.9315022323242
8.339487286532206,9.688341910164308,0.8166953601423297,724.4815836619612
22.641560719889853,7.643679453083469,0.8931773687012163,816.4639488948537
27.07864598347186,8.150115641635363,0.7179530738748137,889.0462385460768
36.05779740856808,8.110403956527609,0.8662843715651575,586.9505753631437
3.4934538830906727,8.411778076078342,0.7333934558281515,913.6197003510974
3.8106826986882827,9.263853742065539,0.7372089233919431,601.0010903469786
3.50011419731141,6.527155311240217,0.9496988570021455,444.6601338155986
1.8646825978693857,0.30851657284568007,0.7868026537593075,71.27967597163114
17.381244330150512,6.347574128447069,0.8784888198558952,346.3964174032486
28.69881175174509,7.743312391257117,0.7465402314857896,772.7724320399659
7.557580382660239,5.396684249992419,0.7884194844875305,727.288238023601
15.027007996639597,2.8211678044189514,0.8575787325497457,132.61787953755822
37.46520294527715,7.420490121387717,0.7309841919251351,375.3370351154873
5.1701911137050205,6.13589834397888,0.9441860278545899,675.0693589201221
20.919841476697194,9.722317184697342,0.8507153750156544,977.6951655724678
33.01152882235919,7.436843607798999,0.8528496175731232,480.9088412332582
38.26578935376466,2.8427605068991273,0.8672206568825388,716.3925226261664
4.932808907020549,3.6176517839470606,0.9383868188358439,822.9473305015613
25.04920890821637,4.930917060419464,0.932849055768512,467.2699140313986
18.606789217457692,8.100661385086259,0.8545028103250578,766.1353107090457
32.08240114423474,3.6693225411003083,0.781775428455294,78.54712089395204
31.033661281505083,8.101373168111289,0.7945975325328001,795.8544661252885
22.233461285645124,8.445199923207145,0.8024950782738774,302.6455421254963
9.165785316570757,1.5431855029815493,0.8161188151871561,834.9571656241858
24.83001571220361,8.88445134557235,0.7968227774853861,64.71714090558476
23.764416118096847,8.014097336950806,0.8651505659399954,492.4194475087867
28.325452322346063,0.4106878413007518,0.9405751575495621,956.9048610247855
3.47490967484045,1.4126302238649562,0.8951256881794409,323.1434100890557
12.265733189700397,6.693282785123256,0.84136998778197,810.5314137466506
35.615097744657575,7.8400455580991,0.8930779626106354,401.1634985047993
32.372665376814474,7.150426906949054,0.7559085236122671,582.6805621507591
7.198313190941035,7.063107782884747,0.85279462403057,223.4238060254157
19.267441947160396,9.40517560975545,0.7762494827405599,103.49730551787812
34.61527052696323,7.082014832335041,0.8921660128752207,445.98190268309827
1.3077638827015572,2.6013388597071128,0.8770945463148858,901.7350946976857
38.518390979420815,7.905738981495572,0.7206676391673883,227.0154809465666
15.17795091319162,0.9645400900946246,0.8335765329477215,161.14491826758425
35.805220670483074,2.6038209221616215,0.9425001062559748,313.13685831881503
21.914336721618835,0.8130772737927244,0.9128591958617979,920.151233261645
31.66992881096096,7.178916326262161,0.8175395514502346,348.41335348278557
15.07899409054054,7.945331801276576,0.7944526279895843,953.9634683702807
29.356409634722432,3.7399074565940307,0.8061889952434184,204.93763854680714
16.9284965845082,7.682077144243016,0.8769357549507093,672.2428508812249
32.95253622721645,1.087245959702098,0.8411542001866426,718.9050741224361
15.662051435044443,1.9690074994979918,0.8980509280682828,599.1427551617719
8.975480045838575,7.424703884169774,0.9322380730570353,155.2112018236727
33.519861305670226,9.017778682373049,0.837810598784913,195.88700494022845
37.83313832017704,6.403854114001063,0.7162192954874431,384.15641925654364
13.732013386541519,3.5323517405515577,0.7789367309271559,327.28541789188256
18.747697913241318,7.862269110222065,0.7433093088700474,174.00874707590546
32.6792615819132,4.533392135984072,0.8455266330114506,212.8106602950428
24.003581236941073,4.9536211358913365,0.7348605072255614,104.96469978091793
31.89891167485581,0.7149615478721739,0.7180785721155948,914.8673071531389
38.03106158695097,1.0876970346119266,0.9162886461221075,454.079046404778
10.371473552914809,0.08217059414178544,0.8103388156553126,243.3172255733739
39.74478923206216,6.008748330887229,0.7277958753796097,146.69147633616205
10.586801755038989,3.6095089238063953,0.9403915942299634,692.3220608938221
27.56982671378269,6.009286913378109,0.7400812034021776,796.8118911774242
0.0,9.312157411492388,0.765537211289541,521.5198439089077
23.881439372548314,4.7090741602325314,0.9332042163515978,641.1435961307184
36.581943755885746,2.7322143701324766,0.8743982566710086,247.78741722863742
38.72686231630178,3.0189664404451957,0.9427266595810021,457.2245011675829
5.939904501046311,7.090520051274849,0.8563396611152547,948.3900836891396
10.910212633872247,3.4162992795630425,0.9184065246019754,638.0825650647429
16.023177719592674,6.260209136732118,0.8575726653637465,298.33967909095304
3.782971624568009,1.9114663873156266,0.782326571217806,372.58957070999963
2.5907965179343266,4.181835185130487,0.8532716590109308,786.9434904291971
12.403021938741052,3.9526305340562824,0.7190631695372195,967.7092762374026
13.833508820054698,8.649471394757052,0.8831265944650594,910.6360542297757
29.809262298743228,9.343461420676862,0.7218460990064095,453.7753205029997
36.70980978756179,3.100128372742975,0.7491895223712732,901.2629651527525
21.39216398609128,8.630430985171182,0.8433689585367528,519.226630005691
9.564570399788481,1.9127863654481425,0.9358618263941629,796.5752356844475
14.27011517463315,4.375905053981621,0.822674949533805,496.4068504709352
29.53232121064982,3.751934315753927,0.7717608279967001,348.72747316789423
24.580682702456585,7.698890791540461,0.7377077998306113,272.40889666761115
32.77137586686278,6.142273873669813,0.8295358802111127,806.2524364882001
20.788768148902435,3.1958062225744888,0.8508605756200874,784.0541651724269
1.1757962793306915,8.583443921761585,0.785913757098291,175.4676934071517
18.98900272533888,1.2904677626240326,0.919829165745774,916.305162096667
8.184879567003804,5.189325569780851,0.7529867746925513,807.8541953117614
32.07621714942361,7.649112856048513,0.926746404186646,748.3534520976688
26.743388993071196,5.707374551654701,0.7296994868221828,317.4859294119971
0.21224096808762313,7.560282188589077,0.7698185908596662,473.293690630265
1.168812259986818,4.840855704301556,0.80722002608333,993.8812664645434
31.60058208836631,9.547430391652917,0.7559506650300278,351.5696369150656
35.251938029709336,5.955597480594894,0.7460072672241762,674.516704673717
0.0,0.32006022405878176,0.9427588344791819,526.1758551143436
15.623372325550502,3.2520967791293844,0.9402287217933211,257.321413253033
9.123879085983704,2.9595780047478604,0.8691496168935151,249.30150539349765
14.366275757462768,8.202061337620295,0.8892791924426356,136.00524536135538
13.075737026960205,8.323223371919635,0.8993839800579425,424.90493492818064
34.0545817115514,2.2181123127677957,0.7407205177170838,882.2405431945568
0.7527399074970781,6.065675880679205,0.7088014673831219,355.9743145510144
36.176259493856826,6.984912695644696,0.8546715145325936,729.1802869235761
15.434440360241418,9.881761587598598,0.8168729366471433,102.24547340397599
35.04897376687334,6.457296230407954,0.8190013032280116,174.5758755892968
33.34006687526056,1.171360126695123,0.73324372025492,927.1008553322852
2.593207369250936,3.056196034159008,0.7136150189697827,716.2278514396978
37.0438175599491,4.263094239082948,0.9304900668594183,457.36955843626777
37.14576904720553,2.50202169686945,0.8447528859587421,117.60021129931732
21.112361470875253,6.312315458506535,0.7493206193606841,624.5020663210241
0.0,2.7200838443020277,0.8581426330949845,390.94738703647585
31.569047500149992,7.580237501065999,0.7879527744111128,830.2200201981119
35.75443044608217,0.164475542622149,0.9471336351566695,392.046307829796
6.064458302802372,0.8110779148655938,0.8044759270121149,990.8350951284866
34.92781152041153,9.241418307402881,0.8670852040150887,714.4248293455323
9.428419485117665,9.084851524562009,0.752031656313924,660.5722357507026
22.16841821615755,6.598346181502466,0.7581911863166452,851.7728411382311
21.724960587248074,1.4710266503207157,0.9483506343716236,890.1994531776214
31.42332952587422,4.132575714246966,0.8522754704579628,950.1833444241684
8.218071062089614,3.9544847757462303,0.9270130602047781,449.998717986045
38.299444606987294,0.03396814508360988,0.8305630065283797,456.92823030940303
33.109950742044454,2.0946319663316695,0.9034519882232352,68.28886117326164
31.104409087237205,3.4688679941857132,0.7730955800231092,78.47423512415965
23.82831068089412,8.141041825233886,0.8214204295293276,533.9472010002848
38.00380113475095,4.202259138627763,0.8857687191998146,802.7941672749913
7.323117217994073,8.496896245571806,0.8080030125340287,495.5129429584457
34.71239172830424,3.8014838424183752,0.9096102466374267,876.0887203812057
13.295990699744227,9.139321277735684,0.8366532109762672,328.06018370458753
0.0,4.634423755975134,0.8123615988227479,661.6761932315779
0.0,3.815533195143837,0.9324789135033731,941.9416276000909
0.0,5.38360816426047,0.8874499405259125,584.3590547577935
4.229184684981964,3.67854387204135,0.7144385993087103,193.4172045426945
24.86573498268931,2.9350396167600707,0.8950394299374573,849.5483897966774
3.063305260622433,1.692650271219849,0.7699813786124168,63.85272654683295
1.8442770362433565,8.793045445560175,0.8505880995851438,420.02218508251605
0.0,5.77894236941373,0.7502538255006229,405.00362008733424
0.0,5.459821692170983,0.783981087215039,878.9369473875171
34.08278068507092,8.008530035164593,0.782045882439054,378.3886476875296
0.0,7.04851611917845,0.8351512409240832,86.45110358299327
15.734599268329,6.810381470994968,0.8154844511214514,804.0747605495562
38.723531613041615,7.985737473284699,0.7335187805698962,253.20133634568495
22.579575541054954,1.3139796760431985,0.8954729350682378,328.00381082250965
1.7712874000403895,2.5692395420726144,0.8736707765273299,328.30348000106306
2.530069166915811,2.389748220946998,0.7837897074974751,947.7831861982571
20.41350559495871,2.557946083714708,0.9135040261155227,744.3694074959246
1.4559054370493454,1.5580804348212,0.7204583715830204,151.4215164977945
13.856218477825466,6.614811426903509,0.8659292165995759,176.02705445598988
19.44285364943443,6.564211274420449,0.8362788122540317,221.90412217895795
36.05547002550829,6.143229785454562,0.7820440838348441,813.3204207829842
0.0,0.8647756010828109,0.8097250825777204,710.3719319569321
37.798600217930904,9.088529253227625,0.9269338783727431,979.2409762308648
5.125758595303717,6.5115135193544,0.8244791968467504,498.5512717907705
30.464454259600473,6.4593486603810755,0.7041177305134205,657.3565980548645
20.535095055657045,4.97568140029494,0.8588962247647672,536.178563073376
35.371735464333376,0.21142842000161047,0.7953905810870571,464.5551998954884
6.598018918490614,8.98691563770793,0.8468920542315805,283.4696982739876
12.672807258277265,8.097670485237002,0.7150261516569185,43.58700830412648
39.8225915387013,1.073014114890087,0.836807309179876,272.37650412550266
23.457456596577487,5.71593479077162,0.9304294207043744,775.0072359732669
23.346502655907997,7.0115456641322575,0.8766079354803131,328.8732343102427
15.053658854570141,8.1876390503445,0.8899953859521418,305.53773134031695
6.975001602958957,1.5454067693082059,0.943923393742905,125.03211551403041
25.64894579894332,8.912135597343081,0.9496255610006189,73.10699895451296
7.3184128919366795,7.172689512348666,0.8026532448851276,481.41674441996366
39.035519439930596,4.168993534433201,0.8684650826682395,75.077215881741
16.67911595443607,1.1646200880830746,0.8406952573275154,501.4207129171037
4.193382984557709,8.75597733194327,0.7925346864288157,154.15536504537212
17.682354354496727,3.2167637140617895,0.8465552794761068,352.01845871328425
8.602457220708812,8.381483372351815,0.7815091257722939,776.9289016061141
8.500135813212127,4.514755009659189,0.822609514192286,422.7143839669935
0.0,8.729199867777472,0.8839602009824284,696.6896707515839
8.605737246514163,3.3005117988613812,0.807289036903427,207.44107422211542
2.7692426517788324,5.896905548323244,0.941123336411378,370.1763232668372
1.6098693680535032,1.9104501629754096,0.7520473740566818,820.695782168913
28.102370526199216,5.092519296474338,0.8299962831597254,550.7358657748304
11.069738572316878,5.942912502027311,0.900624339659432,875.8351407453902
12.795160868926512,6.549323495877418,0.9228228013338385,216.04593768213206
33.23653358879639,9.453317307854945,0.8501769019137181,149.01618785540396
33.910068288879884,4.50825429570434,0.818086225769628,548.2306722688703
22.619928018249386,0.17977556945913947,0.9007262089044886,728.4818495907163
32.018514299164565,4.637322547381823,0.7244422078952213,462.57293240653036
35.236034138859644,0.7942547106012511,0.781667580210145,280.39584689050406
13.313962184873692,6.756590617874487,0.8343535580399419,578.7701548076551
38.970021301736786,0.13126934070132282,0.928917463094791,837.3465011041535
38.749856992801845,7.485446966017434,0.7134614513760942,45.287798951568554
17.452291860610035,4.05649604633477,0.9320349012595092,730.6820345460617
13.72859204455266,4.1260465860096565,0.8938286377915304,253.45121914883572
0.0,4.143572744463506,0.8135231776184795,73.44196617894215
2.481168879839171,6.242789212832618,0.8821219247515425,575.999898989957
24.460295096551814,5.072003343081796,0.7044081968499376,701.3313834655734
32.85334479344957,9.120543704208794,0.7802430210131546,642.2448372620331
26.936272571622027,8.996467240976182,0.7871940227636572,812.7318994864462
0.8430229976262602,9.376739183996118,0.8260393603853371,283.95943825996915
16.007662655494567,5.277713759170957,0.9101250656148614,910.1313107217132
0.17051011662090623,8.193134773136082,0.844030659816605,101.85472216931501
6.1393909701068035,3.2696180674532305,0.7840800399892528,799.1503251608972
37.45429010382692,0.5330638707270576,0.7209172596519419,922.5353803299108
29.80861101457626,2.7957834074875025,0.8755501100120493,778.0833423987169
7.588688410538702,9.652395685194488,0.9095759400983043,269.7147634520325
4.176572345974519,5.082572996285952,0.9448187644437871,637.1366703377141
26.50792274772192,1.5652514626892857,0.8934873210106599,734.1635890236439
10.953004563035668,7.717673840096749,0.7898576755414193,358.32670508220605
31.584122145832712,5.943476134465019,0.8291121276265032,839.5386986592227
18.59061358830464,1.563837279386651,0.8922344871839781,63.3135672744379
34.733782623399144,9.022750935561064,0.8015477944352943,756.0791743275925
19.868696534645366,9.312835126757184,0.8160282791686699,164.85519809006553
30.36320356626143,2.35057243803882,0.8735917758684619,41.57236538841378
30.51867994204164,9.206771537824023,0.9177920373820615,632.7136626736485
2.592347849624068,1.3729286145445407,0.7516300397632052,911.8002648036517
18.272123128580876,9.264562335580404,0.7163777509028386,778.4505145434092
16.531509772158802,2.9599467582341985,0.9179357209725454,436.9306900555632
37.875796253879074,9.284990891443071,0.7634494151618564,719.63685120594
0.7340462353481166,9.656721774073528,0.7525364526569047,175.87119131077526
14.846154578086203,0.7318655373097654,0.7472004134628936,75.13800723488963
28.988344585622862,0.4352609010001891,0.7562247528923397,416.5918834506181
4.020353275273932,5.2765028396369535,0.8292582172225276,140.4107279300884
27.46311237267268,1.0784274963243137,0.8643359643218127,855.8184128898873
21.188749789812203,7.433050827301438,0.945154365644698,327.97749085971293
31.115707274640897,9.960987550255371,0.888357081403631,920.1354219796197
24.201976931756164,7.506601258263569,0.8369340977416896,775.5713029054117
1.901580259175616,6.097682945837676,0.8660967613361581,967.4243584037578
37.462635171657496,2.5039745659059127,0.8918512248682693,544.2325135716364
27.702312297050216,4.436759485882556,0.8739604377287595,189.63607942614348
26.276617507454045,7.899202712725375,0.7845943791295376,456.6647722620379
12.445448633340728,2.8156101409901906,0.7606421709889336,932.1248910432246
31.547492764501957,9.436786201978848,0.910670807639673,992.8313945659653
26.685199366036148,4.466286663702754,0.8086533282091322,409.4834980070102
1.0192250520674686,6.49449727800679,0.9239263173229091,649.110937052769
13.01149833958889,2.937450001596227,0.8724960122493365,117.08770107337995
0.0,6.816776897831492,0.9166092087615285,516.4582301530467
0.0,0.7147676842608921,0.9365425122115701,107.90540096384305
21.89912498787792,7.503860181041364,0.9459708659519581,459.52763162842035
17.14597201148304,6.456906558466624,0.7181553872959766,835.511670423153
32.70672047364397,6.539783323524327,0.7031691064585921,829.3208110055048
0.0,9.18755641100576,0.8956127629694595,540.8478192992102
0.0,7.600956579874382,0.7460907644306406,298.443331080244
14.96847663672069,1.652162653490038,0.7246997814906081,926.7155790521779
12.576973622757395,9.050948459470154,0.8113171786245076,783.8078345935803
0.0,6.2301941171502575,0.8889877595862273,779.5465769531685
39.63181973017059,3.643126706588319,0.7716511857087884,184.8943798372815
29.52304077760486,6.535285858921193,0.7551555008799311,45.07268528381015
20.20480255685584,9.694062283849568,0.732878347321569,133.86081268742544
24.64088179942454,7.298048998194261,0.8043692039020327,235.5034607422603
6.93360240390666,2.5593637407283234,0.7415222138954971,165.3754138049938
5.5797663374004625,2.11079434742235,0.7843406330246712,773.9447996259403
29.792139074109187,4.157953353825065,0.8489805861043983,463.75803357729427
18.944361184245714,3.189880765876231,0.9340300275912263,320.47860419478747
37.956659816244986,6.549385433275996,0.8936211196551418,660.8679149225802
34.61053986133258,1.1212190406405036,0.9263049217202115,581.7579651311654
29.693729408283843,8.125683146702483,0.7783182564644011,311.3757700433586
33.01731407941155,2.4246340423104487,0.7388497602235771,685.9675667947711
7.44887031327471,5.322043756539681,0.7855992012603348,297.9546161337546
11.03905582292958,8.801598172634916,0.8394898395099181,316.8239522226135
36.62588803598573,9.72462902532377,0.7041846317129432,178.88779409807367
10.234595416609006,3.4986898107599207,0.8667816829202757,435.94064562202124
0.9684772777027353,8.12616221645141,0.909595620673668,483.1601869355633
23.252746936603376,9.692990843023114,0.7544801993849981,786.4517557307894
32.102553145960684,3.7219439675430923,0.738188833223621,665.1253514969516
20.870656702000936,1.0605226725869914,0.7320582777051944,282.58887204146083
18.377496936729756,6.788927339526374,0.711428972557143,220.32473510829328
22.134568789311434,9.40684276477502,0.9132972335419915,848.474943631022
0.0,7.332772187181735,0.8245960208954674,334.215653177305
0.0,3.6162934691652815,0.7367228698635243,506.6633197156973
30.192270714131332,6.140805557517363,0.7639157920464364,190.81691447225612
32.94473795507988,8.340233008567438,0.8187958632407379,891.9345343523242
25.919496646654952,7.155453874916841,0.8832244638119179,86.22426223854525
0.0,2.4829218971134397,0.8284345460653587,941.2022133661451
14.741329939870978,3.5259686612140055,0.7542873865136176,606.307898878869
0.4724809972587512,6.795187209401223,0.7546340921441395,536.6169302284553
0.0,7.806643089838309,0.8758902302129854,701.0765943464146
31.831015030537998,8.112668920890245,0.8387854493289224,594.4834829179949
27.1225738649017,5.490281141797007,0.9428126641637258,315.69364109542516
20.0608463226735,7.084745070413048,0.7251753196961164,491.3536721727004
33.097207283332686,3.8304632908144938,0.8317611945864958,93.61100144639778
8.944983795151108,0.8050494849828542,0.9201862023568657,251.3692268910195
5.041143562726594,6.644534894161776,0.8622787727744536,78.08189608105491
34.85446738452768,7.515997746673433,0.8746090147602807,114.9538660104264
24.744985008814464,1.491470519202828,0.7266981882970771,479.9433171345705
30.925363458743647,0.2917723813487056,0.7153028828731728,288.2849941565619
22.27147860515743,2.968378734982425,0.7243987916097487,285.8734971747009
18.762619127864316,9.058763029433383,0.8707262301020101,123.98674969832761
13.059342345469927,3.2658967087314523,0.8661062079795274,814.6306216366762
17.045610710250994,8.174834195010545,0.8225757459073189,651.6890042846494
9.752296607438959,3.5012812560869566,0.8366839632799408,790.3564763273757
27.879320396949193,7.067944210445892,0.862812475410274,331.87802164276764
5.781901146587754,6.0261329558607555,0.8141539855651073,814.3381399749469
24.785534089255314,5.312402400682463,0.8886439683926789,407.4491437012909
0.0,7.813161231405292,0.8767039802968615,210.17179800190578
31.597791877841875,4.629256485577027,0.7512870948397369,800.3839795086799
0.0,7.416267249670254,0.824534208391305,235.8620392248361
25.734999046695822,9.395590267994363,0.7704191827265129,649.0849384591193
18.2862880086621,0.0795040370906742,0.7345473189213232,803.6926213655142
0.1604711308507893,7.029221381187932,0.8121172413478794,331.5590620762057
5.1509512721236375,7.303547700390435,0.8860380266360502,703.5565052628649
29.667044537912574,0.5795792657253436,0.7107392463076301,109.59207758952644
11.693869123527914,7.211879208901888,0.8861581314246252,362.62880612345043
18.153052243289483,8.701128658583976,0.7585718887592365,296.0610383587655
26.004988578004014,9.852920947139555,0.857781346678608,949.4535574662293
34.73440523748554,2.6901541349503124,0.9211259880988258,613.2512717777713
0.9127083707782551,6.886010454769719,0.8089457021973934,406.4327204660834
5.2677703788147126,2.3438050529733605,0.905116985149695,696.5283097221173
30.80048924141728,2.614593153193136,0.7477950747999634,106.23151781518357
4.461017710863404,2.8551574133691386,0.8724479063067585,842.4065100313022
31.640270735513816,2.6224739155288916,0.8608857596962656,808.146053371974
32.358765415821786,1.8744998091989533,0.8865096436351807,387.2772731844351
39.12983648224046,9.611469286920615,0.7598214944937933,438.5314621577323
0.0,6.824332534683035,0.863546832001139,876.504470287696
26.77924165597843,8.824509492047554,0.8607140528703501,461.87314078887607
29.194093938593124,2.099200334498719,0.7231349459700497,591.6957596559545
3.091898343971989,1.7931711435080775,0.780811482260459,846.9711155222043
37.664103765605326,6.322415465073881,0.7910572128048833,349.1962289712411
32.52531548915412,0.5987049165544004,0.9408958268985783,648.4714518302695
28.09012489373101,5.67693987248006,0.8852057739234379,698.0041339728338
0.0,6.2749493095495,0.7500762321929035,118.51116524902572
29.218179998637858,4.591739336731112,0.8552108215755563,190.24261104896306
5.220105410060989,3.0946463017071966,0.7630774125806858,330.6352686249331
10.130687740847042,5.670118508757292,0.7187927447448403,56.33110289493828
6.939791784717551,5.746009170202833,0.8786468200308831,382.41164769237554
0.8499951811469335,4.650211974881773,0.9073352247725011,851.1879764248041
37.812786204986644,6.7541345907746635,0.9259721683984311,865.5166550393895
17.498838012483315,6.57193698202036,0.7455336773363472,867.7167636015088
5.6305616017730715,5.653615288869612,0.9080447964735694,892.463502012645
13.210027140457315,8.969027700414259,0.7961033119862096,966.291973073887
17.875180818778944,9.390451609214761,0.8599991998905749,279.19233774289364
13.81214952859975,5.630993617171834,0.855415009801439,897.958215262259
0.0,4.818140820871152,0.8959827294001843,735.1660738701122
25.80779581296081,1.9222698248806729,0.7037712483560223,556.9537213852656
38.3197641864231,7.7006736268093645,0.7284794673425715,546.5740315109032
0.0,8.487334929858985,0.7734801895172199,519.063109103556
0.0,8.1035782183598,0.786649460680054,523.315418907757
32.67440625765709,2.661012160853892,0.8821165720382651,299.1708131087439
28.157480344729542,5.752652899686338,0.877253515195094,654.8462568702864
18.79263617599328,7.506239195614043,0.7325780686460632,125.07515020085367
38.75294839754555,5.424412993753434,0.8138078517971186,882.2785909939836
0.0,7.788035961334969,0.7110918425018126,875.2324073941692
0.0,7.718180927497911,0.7364404295010725,713.8140953442619
33.64305443507388,8.965353512408395,0.7808464203136509,346.03949896751607
27.350499319213817,7.978411730464967,0.8783524010391432,134.2574862942522
0.0,7.696583993528136,0.9372838314525882,621.3337297494719
28.797530446053738,1.5148372758020006,0.7629036975682967,551.3102195618548
30.66934255871823,7.475207858998913,0.7866714726989743,546.6779568379504
34.25519477893674,6.089029057995308,0.8848396593294128,867.4416690813104
1.841818192364297,0.7279856743929124,0.7998185264457944,148.95568987198874
13.779684807576663,7.176957068852203,0.8602901765789077,164.89454081014412
0.0,5.6836339058114795,0.9186588719302241,653.8807302963739
36.53090438793725,2.5499908996902674,0.8632859937047332,960.9015824375268
29.68968708519089,5.053988502014659,0.7981299696987487,308.1203834063823
7.448907521733643,5.203770508053039,0.8799913689369665,53.82223061717944
35.99522596680883,1.21142877140063,0.7818074015759563,748.3590917045723
7.50791186184397,3.194231697629579,0.9009848325107657,82.99749629818592
0.0,8.235093951880934,0.9408236074822374,364.1258787071902
34.57360062004383,6.949507722589397,0.9499729245858393,306.4581523910508
26.66810817417475,2.0670754459221925,0.8499315053430953,870.796297627902
25.324945870204104,9.307512626474132,0.8368839069903539,53.82628584497887
32.20506464558041,3.0029917141922176,0.8726985101041113,518.1834019946743
27.810530044790394,2.9581987006848207,0.9493320641834309,331.4298353154058
10.017685676931187,1.3294985258982224,0.8308642006605991,872.3547800836595
39.42449087872901,9.87435476120609,0.7334500611782395,813.2480966016798
35.31850078159401,7.38103223874265,0.8640654665118287,74.45701339885751
11.921481971546498,4.850637413145318,0.703954595850032,164.62615263967007
36.70543994225301,4.34011052411849,0.7989428169599604,228.35733746105439
35.090769513403615,4.1991451579598955,0.8886045134596436,176.20380485700395
12.687775378514235,8.786624518911415,0.72179007206544,402.7023206546538
0.2902083629810228,3.117138908711818,0.7032146461805058,51.25165108199283
10.083459005266711,0.6415008852936869,0.7726752631706089,48.974051118737734
39.70514057681509,1.5081926062075852,0.8414612917134854,786.1299304968733
31.17604738197589,4.433261010357285,0.9172492708443154,47.011434276219646
23.765921015535795,3.9594710142113896,0.8717779674425105,101.37186394060024
22.341636636037236,7.873656066010956,0.9466609217840443,432.96227614232475
9.272225942871613,6.643944064170001,0.74509060755601,965.3636119151861
17.672518455610128,3.0144083419338914,0.8839625470743577,677.9847278112356
30.977348966846296,7.636849916658196,0.8000908459899575,887.1154822183164
13.843921643310422,4.3268990174473325,0.8548292630952087,123.80819713562317
4.671933852038299,8.563077467934281,0.8924346781688901,739.7650229278039
32.19406494976669,8.872895103397221,0.7901703247159416,260.52826771816575
35.845865873649416,5.683249837112357,0.8746611044917844,413.6649108331431
6.476563249721651,2.0795238727656415,0.9136657608003698,744.2899251103219
23.175964115232816,5.379394373386789,0.7803155564571805,748.0354688211482
8.467350202671756,1.394095361358736,0.8399778050787576,810.7389115050572
2.863827961354117,7.359868109695071,0.8777043007661205,696.9085402029899
0.0,7.872624650211913,0.9456892447231764,897.1296515857773
21.130059780314156,8.01003299515879,0.8431313958604861,283.4490515798841
6.463846015233402,4.627524218409723,0.87445464189568,312.6804846709228
27.753646395396952,1.7779871159267822,0.9209747781665575,238.05650941307556
0.6998154668702896,5.58204064802746,0.9277978792407999,608.5031302482714
0.0,2.5892823683280572,0.7427512954417017,230.99019742335597
12.201891863394296,8.629290470529895,0.8771365901744475,836.3245143264783
11.868132846863116,9.602192241522395,0.8303847988301343,658.3030232358747
38.990206261012645,6.8709634320719,0.9125225839658275,456.74266176414284
31.67199357709423,2.1786464927909086,0.7202475730519623,365.5535901912841
7.875675191879155,8.719831905528947,0.7635665944950272,275.7861558261552
35.39503611668729,3.498236047982076,0.8891440031870652,523.334875985342
19.11590123987757,9.201226826564259,0.7163914460764523,454.0479108258105
0.0,9.623104434613035,0.8891059408562878,931.5884986851665
2.1342340248831957,1.4270213157557725,0.8070314187774359,487.05485404843193
17.089782935219556,6.6663958872484,0.7177779070629006,861.696745834812
30.068394512509304,7.46538982683579,0.9003892674045485,389.14119197160795
29.383960439825263,8.19188585089447,0.740558924190327,808.3591937173132
33.97138370765715,9.033132199491305,0.7750115912735461,893.8385233254693
39.13097314441239,7.496440532252996,0.8812128224246045,503.27462268630586
35.75696263768953,7.649430981946612,0.826957556120788,322.2359615482052
27.14313289780089,7.141684406959727,0.7762347695350905,219.39719114568703
11.512196344962856,1.092092673186669,0.7082563766985632,621.4754194580308
34.68689071335583,8.313250477614245,0.7601599528542069,848.9514210266263
39.800240590061236,3.05486398538833,0.7652511415110733,219.4526941049341
19.23351562164993,1.3831445331868037,0.9399908997037598,227.97335750932064
11.417758158620583,1.3770837665199451,0.7879763026481085,869.417716759431
33.83515214462771,5.3572478120680325,0.8902749656112285,539.9071900800329
0.0,1.748904933991665,0.9014127059171245,173.24580971093386
34.41451784643337,1.4872235503359312,0.7160862395674126,497.05939148518064
34.5551885694842,3.119303514549019,0.7130792338701619,881.5277493739987
0.0,5.7006672242874545,0.929867804803739,201.36880360762478
29.26367885598421,4.639766307169268,0.8647455021218029,443.1106042806295
22.90473189927229,2.7826303382341506,0.7602450772052836,334.92937582861714
19.45022348556126,7.996207400906285,0.7072071202331374,319.3485070085761
8.705884690505046,3.643406912378227,0.9476451695456095,973.4204247987932
33.11543135122153,0.86186437565813,0.8959569014661728,749.7004038224592
38.11100130786,5.506364505182641,0.7230524163638027,821.124359864401
14.374766665617239,4.157498680474156,0.76591933558126,965.6387882446801
6.0136783242266345,8.175087414335586,0.9103851376132264,246.3917634010209
1.1643803796719137,0.7186263654937093,0.783888522831795,88.12266516855473
13.239178600141162,2.8532362477161906,0.8025150467888933,488.28833892449944
19.803691784480524,2.0058994692156484,0.7362241675886434,700.288012589126
22.826972570860114,3.8172725777852494,0.7711213081174434,392.0899288147873
37.0247365264685,8.47770299161619,0.9221928790052513,159.61066205516977
29.22185647401462,4.599650185908215,0.8908382459609091,409.41774189604917
0.0,3.1474779654093963,0.8398149601374404,669.2270308411316
16.17198742023458,1.802031342601802,0.8966755249622563,719.6512631283164
0.0,4.681947936029852,0.9163843344376368,742.6872869065164
14.528061065004612,2.722186201732377,0.9449323635156069,522.3003753565595
26.319658722830034,3.526706484649316,0.8989201368880128,268.80978838955104
4.200489286729679,2.7339246112963833,0.8467378167805208,464.15508953920977
36.960570581050945,1.061267540171678,0.7266851765980011,754.5886730318709
11.783228846452552,8.148581379208647,0.7164653279613554,500.5278233568295
10.968902961977438,3.8393698728242587,0.8565759311579426,789.6363861291364
25.236870742122186,7.8534526798476385,0.7780622065297267,960.4597829392347
18.99196359915235,4.324283068302477,0.77861066955186,402.11496464168636
14.27536962322576,7.807959703357383,0.8184629961278997,321.79274207889176
2.925573662922871,2.6746164593735497,0.8404309945533953,871.6403008773333
20.39542524119706,5.708974556458696,0.7689028495111607,393.8936892333139
21.144957659907977,2.252783040339517,0.816699418900821,865.0719601678464
22.955498916050207,8.391375858158789,0.8875809240045044,631.5772142132647
38.31305074150043,8.562214991725707,0.7325628302138285,154.76962219856773
29.292065840415457,3.3194547997860298,0.8870413872015519,459.5817395090511
9.14535253382223,5.290088632234744,0.8638954589203316,528.0078925239901
34.14043702655295,6.85314096823195,0.73237791389136,836.9271790774915
0.0,9.683744533062619,0.8036512450586817,86.21861972120985
14.417900688338992,7.130148833936576,0.9469816310074296,159.54682553688093
4.492086005117937,1.1703185280858264,0.8583638726227589,261.7201339758388
16.192312964178818,0.8415489273258677,0.7123064250241244,421.7727055389312
0.5447573817778942,8.709932022616364,0.7419403000077065,313.7239726827896
31.795159050553202,2.186146766361643,0.7928876698528597,861.3375453412901
35.005613529321025,0.8519737797474879,0.798872270868326,351.9723454087691
26.302876815173807,3.1178085820617993,0.8596098550306801,703.8989044572078
0.0,7.4182704311051575,0.7424378261876234,830.5651198049761
30.424685562306948,6.70805897587315,0.8412887672723153,123.54240891605895
24.14685787750568,9.430501937308732,0.8291227766546623,672.3675225248625
5.748311468872212,9.340910554476702,0.7429339598512656,65.26479673262067
37.71399165739417,5.442717924221913,0.8765955876755142,78.94608920826204
17.968783428698185,2.66173280285649,0.8381826476477565,761.4710511060721
21.82863496966659,4.598297739500254,0.7503806596749724,844.8659069631262
24.358418264985254,4.0037534249586155,0.8247208094252103,623.0185205695168
18.593610695558514,7.201558611105186,0.7035161979728078,983.1318909244145
28.129771120112558,8.283227773820743,0.7285247475157819,194.09492922807178
1.2638788983684037,5.9093940390048765,0.8449836723366675,435.72426842318555
23.205879419791366,3.4275464267166593,0.767407597148304,710.0624749278368
15.373131326255026,1.5566134953888853,0.7761916117928573,328.38411309803257
15.8701552728101,9.523436246521017,0.9270177055884882,802.2366144999742
37.463397269306,3.111554677529851,0.9077971110126534,603.7161802247875
23.612768394788233,4.428433690371827,0.7161250924216819,396.8464608031082
16.413422210652012,1.3333738775405197,0.9113451049036398,693.9230590440445
38.538114345430344,3.8369487354780816,0.9496320478769885,555.185381247576
37.10217852318535,1.9264625350469877,0.7225738209127093,255.2705481393894
7.066698402339396,5.766284285799529,0.9223112610972304,851.8605424808263
11.441696452677608,8.454671681107373,0.7171937924985078,45.76292526907455
16.945017359554438,0.4042708075248316,0.7656488093033997,225.77905995547366
34.64788667770441,8.827600322128548,0.7079967644937637,515.8367143823043
19.5400888148464,7.698164409029019,0.8667621599923718,602.4143420558896
39.11828449696203,4.061232179848152,0.8026595255142951,190.21980929806998
35.3589690468244,1.580987361863177,0.8716028706674759,665.6979368244783
16.39449538425927,6.408310739909376,0.9460407224311904,44.68396273672443
32.399831367707,9.330479776731833,0.9319823538175561,952.4817583710634
11.359805727826743,5.805530458601421,0.9347190240606859,413.6481779234192
26.953765860120168,5.611868407342322,0.8160706830333939,847.6552785716127
23.061811206001522,0.7746674161540995,0.7889906867140937,315.6400465880617
13.87511738782909,2.2795873391771475,0.770395929121052,698.045566668209
11.556829801365689,5.757179994369387,0.7777795617239487,277.2610029073292
17.428841286803713,3.357410283851719,0.7767305380187646,611.7161359300748
0.0,9.543836025235983,0.8594318944958091,397.182880924806
36.86162998254896,2.9111418944284657,0.8135278782367132,739.8176495091664
29.960843607055633,4.47289515598728,0.7520911982367373,274.78921504576937
6.640391210495567,9.669836674737828,0.7686300987410706,311.87479677764264
20.0414036126968,2.4342071447850135,0.8419727907529175,176.36110981240844
0.0,5.85947313516556,0.8379855895362699,355.9800430086271
4.991996609393895,4.7170433988217955,0.8111889637210308,934.6183499493541
29.97426620314665,6.994179228616491,0.8436922819395614,504.2323470123526
5.3969329280861205,1.395396666172418,0.9236446838743151,963.6620737871393
38.6046749111647,1.5146820156467786,0.8479313567643241,709.6828913334817
38.70120544467494,1.3545268359404172,0.8223981682816105,381.4271236193362
25.676957346646525,6.785395633219047,0.8957717714624024,937.4811769089746
9.281837295605321,0.8001533900690881,0.8773993563667077,44.91482646448059
16.855406963242817,5.4236786854618675,0.9333969880570926,203.6610526069071
39.87754127589225,2.6198717704384618,0.851790412160668,381.65926613204306
3.2671651065620493,2.1951374645922024,0.7558876317646642,465.9737283240781
0.0,6.03931873076578,0.7519579367833632,371.5422130865589
33.09908930768872,7.541086050834153,0.7480426346026952,748.5048460151082
10.243762238745461,6.446070095709404,0.743157979626938,78.1218985641523
36.37459229211001,2.8704968717283643,0.8425310862217986,172.46777846211526
4.427125770767113,7.0929311095917855,0.7620205418104523,970.7359406225412
34.41103771800572,6.314450950497014,0.9343115107478152,164.73429289830182
26.981967577078898,0.8356969198009639,0.8117741321240035,120.95702877816294
16.5595913921635,3.8831165350039782,0.8911521500424104,426.693628768261
14.725825833818181,2.729491081757956,0.8518418978107093,861.6379356779128
38.828801410222994,2.261247299885047,0.7281200906115836,562.2311137393173
8.324462617169015,8.574876339507373,0.933734092365911,324.29493763064363
27.333001178589775,8.835118750230059,0.8837270138485196,221.48256362887165
29.486567060556816,9.276629316136837,0.8843212271999469,976.9779550554954
23.86363457116354,6.27898376889374,0.8347548264369948,859.6388616450278
7.6483172304959925,8.32325264554814,0.8479861302456709,813.6772375500664
1.5569387060637332,3.838648370850769,0.9071638841085198,877.3081034196409
18.778554964658188,1.9407100715332404,0.719845506217758,972.2785589408417
14.944340473643603,7.596399989222144,0.838926978223852,997.9206116436792
3.6583345945417958,5.672156533660775,0.7792583334380042,207.48331324753505
6.159388382881277,0.739103357762079,0.714939418257046,50.7397055340234
20.354628891349165,3.0729121007456763,0.8598968660240176,381.9677396390166
13.877946553755557,2.5694295518507326,0.8810630382097427,213.4383753632075
15.360992418292412,7.9355775271889435,0.796000084064837,507.54195170894315
19.68829480151297,9.023912448157306,0.8617555161472781,824.5581489598397
30.135118861857965,8.870089227669718,0.7331010999795358,732.1506564669504
19.895423517108792,9.919775779395925,0.7545017607845119,726.0015175730215
10.357791405766784,9.863343702167198,0.932798231430766,288.20759087355674
8.316969861995727,9.00858521522251,0.8124219713057305,197.83319983957014
27.767762180710037,7.078778637503621,0.7947620599002522,643.6980942597418
26.050663056270903,0.4026010167673135,0.929407769722344,925.0742848225887
15.2516008889027,0.2989567511319726,0.896227927205235,741.6707437744216
30.704267529017265,3.9403465075073245,0.7548541423781775,45.98460287509308
11.745424052501887,2.077883211247237,0.9082077032302002,281.93338337869903
32.657007340952944,9.353717401408085,0.8522454242036428,220.0839271186564
34.19749888858525,4.988460755890069,0.8371412602772148,865.6716843608664
0.0,0.14300667612521006,0.9042133269861015,722.1231610230446
19.85448454407421,7.490603242151324,0.7198910530294753,84.9256286456654
0.0,5.4628477854775825,0.8921214673727276,813.7769696796997
23.282338066917188,2.0530356368286453,0.8302293971812149,684.1493593296824
20.29191860678218,8.893608126018599,0.870231874693903,924.6133585714148
3.1820090968557384,1.859063294760365,0.7825956454300598,175.65721007921786
16.812225951237785,2.9393532413232824,0.8579924106994209,255.32221488290503
6.651427073968876,8.958417227819247,0.7079358829575564,84.51584355214898
10.901514943298825,5.32060179213255,0.7957107262592331,90.51625632124808
25.37607402807623,6.063447844535485,0.7846507908943958,530.4603475428662
0.0,8.21527375093809,0.8060380885416244,143.14666062906065
14.444682705726256,2.259185071885023,0.9085302780739285,284.04737958673064
19.348481387786574,2.8757229041157553,0.7675818099263392,456.3640821757662
10.933277738579081,3.4666136029544394,0.8177810535813472,796.1077371985219
32.61628423709448,7.4849789179905875,0.8746727278846876,595.8268722175038
22.228704477088634,7.8712904860996025,0.9425265465493728,236.76699145988016
6.877868862513095,9.828194675932702,0.7845844779074753,425.406996558896
9.095695363358717,1.546067009471567,0.8436427960335724,225.52601992305821
33.28054368164285,6.634342941069262,0.7807029058968065,460.6886745852014
24.184265025811662,4.702280635049829,0.8297170492346938,928.6584811204442
28.19198974071168,6.706071883082165,0.8551893212656806,707.9957648418076
10.309927621480325,1.399267007048308,0.7360243501512486,251.5047396236913
11.297398867747205,4.020496299767461,0.7226523266006266,575.892225702438
4.374661762117738,1.53478080468406,0.9240986028936722,708.3784624061229
9.078375693272559,8.807545943201841,0.789078030165357,811.8199545819156
17.671454825792413,7.163530564939951,0.7312896543848522,549.9339692549445
14.531094799038197,8.713679344737244,0.7874723382731296,447.3730278852396
24.695710390894646,9.740345178965907,0.8147562200463119,962.1581367942761
0.0,9.157085136873613,0.8337032562951948,495.3893362449767
15.717208064935038,8.664625908588324,0.9445380673539355,45.180580351741426
14.400205665042192,6.085439531694552,0.8826567320368625,264.42402971238727
12.942601416465997,1.6698511255855006,0.8401780739369493,287.38520651722297
20.36475463288953,2.4560417261082113,0.8212553548862259,171.85940672632128
2.4018657303931734,8.584257355122958,0.7222643196945913,726.8141553981313
23.183814372754238,9.947723652784756,0.7438462891413853,395.56958233134645
29.484555426697572,6.856665408815952,0.8908559357677681,294.10655111759183
28.614188371055633,2.4910525339063203,0.8690573764909841,712.7202043086759
0.9787419497104476,8.17651499219298,0.7246348416703872,808.4586149446234
35.257460140152325,3.635736477079068,0.8339255484768584,397.00276582070546
4.085248558839262,1.4018525053958928,0.7524069299540119,684.3783563710973
20.699904580777943,7.446949585376255,0.9340450583002148,573.4008973879302
19.64379173696892,2.12704305230764,0.7735513550818575,468.14250023180074
12.742118831709746,0.4921075897576677,0.9065423210512735,818.1487575599289
0.0,5.844615025345838,0.8246805340484278,92.89462584664221
31.879524904601034,3.963281410730053,0.7996581533194773,569.3043552789378
23.304665907160132,7.799068307802121,0.749196517932307,429.3822425284567
28.10916275679282,6.512597789914882,0.8606411981811671,612.373522196614
34.7210014277977,0.6025644357789476,0.8883750686903347,694.6792029793189
31.908258246239974,9.306122845789726,0.9066789415901921,447.48943264688387
22.220619859080653,2.3760727305725555,0.7959691404574214,846.9023204088352
26.115440046296843,4.116548506701733,0.9144130260512474,346.85222556335896
28.07608645087138,4.039832933304934,0.8996399854053874,376.1193992847111
23.360010560221784,4.524943936067752,0.7496532938919572,405.5005294197876
5.345102570533427,6.966210724297825,0.8459345068548313,174.67418518905944
37.526995815438376,7.21984184441415,0.8768858639270843,596.428169902765
13.14938875842115,4.774771508910243,0.7349011481381491,203.97729380899926
0.7145116173476195,8.862240163674667,0.9458305330794337,251.60447077540113
0.0,8.72057252397493,0.8262126054664322,502.5555027291647
4.373356424531698,7.646463640173632,0.7433531963537451,294.2504245144552
15.077311574712144,7.111828546783124,0.9190647011510112,103.91187338789504
0.0,6.819791910250774,0.8205315182646241,535.720363212562
0.0,1.4142214661016574,0.8131823202238047,713.4515010665486
31.81935412182756,7.665742901768265,0.7971800406364417,686.6426111340288
4.357662776297063,3.8121570007976566,0.848897850743175,767.0309154982382
38.89326605211039,9.059960147609116,0.8350594131404316,109.66297914495598
22.52484842031175,8.254645656857855,0.8200759692884778,411.7984728985169
