region_means,region_thetas,region_zero_probs,region_lengths
20.18615421879675,2.5838526640304633,0.9482773616369149,289.41655081200497
37.13185422485587,9.177366776803337,0.8255814367080455,354.8874228923091
32.55035729921407,3.9403291915366006,0.8338463374659086,158.27879484488236
0.0,1.5498690088239002,0.8899598845038016,139.74851426803565
9.295602212178112,5.516183029240484,0.7158491858816816,50.78806843800205
29.112402475899145,5.522844084386709,0.8452166483227166,478.75573634228385
0.0,4.231479341399859,0.9354868088249035,393.600723232452
12.449348853880249,7.1779958205015575,0.7760053278029154,722.2478079352312
37.171291245174096,7.295904603875586,0.760549460513886,691.6038737337335
22.363401171925332,9.132670356257943,0.9092203815042679,819.6884271771492
21.48115617515292,7.486322531338672,0.9399249824329653,66.32700174261726
0.6781687324018205,8.117203210250253,0.9170004642042767,506.65774757080965
30.76014962612814,3.105705581355231,0.7724154349411009,515.1690611074073
21.733065535645842,0.43385120594607324,0.799131770219093,788.5308544626155
30.123822317741507,6.40649531448215,0.7081630941234894,144.16836192897148
34.001474538657575,7.391153693421053,0.7511688464389894,271.7970846033692
5.148897042888587,1.6803869297721663,0.8945454468318151,738.7966796155087
10.506182687385486,4.798164007448406,0.7848499035642627,475.3691182646126
11.83100067446792,9.08431852561482,0.8856300979766071,782.3999879628061
3.653590437374061,0.4440578243917629,0.7814693225400704,842.3161453307789
25.177430891165855,9.766916858172554,0.8664626081968593,793.9756522219426
13.078150881897212,3.7806642478487036,0.8546773359049896,423.0126005182013
4.213539051643959,5.105949307406288,0.8775563764462591,408.65068672016406
35.14058324273016,2.0452062835972042,0.8364239907220926,424.2348127641891
7.465550103217961,0.057561603420155934,0.7653894941454337,697.1195913732671
0.0,0.5511925290484289,0.717892865667624,155.3486116526608
0.0,9.012069138468902,0.7339408178011448,947.0508725723804
23.37699663671794,6.868729696793144,0.7431150094938945,823.0849343928946
23.04008051190492,0.31312517112720456,0.8046398874687593,569.0560635127756
39.83388940524486,8.394389728462155,0.8219997346686476,413.6233187153494
20.455886879700074,7.418407365780619,0.8423884520484581,785.1508372330604
5.84428701408998,3.588637690148803,0.8786992591004529,391.0078328118863
27.906164615378543,0.43864287598197665,0.7118746572188694,885.8864584842862
3.9567968294730753,3.159208496404535,0.7136658445950632,985.3152690392902
15.436836071264576,4.744649116010975,0.7661797606137262,611.6925847142019
27.293961316588735,9.209814438058519,0.8628125154521528,501.30155763626294
0.0,6.085448117075704,0.7289322663626793,434.7642448719843
3.7911713211337443,7.245845468566889,0.763594176160578,789.4467493686554
24.81095831523255,5.490249538357732,0.8512653827155732,295.5883678302184
7.168553145227605,2.4487928963151697,0.9105300819499662,212.0734869061473
28.618595744651603,4.167631311475833,0.9113183054621342,64.60817744385241
37.68984468327345,6.751078018119805,0.8599088356273054,591.287357523466
0.0,6.693346050477193,0.8927760189096836,713.5686240497242
2.695018102326442,8.573339871757543,0.8859549345117783,480.3281531008877
7.500517066658406,2.774313948581751,0.9493673408244806,972.2202892541957
22.629687989150472,4.814240531532802,0.8907353147974204,631.2164220175438
23.286534712618046,0.6100653603168441,0.8344314360777066,654.2626841427377
12.73370184856271,7.119084312211785,0.9438679179118991,987.6807156188448
28.74179408134627,5.895854115435813,0.7568570801256355,182.99295921355287
25.648903164172854,5.598265035097196,0.938258352258534,387.8670949044831
32.66906794774972,8.195370485012775,0.8286668663092599,337.9975534818867
5.301168367227592,5.660375967737811,0.707508716372122,795.4660719577655
27.849634613837743,4.117349632759381,0.8848027279835393,407.4100393876632
11.938999783297419,1.9004253506452033,0.7015431136085053,404.1155299925615
34.8816641350886,1.2022403674416362,0.7991785678065436,754.5697365170935
37.70272170953038,9.51244523705953,0.7562173772244883,453.7130939901734
10.65304451058131,8.441032923636964,0.7459723812489548,168.27873033599118
28.857892800509635,4.0655897639475835,0.7352232390484359,947.3974110019743
0.0,5.879198106083779,0.7767042578817862,56.78461943249374
19.2557861969692,5.495051503358112,0.8358056418863052,284.72774961559213
0.6797197037734151,7.4120972808291485,0.8943541502891945,89.79466886930365
25.66713331569919,8.83969107829762,0.9433626719789349,676.5290773050795
0.0,8.160026136420505,0.9028287177565372,202.62083152694603
0.0,4.908899587437416,0.8385870003769476,703.7139385175141
0.0,0.11697844755692888,0.9162358505391796,794.3652068424451
33.86369956007622,9.85314793159077,0.7029110220452777,323.9779674055218
26.497680751461864,8.448105698007886,0.8312074190245667,389.46729712237953
34.349044505808315,1.5716896633837207,0.8805024711735531,97.81601389407733
30.643550080779587,1.1391191709705788,0.7196591929986209,927.6151071345114
0.0,2.9470813501418704,0.8864283614450348,202.52046814376158
0.0,2.8353075468086963,0.7844700177042255,843.7240653629705
2.0546976116455116,1.7277059212001058,0.7324072150591151,439.3595621354347
26.24178295510909,0.5552069368724393,0.8817825359371343,835.0591456909244
29.625990474993852,0.7930428433860797,0.7782295078220174,666.2482894622615
1.25945845388403,0.07916372774701251,0.7213137916862309,400.24076529762823
21.799826846519764,9.718929623881966,0.8181098975250141,157.48139432139072
24.92915455177168,8.599699769666154,0.8617882357397317,578.5431513277379
38.53189212695269,5.951851221339792,0.9102749693716508,100.82176421604797
15.477005184064035,1.5963723084710788,0.90519417857938,324.90876749300645
2.8832714288456125,6.4770733448011795,0.904343590728147,418.3477811881461
10.669739458260148,0.15348520989916797,0.8362529141045241,893.3423270910246
5.6142693504973415,0.4985284801315558,0.7366305309019052,139.80092042440594
0.4301838332162927,8.568166030723425,0.7759597156322138,400.4797514209284
0.0,2.4259601002292666,0.7242893273407169,792.8128583437215
0.0,1.8956757107089013,0.9071335581481608,366.00832780370564
23.796765272926322,6.922751095933475,0.9214949149810386,522.9818556106102
31.157493168872566,5.856028784157025,0.9395268494720072,212.53798011791338
28.937499357578055,0.517235508905533,0.9085733764037947,943.4782208491271
7.4138736164631736,0.37565411254773756,0.7793762829360931,89.17195774552494
17.884317801356694,1.2735691210234232,0.8370686818832626,868.0640021532269
19.155261144495206,6.878100781218275,0.8162267456195169,177.468014017089
9.108954694951509,7.9413929740235485,0.8060215679221545,479.91164745539504
2.030526177771986,7.981734537108523,0.8248973575596712,607.3234080539311
26.589768774700016,4.151234346591452,0.8994594784719444,227.83652643380574
7.378102814361682,0.3882658609753244,0.7787095719889285,947.3190773858471
27.926912309359853,7.745909732731354,0.8595010743471809,931.9673502420484
14.2914390039068,4.681415250891922,0.7431856955791274,644.5590997511922
3.8495278697787914,3.2699372118782506,0.7866478883054463,160.6500399178164
35.40127931510327,9.972127831114266,0.7992407385967367,68.19800590603052
33.7654298305705,3.8642079681691457,0.7277060323231543,147.51231479065416
13.130735590297613,4.719199913484933,0.7916886275751116,536.3021190016947
35.9400468044721,2.787705557959861,0.9494823265336705,746.1396165357642
34.484737916062144,6.390388490619754,0.8387244890036323,641.4366895253456
1.4905834514905851,1.491065427414624,0.9428780733875473,591.4435552666425
35.131092146999805,9.290634527013397,0.7878713421543027,912.8163671945903
6.721271027677342,8.433742093595086,0.7637183219229466,567.4081618631532
39.2105549916456,6.46703767051915,0.886002499799488,102.71900491296122
1.716582904938437,8.150106351440131,0.9102207805017691,593.6586699420744
3.4635427012876736,8.730975222226578,0.9486146650648051,332.7663156087742
38.91487759730102,4.937949974428164,0.8376361350766955,251.97764302771543
38.20763928519071,9.054232851541306,0.8985203583465282,758.221913631056
8.184816088308047,7.310910791316407,0.776601105758437,185.75252384630457
7.84236471373224,1.7648511365795176,0.919724905602866,906.4286168254978
5.2222418265329384,8.177662029488301,0.8126821117523749,861.2729415867659
20.04189525325102,3.7474334468166157,0.7184294095987712,617.5660481491786
7.301099929992267,9.57992078281636,0.7707635925831127,405.19777411534767
33.30296977342739,2.743703151392008,0.7083676200186382,357.12561067190035
20.37560810092352,2.580125724053599,0.8270906742508937,520.7921514016174
14.8473795745224,5.303462470472483,0.7446767965814034,831.3204637199204
12.57120347461847,1.6283857924355452,0.7898575085068347,258.68444383247123
2.2902790279081335,0.32071370191634807,0.7068821029367109,633.8080978931239
26.952180331772578,5.65521415980706,0.84970318144558,754.6368330172413
7.398359893120506,2.8676629535917106,0.8438897990537527,376.8191300994888
30.381393971647114,3.482496295088538,0.8386891325246583,517.1372815061767
23.81603886270519,9.897062470850473,0.7845488999959281,678.671741257777
16.430690749975216,0.3387175537840473,0.9461846994769513,268.68522132666675
3.411653853566124,5.460900353895981,0.7596330461129699,107.42538721500743
29.821765756096813,8.366989622519167,0.8371477598887918,917.336876751399
34.60026985500465,2.5284722948385374,0.7313865812205674,641.0022774971716
10.49050572533779,4.870197983642467,0.85319698663065,159.69101818199871
8.671660277750073,0.8462778309409276,0.9430498545562027,414.4458278487075
31.9396495244413,9.797764263747036,0.8036732578171955,123.96659833523721
22.372256514353467,5.249502943415837,0.8787573828310957,748.5057039939643
38.80466213749653,6.45774054775609,0.8956027726894411,837.7556948940454
37.27092977887496,3.5373505333338935,0.9175136621074396,967.8763161287451
0.0,7.060765580221169,0.7189830149257941,474.86875943144616
26.337724985595333,7.373770526943488,0.7671636164908545,604.026620989711
27.373679682225713,5.969746096228361,0.760047091516611,656.2345114021912
33.074030379087205,4.886692871540355,0.9157356471005096,318.21500211496834
36.51130870353034,6.045622228134173,0.9315940264002438,484.66663772336966
2.3182809976572014,5.393041990158706,0.8844492552838874,952.5544356193009
14.728326839289009,4.9226647288310765,0.7999125387998991,946.9896051126302
2.1446786810750282,9.716080074888199,0.7305425820033287,308.4568937575963
36.98771003439874,8.279127351203744,0.8654574345924692,560.5353447412324
10.647862683269949,5.77217471432452,0.7229037521700135,625.944943106352
27.06553145250406,9.405351515879186,0.7709117957919343,799.3156723796683
35.173974942702785,8.117035663131961,0.8137544449445929,362.36278258021224
14.668265571535555,7.708125915768917,0.8017271669058723,433.63379100409236
2.116652096637711,1.1142878498645243,0.8743372460285329,125.8543141586567
29.832498516573043,0.03142710003129667,0.8858613404832579,853.8198841617661
11.553685476990873,4.394135137343914,0.7246107831722969,802.0616162267947
0.1686454660337249,9.168635677867824,0.9333384960009696,382.721150125528
22.098428335520257,6.331837555936645,0.7752264723702249,721.7125376787305
0.0,1.4038912563067834,0.7857795506161966,884.609200678805
6.19048177402278,6.7668523149443605,0.8235964980322963,671.8022976154552
37.44851592838341,1.3751021932821983,0.930242303459143,492.34124252733574
0.5533250998936117,3.562339908052432,0.7292785045186806,732.6607360197381
24.01416081805139,5.365789505354968,0.7921236932983331,243.44464749758197
35.73985175105282,9.761272167161222,0.7999692293761853,923.930307468161
13.004853032453207,7.260503998766969,0.875613589748494,554.8125060778775
14.698849917596245,8.048033641144675,0.88783440315645,961.5028369414053
12.660368406290678,7.030852362080665,0.7518092301042478,409.6275655859774
0.0,6.971321348110355,0.7129731617297422,435.1925831015311
20.476011078227007,7.284322296806595,0.9009142340499672,659.8879461641698
0.0,4.342715692314538,0.9014138079232475,637.1062547541634
0.0,5.85457162074186,0.860223079607523,955.1207089688116
19.27838624079343,5.400875537034014,0.8101805611237056,323.21427608954866
18.018770218120757,6.734045296369365,0.839358923276684,514.4618242069071
19.820224145541463,8.903410945840857,0.9491847282092086,627.969118795641
19.464102196855432,8.884098858342577,0.9372345033023587,68.39345225573223
34.46556260247127,7.9179498420539485,0.7554246385945889,982.2552281971462
36.018912207252896,0.4153541443719809,0.7151761010788292,188.82925900934478
3.893813478509673,0.22119619980261793,0.7574181581943396,704.6391586406993
37.68884404898909,1.764717945357316,0.9072169002790368,582.5702053557557
17.48282091551604,4.78598446570227,0.8893101401693869,184.69036258602543
5.099004343388102,8.019713687117164,0.8356176856063637,498.2440124008719
31.599819336559396,6.334831832215424,0.8527648556415928,932.1763823914167
5.192060698678098,3.8411049034496054,0.901540860135136,837.5177049700618
28.979461733801173,6.8337455946901,0.7108859468873852,633.1382823465041
17.60941774587294,0.11846335819556697,0.8525946172857456,155.55345339980622
24.135793105573438,2.179999813231725,0.7117464900801559,175.9719567896758
2.3068565785743083,2.3843591585806685,0.7992788053863221,935.4369390947119
0.0,3.06611806154861,0.9433599742570276,520.6013616806819
22.17035929387453,1.9051153712600855,0.8834468554158361,170.4969347028812
13.677939906504953,3.3581868457574386,0.7873407002581846,77.7806625308217
22.976694081830985,7.875025809927026,0.765993205929037,544.0201854215741
33.085639836600585,3.485273557822259,0.8659944410613176,375.1900594856102
5.600085725777283,5.932480644389907,0.7258224240451852,522.2388973481039
31.475546667052626,2.81391851685234,0.7293710578311492,623.9471984110096
0.7222149644669763,5.55384500229206,0.8847520399476234,604.9385101044861
30.33370861865225,0.3184330394076993,0.8416518535214115,688.282232695733
19.546559854436456,7.582505219602255,0.774909350930913,409.4978896697803
25.6684715462197,0.42068417472436054,0.7957438511388107,561.7026345338064
0.0,7.158476862047384,0.7278844801046741,349.45726129427
4.585653902762091,4.285957522369093,0.9084066232599506,770.4233551189977
18.598278991892567,1.6579434877473054,0.9303452409860326,206.64397214022972
33.126567315147014,9.056269005467223,0.7888468049126093,483.96899278273713
5.332409709781702,1.7463028980485886,0.7780467005852844,755.6610410595491
0.0,0.1465254238127181,0.8347101332500506,791.339078298867
1.487307571749232,1.4325489853863844,0.8075501683049242,382.7224882625726
2.630295738796012,6.191045008436165,0.8327849278532331,335.44197628331256
15.54533290766897,5.599714828863432,0.7861623874412141,733.0703052526461
17.442021804037704,0.41368065442636004,0.8910425301683839,298.8200272928556
37.459813035361194,8.474232219723158,0.8377407843861543,263.5448304061094
29.09123087609018,1.980987941811128,0.8215528225993034,804.3444096592593
20.368041208478555,8.275212772739582,0.7415621780695061,399.73604356876734
32.23894073076826,2.9383080598400286,0.8275746337777049,829.587138105974
38.099594351442924,0.0161971702523111,0.8160885042300615,558.5186044318757
11.716983582799125,7.318251782095082,0.7344298084527167,257.84366413802564
19.4893441065675,0.22263208660963726,0.8439094457292659,145.07866441001033
23.231023517609774,9.256764637075117,0.8642841918617317,310.3431838488076
32.101254686749286,5.190064120041813,0.8060836497845849,840.6660732805259
24.38230187939804,2.2241414811578952,0.7166874409046056,254.87257818970863
12.015385710519764,9.785269320042431,0.8448106069104906,41.12416258172111
9.72584109352523,5.714260147726492,0.8314098567732476,992.2520079819151
9.774758675227938,3.3953575314770337,0.9421671635328674,389.167326091937
14.80432662373106,8.544362454631438,0.7376055778031292,779.8382194009
9.27684908758688,8.987137014458332,0.7913513040213196,482.2516328937031
5.4229115580559055,8.257031486599274,0.7624879447054176,601.0996309321755
13.25324309224416,6.076153282650515,0.7393150457787855,185.1777339571795
37.43323535162669,6.501127637992021,0.8612531120631179,588.5794906583066
31.79054366437207,8.06165260179923,0.7894622482082585,618.8805613373501
30.279373342783163,1.578671808556216,0.8365273504758131,162.32753178587058
4.507330995532912,0.7251409239050439,0.7035095277951352,380.46867517030415
38.93304720333924,7.985973928654173,0.9496486849602237,292.21551293403087
0.0,3.3308717215223753,0.8280272649158282,991.4488689239118
0.78697171244695,4.322559238485461,0.8927191807761528,94.90389482949716
12.552809060570086,9.0658417726619,0.785493106679982,92.40155661197818
27.683531893840254,5.832314700319314,0.8492635569456491,747.7148516664771
24.133019637214304,3.9808340123464547,0.780443492980765,459.3038990636778
23.516411392325356,1.1899943363945706,0.7336321502915732,64.95067548992523
2.623902972351427,7.8848753606599224,0.7312241270124432,691.614437143483
6.883009497623813,5.229616222577574,0.8589784024150579,734.8447425094829
2.9322506686995373,9.371843609906536,0.7359980100620267,215.3384705040128
38.263662550256605,8.740747749680501,0.7504920331706465,939.2483058396579
3.413584444139266,4.644103502603603,0.7191000065355269,896.3393815790613
9.819909699962144,5.074712404045907,0.8197828553650424,129.4581982931806
0.0,6.740512186460898,0.8641887629924447,739.9281300849663
36.563779649987886,4.171163679326838,0.7309900485408013,943.0336570280446
0.4304403900446562,8.564696444219576,0.8301998976746595,539.5594745937798
16.509709684881106,9.968803936927747,0.7544801036226466,895.3042832925223
27.099396190525063,5.939368239001934,0.8362437529947415,419.23952534926036
13.598312941206222,1.2259699872715368,0.7515565630830062,311.8902149938825
9.473731994053482,6.475651202807629,0.8944380730538274,990.1574074939465
11.094929094930517,0.25223694154392684,0.7416416557714035,169.99811018135492
8.286540546736202,8.136324075994422,0.7233805472408784,433.73363542470366
16.03687246235733,0.9765849011004807,0.717529012147592,863.5016871662309
34.28539254466086,4.967041746642727,0.9466807753661205,666.9274439935735
29.72930950571594,5.3483236591005845,0.8353044773836363,267.20562284192874
21.5365407206551,3.385003981342206,0.8694603506641401,236.68231486739742
10.8936552923251,1.13639872773044,0.8380371213459443,927.4573688875398
10.116175634999,8.539057390920366,0.7382439634761458,929.1944924013177
36.888073284419555,1.7907118919919833,0.7534335763932196,595.5872286490375
35.328970501482104,0.6624044537816697,0.7835518720586206,577.3684916108992
9.448159242735171,3.092511709704517,0.7429929600402317,162.77779060063094
32.92244041637719,9.503397643991612,0.8096228723564053,878.173731696611
9.182305769225433,5.504268251148183,0.8054655837604222,874.6409597919795
0.0,8.714921600504535,0.7660064281526837,330.86901441385476
22.900378725375862,5.973333937367896,0.8098869919626751,618.8125907446728
33.258367225419185,5.673256999453585,0.7305674020554769,688.1942672565485
10.045238126257114,3.3407956741288265,0.7757005034046858,601.0467638493803
0.0,7.974569281351699,0.721512873455291,111.65442794875226
2.1606808811825204,8.658810187867404,0.7020180632997934,714.8636545789835
0.38049297834485585,9.592409038322046,0.7031621032861015,490.7965147617188
5.690576028915531,7.914654045240269,0.7270325410080128,912.0492936489372
24.549796072777145,5.3973785630602595,0.9235079126492107,917.6234356375576
13.361260477844128,3.151571290601744,0.7625679599817101,824.8279897176717
2.514762654773389,7.8407936626436365,0.7246827720689506,95.33495813600474
36.49146866857228,4.4350846710297205,0.9078768286958482,133.75276039041225
9.96411089217481,8.191708061092319,0.8639500900613725,713.8134246874405
38.39297014400089,1.316727474465099,0.9098815300122619,795.8120414841699
17.85560467863811,2.306232613506701,0.7373039185332563,975.1619841297223
0.0,3.046329429064869,0.7737528235342651,85.37411985433536
22.592537225475184,3.1936887266650675,0.7255893056196997,739.9122350145938
30.325527526104096,7.5998798420795195,0.7116554435195688,905.1090041814123
0.0,0.9624022974095926,0.9467354884579474,888.0374400865859
37.54134027579536,8.056446236443811,0.7298350790754244,653.5223467841186
22.182825177066412,9.155256387676992,0.9313232426634482,44.505321547784256
10.44703295649487,2.435298789291765,0.9395597401329145,664.7393611325157
24.793033714682853,0.1329984133694059,0.7068194274598445,228.52383313956904
38.03061857619098,2.9713983822323673,0.8053593339446635,918.230314014978
18.001881657179432,4.453548327496046,0.8003403832023015,303.88922237435
0.0,2.9746153066549788,0.7338034441148844,459.32571303214957
27.30621925261975,5.216851547942696,0.8537538628163276,229.40823885565325
24.603794261536805,0.30234821952469987,0.7923605188317259,187.33319595181055
28.71560074671337,5.0541666846776545,0.7996568687614932,135.84751339651785
29.035489092309742,1.3542670983553475,0.8754929938335886,188.20393935746492
32.83519086800367,5.3155296360120845,0.761552602404794,205.32276238169425
0.0,5.759278935078937,0.7012926892115916,372.72636112215696
13.336608219157654,2.9680052035184303,0.8764277315335847,627.3120012695327
28.270904980767085,8.927732436347789,0.8424946275243315,214.839376534899
11.618267535364279,6.00121025505993,0.7635166908395083,268.2124209669281
0.0,0.34584532559919384,0.8978250079490305,305.1076371346939
0.0,1.5699484804478174,0.7768669908537843,412.1756662412664
34.25795243061914,9.902698993576333,0.9079122871842036,95.25841810346333
23.414615753493813,7.296942952120429,0.9223472892035163,70.76211259788273
5.983986384951281,0.35084892516876504,0.8043872125181817,414.40951992185904
27.812291122442527,5.925010373194654,0.806671521007945,735.5321168168737
36.74328332720469,9.121052336712292,0.753644640366696,169.0212376226297
3.103961477389764,4.344861110383518,0.8439896252923671,256.60852745539404
34.85416003246664,2.7539737094644607,0.7817100340264624,208.05101809982492
1.9522162679852153,6.637660109559685,0.7891098086076569,107.16850043322933
21.988315057749947,5.530080085918229,0.8736565136169411,711.6465632016655
11.844973437434783,4.82188500046788,0.8478224289254758,710.4289648610746
3.334152029165382,0.18472630182204122,0.7918519051969334,634.7008117427984
9.10886879175243,8.89989967330092,0.8611700897668085,85.0376518924152
8.549086941176467,5.929973084770229,0.9415812213136453,220.88710636689132
21.120224738952263,7.650090197337139,0.7464186347604091,159.4408648004942
39.20457688465892,3.730250759785415,0.9305473930866606,500.60382352023913
31.813090791557016,4.357781757444012,0.7910485587726985,668.4063765062924
39.80342478287926,6.725560453108019,0.7514614222332554,826.0654728398632
24.868714149597665,0.5831799006053138,0.7393170637616804,545.2770943528254
37.401691856388354,2.6544816194205247,0.8757215847596029,423.69441274653485
14.283173513052647,9.898752672028165,0.9310537822493448,249.74937361520807
33.93480139353224,2.358601295019035,0.8710971136795833,231.51100977757227
8.260639809309962,9.52678480153524,0.7970094716477882,797.184037513417
11.375407543291026,4.241829986407082,0.8782628757568247,798.1776943569847
0.0,0.0822746381308371,0.9124928653349864,791.5185530978434
15.424129889997337,1.5501180515612913,0.7098446882161484,314.0453740584801
29.31857591774706,9.729919744470248,0.9044626039809502,348.79060918681523
3.1126070903100147,8.450669233789275,0.9271681413007636,302.29657135960247
0.0,6.967318869537125,0.8972494441484409,254.84126127930952
37.617061994947534,3.526350106275053,0.788810607841993,795.5437379343949
37.319525154617125,6.34944194424841,0.8344603025190123,922.688158787596
0.15983336903558026,6.959863445609806,0.796404062879402,466.97689645031755
0.0,2.808571372952428,0.869775879736081,489.75356608282146
22.928138606873368,3.384768620480361,0.7472993349851547,456.2826740561278
21.190765538112938,5.318162749386553,0.7454487992422736,721.4798883400995
0.0,7.253049316803955,0.7862422670098044,401.3163411007632
15.822740606885263,6.172478180215191,0.743234007792318,388.16824230914284
32.43167056241377,1.5470064993903623,0.8808866188148682,663.6732327977096
0.0,5.957851050929229,0.7658301584904403,750.3207667215677
21.926406240753547,8.414576539830993,0.8511649609471788,423.4945859074928
39.5239636584648,4.858897832688125,0.781782733154041,965.8215361673881
26.346636587496985,6.744907595045812,0.8461038801924352,663.6740123447597
38.269500121929866,3.7883153559568035,0.7554615414616962,179.3666365963205
20.71487981149519,3.9848924459631774,0.749610248228538,140.9892663529823
23.830811057542395,4.56751081289827,0.7999758267396726,397.874067668934
36.71015487455272,1.4616927083893514,0.710272502368095,451.73581490970906
19.988845773289317,9.671658885501746,0.7197984839669479,125.78769387379242
14.168131312735579,6.7282948031053476,0.727082327390269,953.0358863210397
38.064118748136536,4.4856796264487535,0.7841741441342982,724.2334997383583
8.198411548699015,2.4914614127045867,0.7520115237901538,602.3880011164672
6.818416609754727,0.5994571498460478,0.7272008613076649,956.4055147627041
2.254162844313074,4.622649888312572,0.7929373331787314,43.11902506942136
38.2522778477892,4.437183180811958,0.7973781048076808,929.2471587938632
12.630633791794333,2.3088133501328474,0.893042217266483,572.2628986006416
0.0,7.01574664361908,0.8221728110813549,792.5593698138691
37.97642633138895,9.864574792944463,0.7941007808602146,66.1612347123378
7.77215334770581,4.861568930499715,0.7544662691373929,118.34470809248721
25.942259942833942,0.4659102939386009,0.8480125932333707,741.4294842457163
31.26262677951365,6.844473586170966,0.8895983518781558,386.67185821499413
35.45991984400848,9.723321997164277,0.7111895478166077,799.2973019173686
0.0,8.3172262968484,0.9163437841028568,480.92428173492544
20.203338715931007,5.874255658971211,0.787478677900026,440.2071379652514
15.850518835355349,9.200816893352544,0.8746208616143716,357.35216173511037
23.341611788084947,4.671356317012721,0.8755227150139,274.99933788592693
6.031089332726778,2.0965698802662667,0.9112214138307924,660.4532541366748
22.509591943444182,4.668578139793838,0.8694249446496126,729.0377995320274
35.58747782213857,0.3459758626192172,0.8788563042440649,141.83788957165834
19.35656211297527,5.881089352577969,0.7672587482981307,984.7343776891373
31.750214913252965,1.2221030212281607,0.8564961669740654,662.281406774542
29.51494300618315,8.145756077910608,0.7538548884341828,859.25798851214
1.9013491758991135,5.141420292716518,0.856255811812577,904.2508393320019
30.675122869696864,8.002220215336642,0.9346944915966298,758.803368601629
30.738753785391637,1.7735360595525727,0.794769224152821,639.4841899752005
9.958023620796116,1.518485670806581,0.9477870710012891,930.0082047674517
38.11604889256683,7.888370888903036,0.8832476669251699,520.3879402463251
25.036070878924853,5.315647984405789,0.9335302369814309,859.7624400441177
17.256190033690814,7.340031567769941,0.8293440187004577,610.5434410009162
38.38813128594525,5.731220462610719,0.8069450324074062,261.7399311482979
21.5521021537303,6.494276462118302,0.8119015557894419,319.2614722379211
32.611437837595865,0.9533209439967607,0.8659092654628329,94.45895893556892
29.705471954785978,2.2947283799861373,0.8406458926799094,866.3078565070426
6.7566088943182,1.437606146117712,0.831721750923025,364.8774623763349
25.359471634400563,4.427685143795837,0.7204278830303744,978.8088841550324
10.858139658883038,1.1992234444548497,0.9495889963185435,744.8263886415192
30.478477309434677,8.760997849798798,0.7151339324260747,101.05132564496607
25.223795577814467,9.958113702084042,0.7813453352365047,337.40291248547703
0.0,5.881572035785894,0.8800357958889935,595.6649068782688
11.302000803023601,0.12871496491534679,0.8019026109023919,343.4210769351931
1.56912429752488,3.721769247013748,0.7311783204413554,557.0097161630755
31.64464266983749,1.374084768216115,0.7646877353966508,665.7292073090573
0.0,9.22154894965914,0.9340021192851194,928.6623274158994
1.771042960974536,5.912314931910185,0.8453694310413568,774.9425016885718
33.91708751385017,0.43482748770134094,0.8542174138248232,668.1308894851172
33.10675767199168,6.718488914106208,0.794630693061233,688.6344925390121
12.38207611074669,9.788458345353565,0.7524071720445542,770.8498494600093
12.788236313760933,8.80607274236051,0.821746572053819,159.91683703787996
31.44151567808492,5.157155026398109,0.7151558318806044,326.3329644234518
37.076176757980335,0.1931980417075179,0.9458965189136559,136.96352729076057
1.5265275878939881,7.826236471859692,0.8864905188746436,586.2470912850097
7.415988631433737,3.6909371912156934,0.7332642881267091,841.9850122616335
18.48429578788519,0.6820168247744226,0.9138812442645466,761.1156845165608
7.930369640740101,4.096962538326473,0.7247039318969002,954.1439393789632
30.597545924867223,4.698278168715137,0.8093897427604129,686.0298973505596
34.80597310448308,9.874055676602051,0.8235706002958183,920.5396766334494
7.042539148816128,0.7190825488275249,0.8656304896823657,694.7712801763626
22.50292217996704,1.8341271024526191,0.7831548656504084,346.74944943514606
23.484101517418832,6.262982927483467,0.7884228586729782,183.56503091262655
30.9992939326736,7.054431282480971,0.8891532875352013,68.86673203796451
38.658804484740216,3.066821642263405,0.8193037439556567,883.3690527924681
30.53695461025573,7.4560246052476105,0.883872485718511,352.09751977982586
38.07142367156382,4.552263954029407,0.8286665391913496,865.6960568363806
14.484131947015502,2.987674640731253,0.8024946843519682,57.81202477450382
37.512771708469714,2.253346892500427,0.7060634148731383,557.0394604354021
9.669575140138686,0.7764657661435624,0.7065541810474847,101.70072608753372
34.44342262647843,1.3554589689517695,0.9012442477745592,338.1085271413156
25.9352054999036,3.971484534061883,0.705966879112253,412.0084879214219
21.187040692897238,2.8147033236205754,0.8604878935465564,321.3017167530588
28.75350213421144,9.248106915389652,0.8846980913897852,387.50781048376894
19.01574073212262,4.565626970725695,0.7313799998845847,338.54979049882127
36.724777762530046,1.3173172480253537,0.703373041429226,912.0423928106146
5.300623868758886,3.49443927408245,0.7079317854456175,846.5660565221837
28.351875533921483,6.465606405241681,0.7732436583190472,714.9220358167038
14.557417918013131,1.4936833394029758,0.70906510063308,401.5845971545837
9.127838963392701,7.893874191411817,0.8928552763828205,385.67810214628645
8.514097865757304,0.1425260921705324,0.7577952828883361,137.16601266049184
1.1439190703636477,2.797139878744247,0.8860045177718913,641.6136537422542
5.045359305443341,2.072056560626688,0.8289084387336028,144.15370452917114
7.970409769797194,0.30797653081897747,0.8680083146534124,191.491329772854
5.769259308915706,4.27496670131027,0.9360168181296148,407.30696212947845
29.11973998307898,0.24932169853623015,0.7084804482690579,186.26151693546313
8.574956461458587,4.119686458702198,0.8342443572432237,890.1635189082863
32.496644550989885,7.26894957792084,0.7789453753954783,351.0806481190962
0.0,0.6598135607942295,0.9086785982925782,423.3664769097101
6.332794319398633,6.9675359735906,0.893341326902764,407.0142877108451
0.9755577252799923,4.589496080422882,0.7039018298890426,325.2959939929549
25.650650634719245,0.19386149121598997,0.9300250942649385,749.1168136124863
25.043070661467873,9.112535308106311,0.7016506938043049,405.04311120047237
6.663815092888022,3.742760738024432,0.8042361497305462,647.2443233126287
16.12865598719996,1.2327229761414251,0.8231109536505811,160.60615177700578
21.48672210885577,3.2694285681500443,0.8795643876686571,836.0574116221155
6.126883119224002,3.824368337227305,0.8482699384435476,667.2281609900325
33.540751235944306,5.216766855802423,0.8517403189932613,855.4152706320181
36.90183920300711,9.796943674838694,0.9006878457857401,681.8950374394653
27.941676095960037,1.8900113836523869,0.7079634729658904,436.8766690791626
4.896703691517471,2.5544141424668907,0.8779242124325924,952.4933378093422
8.065311956582947,5.143867924616856,0.9054142020145381,342.86207169293164
10.882112687006007,8.594345574651319,0.7375152313221303,455.1092027055105
0.0,3.366987049746926,0.7733063954025123,945.6706962812013
31.99708451136887,8.236201391368363,0.8321193151108407,606.6654487872705
37.69217986128543,5.595718699434357,0.7456788329743704,558.4118751159648
23.86548275039408,0.9956479411996337,0.7586257972895551,252.42703269708417
4.917072152235599,7.193180736401709,0.8806616126245991,572.4271462973584
31.23246860943944,7.890322994287853,0.8873488561842149,904.4909340771135
24.375312550810595,3.96804237807163,0.8406510268648438,493.5294379974602
7.88943745528073,5.260343763594499,0.7979664208905075,700.2929813983694
26.093532502152726,0.8024663710674085,0.833828750833965,389.04590093406836
0.0,1.1859682532850895,0.8009425093510928,292.9569431299694
0.0,5.134573678764523,0.8779391759283176,699.8243485036686
23.593057774299574,0.4112900072060663,0.8105258851716481,462.90509528939276
27.708782393767155,4.585087531726815,0.8844926616317051,49.31070775344846
33.13699845990411,0.5154077547524567,0.8104157935312466,256.6084985970982
12.260384647120528,2.47723411699222,0.7728187343680224,68.32731891093935
0.0,6.391002393522898,0.8846417427199417,770.973883406266
11.1657176323672,7.057990358448511,0.8244262829097557,438.2940437387473
27.857796444425517,1.109776533873556,0.9437364144964754,444.0505472858788
32.04062356436791,1.493649956986498,0.779716265276249,239.77824221434204
33.172705829758755,2.815563806392191,0.7910813236544206,242.0874001577488
13.719500755524038,6.033327052297379,0.7106148375114048,263.5628302241497
0.0,5.975035746319594,0.9316676608047154,676.5639460324437
12.339266948616713,7.710961812497497,0.728042211829364,328.92332022329083
25.268602577578733,9.737365576329646,0.8134151649805911,237.03407536839788
30.553047932304036,9.93955060831948,0.7021969139981419,954.160175783296
32.53111007205781,9.571678040536407,0.7036999025645106,846.9134117054211
2.2039122101121267,8.76910435098055,0.8784134771507972,986.3077871687143
1.6198973118240314,4.360100445998167,0.8953582447578861,63.19100313349189
4.11770664092708,6.745058269557363,0.786789119540317,834.0827715361013
14.006609573005798,9.070190930514562,0.7130474192131971,242.6555341348681
11.517127168811623,6.1948432884149165,0.8509065132813309,198.22467456843412
27.047262042274422,8.50042954393578,0.8853118770885685,315.6923817096966
22.53367697301192,3.066676550064658,0.9344576855400135,309.51935924070335
4.505932199572305,4.613744157658417,0.7614503015247688,428.21074368408244
32.840460522852524,8.782782743820647,0.9212030389511087,278.11290907369175
0.0,5.560658746590503,0.8679643410405982,451.3434921674016
30.20934878618042,1.3146204221830082,0.8984439566193931,588.3569940220682
12.748623520381955,5.453053515186053,0.7146921670285098,599.8394666727903
1.9093991104138228,4.564040798357701,0.936826491062915,102.0073051081832
0.11027442133900152,7.31432035060178,0.7765408773629474,760.2813659344772
25.91464493579774,5.8281180217088195,0.9126693570830098,280.49950696068584
18.727649306104745,5.0692505476457,0.8743459929784275,408.68694236559895
20.284501206524705,6.219195997972335,0.7732213506553428,644.0226807692203
15.817221373509778,2.9845181768414784,0.7475199352202824,144.02891194814805
9.968954107051925,3.5684670072367983,0.8891600692133212,836.1398466120856
0.0,7.538743749024911,0.8492230209257841,714.392506588193
30.140997608870435,0.47514981651904653,0.7969306795283533,743.3069935044942
10.58264120268427,2.320032998381204,0.8546058097317248,155.5676118756097
3.637603266793965,2.9602418227089053,0.7558089295599247,699.7054334412041
26.164850905531313,1.7349053422950433,0.8717831811271783,463.8034522289836
30.930002067536723,5.08184161326695,0.8016110689012194,232.64104192075587
18.215703879775152,6.55403974055036,0.8076149978978125,680.8653121601443
22.228433121891474,3.1598499158590854,0.7153265827550229,414.02360261285526
28.307885940720286,0.6669382691968577,0.8785839734316676,553.2633172828729
30.83723563284182,8.638826695664195,0.8601435619426856,144.60602298073553
22.6948349268686,4.114326588838121,0.8120679373534824,384.723962276075
29.46434825914023,5.1077323421300225,0.8994724469223229,458.40569820364095
16.637490603892992,4.782777249839551,0.8323381057368809,951.6707118095069
23.363014217608466,9.165442451443857,0.9334116337353818,391.98620286097366
12.677631355358374,4.747903674452175,0.8471236459299774,642.9875688560253
10.127807333943917,8.555334675480022,0.7776397293550743,666.4046423925215
0.0,9.409526560115898,0.7011156958522273,281.6306047635171
18.374701356108776,7.171854036063181,0.8527823951929149,942.0677131374354
0.0,3.776967510425399,0.753200151240397,565.4673919155873
5.949606096666843,0.7106386838209539,0.9281787849837694,124.31626955089591
8.90709345986976,9.63187604280927,0.8760262848087925,930.3506970408743
23.091279153568763,2.0039804805865553,0.7666349632664022,643.7712725909167
36.6880403894495,8.055860727395482,0.7545602426424711,645.0819747282179
18.184260771433717,6.855236566993377,0.7757118593013428,381.1638505173677
4.435807496716182,9.279985087440334,0.8076726130211789,462.86768419959424
15.130660345542012,7.995922355789783,0.8128925160881479,856.0292928045694
35.9103970110454,1.5492419967387812,0.8486701554275976,549.4757899718597
26.766402466846376,8.59824593911275,0.8957412071697132,892.1212033671032
31.219701373593647,7.412928773342556,0.8186840746659824,133.35591635483755
25.947937639269316,5.627567403107088,0.8512465825374286,850.3298846322516
28.457265836655495,9.744302467680065,0.9061485366470423,352.82178105143134
29.372386366226856,7.941707617832425,0.8879571094544219,981.8582992378929
12.717381565304418,4.343222671196097,0.7670233774418918,638.8242982102839
39.66018630443481,6.66889686405125,0.8887667816308906,107.86818734167525
32.000438508736295,4.133586748319759,0.9205665042610944,388.00023475783735
5.65156578123112,9.973602555399843,0.8755799801061389,163.33607856045788
8.767500102299104,0.4297166310314814,0.8749028694978167,916.2499034339746
24.42363296591526,9.011620025390174,0.7056319975016864,138.1949018093812
35.314007897848725,2.0593525727942956,0.8227091525397717,737.322531484512
34.952114142105664,5.845312522688329,0.8175461561347059,508.33688666526984
3.788549574800091,9.721655399172425,0.8052230551257971,978.419524917695
25.311601137520267,7.625215560404186,0.9408893038861449,898.8073377109707
0.0,8.837924124454021,0.8282612185357059,665.9509001395234
17.762888270561433,1.826842029133842,0.772152975524678,932.4352553662484
16.734667070303423,1.409559504883312,0.7529726817892131,863.9743085916108
37.18557830143403,9.51043875315686,0.8417646211596562,806.53493904996
38.4477689455653,5.153676119713684,0.7380127325921664,907.002019997422
15.674466115803467,1.0671546891631944,0.8517862452375848,891.7379763686229
3.089073492536497,0.7541924212806412,0.7729076924466476,71.20723211349855
29.244821422702866,0.4569991860518627,0.8058321359708072,974.3867612840293
37.52116548804548,9.526096673356587,0.8174691332043359,245.60028958930906
2.292915570442153,9.199101652453754,0.8331320519910935,64.09672950847423
38.64829913294158,8.905794253644277,0.8356240825514638,411.45949133161827
0.0,3.528497104044267,0.8445585026859296,593.644565278235
21.881295284761293,0.9826182075564361,0.7751816450525526,91.25678595228614
6.492999908900953,8.636891965564624,0.8441390056687532,821.1279052390112
1.4533163598921521,1.2723744888813457,0.9478236382815793,150.2858575537604
6.426359864326139,5.577982125158112,0.890988563656817,512.3426593958774
17.349979384215146,2.1914356147109917,0.7241177715509198,990.246564671277
18.943982470478215,2.816611007858208,0.8651658324601712,396.08367966939915
36.43709243874735,5.919338252237015,0.7944492665896838,993.2604425341603
24.497557156663635,4.504733119858887,0.8412307756430087,409.1433026725753
0.3670301284265789,5.165643839985254,0.7138455923591246,279.4608122130954
38.2184536143658,9.150247154752885,0.8309753227532685,851.1989307598053
28.166155561299792,9.72307436602552,0.8695466375917971,752.0102852607313
19.80795778767994,9.863677980460228,0.8978099175820679,249.27509429566845
7.244013044864419,5.422033025511895,0.891589421751554,878.6768477636124
32.026735557921555,4.076605566212028,0.8781078940078744,635.8419649158417
0.0,1.9941491391467956,0.9376019780469114,994.7011303374416
5.319174623377521,6.547616853786443,0.8855782456794744,381.86676752758865
21.517825282803713,7.1885271244395055,0.7405134822793911,807.8796606351499
6.622512885673093,7.338286891010416,0.7011865424725332,413.38640797656575
8.470537826049451,0.29113092544115454,0.8566602045411089,851.779728731169
31.515384673531756,8.161351991331887,0.8315836299297306,504.5688219012638
26.623599308690977,7.8550891326915,0.7169396556816544,314.74320065982386
0.0,4.151908785742762,0.9229338486388556,46.88132415318943
0.0,1.9798183745042208,0.8774313290501878,462.8310526519541
38.85993877241247,1.561758443951417,0.7191335518692159,856.2117401759368
32.97337371896464,6.104872288209376,0.7478119772813941,321.05679239746576
1.445511171544096,4.02035369341349,0.8006425007569515,930.2020771507781
21.90243460575642,8.659098184718836,0.8182411634969464,446.6585345948285
14.46237398665753,6.110782374742122,0.7696838401131771,801.7393867862237
33.802910350959415,9.637326947979796,0.8895674328166641,467.1177859923417
17.224928838887138,4.586999720979663,0.9296006013548034,280.4445095528233
5.976614725631067,9.46744818670432,0.9021572918963798,639.90014167505
2.9988965019226517,9.307752655208501,0.7551704208516709,771.645539815
28.990990452135495,2.5861700131560115,0.9460062421745665,830.3681124190026
31.47777284728461,8.296874941745177,0.8010726717115813,693.9700572198523
28.256903997619442,3.0191919927832527,0.8304103944029965,205.60289594485522
30.243552386391002,3.1208917596977916,0.8020253552846489,608.8798024815518
12.575809059614517,5.071844394087307,0.9103421272825722,368.17438241909895
33.545498728771605,8.500592715226349,0.8638793930168271,551.1588795148692
36.60206535989834,9.84773608393556,0.7947310135409844,112.63314657153408
32.337259070204276,2.877843696747547,0.7781681634055084,270.0719643910736
8.04268539953965,2.8425585365032946,0.8400528278853723,513.2789941968365
33.50149481972512,4.657731503510974,0.8723075984691645,495.44609985574203
10.388679547681917,7.944886646091533,0.9212728200338889,275.8760088845634
10.440665350338179,6.958854539625351,0.8955417538573537,370.7795340627772
24.67547498801443,7.64712503991135,0.7680489636818824,692.4214276776449
21.857135972848802,0.6347560118462807,0.9435449213004421,254.9549258765413
10.677192904830083,1.0104901438367104,0.7777343154706902,624.9925790268223
13.84314436606954,8.30186868800357,0.8903121174782275,264.7557048369406
0.21640054533513572,9.71411120827252,0.9057477048014728,298.7186999699406
38.78572793088078,4.437792355020504,0.8491515358816092,166.33596335170273
6.032718146773055,5.488762382865249,0.7706815077725244,763.134709187708
9.871392149717163,3.3220825889235894,0.907304388926532,474.64809091875105
28.83012520482998,5.486642117128421,0.9371021229231854,368.95396313422856
13.110741724822736,2.9855567922219746,0.8175224275367153,265.87631976919096
14.059880392425352,3.7602771107259874,0.7953079930265123,766.3825540330959
0.0,1.5544282043619964,0.7426561722979651,498.8848003978667
15.719841564234056,6.432591063106915,0.8310486293888979,43.6275087712054
3.8356736568460064,7.514550746476945,0.8520254281753079,201.96870337759378
13.807908860413379,2.724989247472152,0.7100453979691866,930.5932671212407
36.2953340962586,3.6278789432782603,0.8657195867308869,304.0374123255069
19.629462584946648,6.161267887273425,0.9178522857134437,627.9909742754145
12.597506273695764,1.4301246952007265,0.738461327783658,335.3744981263693
30.297147925661015,8.336202080958355,0.8570164695675657,984.9476131567997
0.0,5.63526087819759,0.9402670431884709,601.5846919729014
28.00617991644046,9.111204878016098,0.7670706055746472,135.32605974511966
1.186057242164257,4.917789702286454,0.9482372043037129,234.1177772827669
17.40127009604653,5.392227213802693,0.866950791285793,500.1304645615408
31.51531886932417,0.6771833232174151,0.7584916268786797,89.47133786768089
0.0,1.0531707021436478,0.8347376468195367,399.0866131758439
13.221823764250658,3.119530252180566,0.7789918311320458,410.86413420643623
32.89795658550728,2.7243630324282453,0.8543540757814018,234.27028610286646
0.0,9.97424136025582,0.851351185430042,785.5247232563319
33.044079516208804,3.309536116579469,0.7563034154890305,704.85841115322
1.132361398648708,4.589833901659577,0.9299488831351249,154.40644109937864
6.804744475781144,9.221430285008605,0.9470527511352645,848.815703569993
14.631113198851327,0.4919779120333473,0.8501427969362291,106.76983584244437
2.1528219361089738,2.30240629923896,0.8476559727604189,348.71436504199187
5.0009436113995935,7.298143556964875,0.9102698159522473,729.7409553188454
39.2884117300816,1.3657303209299352,0.871391150257332,836.8231396360287
15.675387468986306,0.7396994406019919,0.8490883213509662,815.3392803010181
28.154090192925366,3.763372185299452,0.8343437625816468,182.67205382389548
0.0,0.7393171615571945,0.885499056342434,493.40214324194113
0.0,4.583075045609739,0.8760280321588441,584.3304708317601
23.47111622203862,2.1382346933757486,0.7315920725157842,659.464031450635
8.493895162520808,4.388133737616797,0.7659306314548935,795.2650294316763
5.308198969562677,2.0731296612955825,0.7694703385819426,779.8246836496472
11.606478519997907,3.252485358716387,0.7730623291853975,374.0878717852019
0.2543058990235572,5.539690061722996,0.7863634840394855,906.8667170224334
7.929351768629379,7.0832771749873915,0.9179339018307124,787.0235903989662
31.29369731568879,9.527340564863236,0.9408145175523207,967.9442688130032
31.843852390264427,8.2789530750049,0.8255162421169824,972.5450184094927
7.441746886423012,7.690459223471884,0.8724194462293552,278.55767192512656
38.94495331209412,4.053865552478183,0.8158281577158665,145.875303653282
18.64734752367063,5.10694514664145,0.7692949365024129,546.0183688766098
10.419844336837587,3.9305734023695758,0.9448537550759232,217.1921208381197
6.031956012963029,5.794380249622423,0.748394339031754,645.0134789067587
14.352198795227036,4.360258224428062,0.8575796823681163,866.3032348319193
26.691547094306145,3.6150947127180117,0.8341259206546915,913.3333489540427
20.790208593865046,8.513208962371557,0.9113327554823349,204.12814534048496
29.100267032551823,2.1180318513126335,0.9036745358603695,964.6283354375984
5.7820168698967755,7.105715342367098,0.7982219944673825,179.30978047554052
4.9739723528411925,1.7890714659252986,0.7898413658380016,816.6936173692434
35.31427606705327,5.9823752931738685,0.7866501960945214,196.17565645105503
16.245656627726316,4.832096573188623,0.8725591660460452,484.9482498506617
19.013320521886982,6.691506907992362,0.7320315415482107,77.1867630042031
0.0,7.293133260620606,0.8809633277077223,948.5531006817814
39.77256295691639,9.877174526476452,0.7464442978769432,923.6679435794077
37.770472858206396,3.4481357126625563,0.9154431739228281,321.175213556062
0.6905897608409945,3.3332484226940298,0.9435688569883154,685.8922237848944
34.70011243124017,4.584360924357121,0.72547545903041,832.4310859665281
6.281817181987146,0.8243049956658995,0.8782444967663303,699.7167121417046
17.32207238530662,9.841281867157655,0.8314109304014506,352.08886445258537
39.15295264270201,0.28713822717212606,0.9302963899255492,655.3064415473967
28.27830593461116,9.978417910581891,0.7617721076282649,559.3018833571741
0.0,3.9600815520432455,0.8992684099522594,375.31966935416386
1.55770968089109,3.8289431908242135,0.7595319096177553,850.4485236850328
11.582045086436903,1.707791508476373,0.8263008976018938,969.3880124041988
29.907349819451092,3.4192479176700497,0.8806757309639223,995.2444506843393
21.47926721864712,9.21810882710923,0.7124152997082182,651.0072972966437
35.07263999763359,6.777160835845745,0.8728486214426988,916.7196426935288
9.568460922465334,6.242018527768158,0.7225716764043681,589.3703219937455
23.866655298366727,7.634956454413765,0.8015437195776943,419.7231112262276
6.125638590546268,6.585255464157156,0.7477281029374252,511.99888952184443
36.63234827773682,8.889866364199724,0.7947108656721036,187.3320400201663
0.15158671835963974,3.6099565703560663,0.723400993888242,381.5586912691408
3.1825835993136526,4.640286207531262,0.9445006285691582,268.8440715224812
26.465796870287278,2.4016661485764583,0.7374220586165852,235.27374076281643
39.09900894261586,3.604451085446993,0.7399400154385148,393.6335116766929
35.12983392866847,7.384166435333003,0.7152788394843557,557.0561092914166
28.07400122128369,9.471278809254306,0.7151078134822992,249.45646159660294
12.01021470201232,3.248591617495053,0.940106852467669,545.1607304418841
26.321283644284275,3.038842143565473,0.7227577204046347,483.1810218878835
38.269245794815724,6.847154454703835,0.811923359872893,737.0529210464358
18.91346082096914,9.691976250980513,0.7213542327361351,366.47531581412824
34.49477979014766,7.616538192854912,0.7429427302503697,698.9932741359296
0.16776759556440754,1.833800429029529,0.9141415927074596,896.6891510629466
0.0,6.016513971315129,0.841760023870423,88.78446682755033
17.698668918084994,2.7914244357697413,0.8433093862657353,604.076468282616
31.657828036520907,0.46371903840899814,0.9179773985051662,294.83469616000764
25.08110151802505,6.212793192506491,0.8031587896960211,192.41275583707446
36.69945544805122,2.2497931942782095,0.7433973183126574,804.3322265315237
24.854044852627773,5.538369406137376,0.915158718791004,620.6014518947942
35.70271666666202,5.655135359044868,0.7644952918048258,328.6210047211573
17.571737716211334,4.696536970811274,0.7976769444507528,761.1293409640714
3.1172355077121656,2.0346292567986035,0.7065484057364088,491.6611434384002
39.954529279269984,7.522445942935111,0.7052089166940303,153.6182030399256
0.0,7.8912538315795215,0.8192530801999834,408.31375012982164
25.712443304681532,8.703673108592922,0.8223681467144626,453.1033379503725
19.45111191269069,2.823100519063655,0.7210226458372058,744.9449180726004
3.518815229251627,1.4858062386959898,0.8097503677681374,113.08709523241407
39.86116934724216,6.311039158719227,0.7865001704832101,527.4197240565153
29.60556998499078,2.137617579125595,0.8480124904557613,430.9068096078987
10.46696846919874,8.390583718318435,0.738771688393888,181.38296858573906
0.0,2.36893018193904,0.7450730583271272,878.2261507824874
37.27134215346085,3.7610276178691016,0.7695599793189881,933.8244109465468
24.812204760758473,4.972693741284675,0.8417470672073825,920.3704532314389
31.44718126590669,3.5881613192915545,0.8768620822020604,461.0922695150283
0.11161253401317942,8.872316225823356,0.9299277989139112,726.6198853318284
33.62473039379034,7.045480277246209,0.7461866566656494,229.2495013393928
0.0,8.678932568874732,0.7550276464010521,172.49931494667717
36.59889941737818,6.072963289326659,0.8579813692980801,866.6283021034142
21.19979166743131,6.571598715826756,0.8809088569184373,200.55430521986062
30.28165998230495,0.01465235834367958,0.7380025958781946,567.3128500335043
17.49149968756427,0.6666917082073056,0.8318830238747507,883.0882388048892
36.12554894754393,7.975648989163767,0.7323731885587148,746.6588048326703
6.690510030217729,7.172840739768142,0.7219829689093453,309.2622969909612
39.19242373717383,1.3020940135110763,0.905107327859114,370.9950167462153
12.012904837074391,8.716315477365875,0.832787721425478,944.9729040673095
29.91167238964171,8.288204837858009,0.8029439761292684,518.8536773559805
32.064255576623154,5.517315342340563,0.7486482979266665,231.2423146711825
11.487796478361869,4.572668713456904,0.7117545352181192,401.15535497267564
15.518512281688931,7.147684902432854,0.9248807316291915,262.77982981146744
35.752511237918576,9.828602817343036,0.8219750080815562,945.2319195956064
7.368390396523039,6.859923478894129,0.9062522595783477,283.5953394940468
38.71556531902784,3.860564185987689,0.8105731492165749,226.56782680047303
32.15268437854724,9.619831093843228,0.9452631075342693,959.0983666767561
32.21498651123202,5.273635976419238,0.888390046353328,438.0211685160454
28.83172937344198,5.730635637454832,0.8602743226772309,229.15576980514246
30.776552773313202,1.6594143991386432,0.9006065557901626,42.96443559449617
1.2163212778680412,0.8615622824418046,0.7032583718100889,401.1118621181959
17.10436567425864,1.967930381675487,0.9338116486470587,129.54301777379987
31.509198819404116,0.6102754705377532,0.9477412401343168,661.89700439513
9.643865572786172,2.3633812942103822,0.7095122620781082,863.7410729000323
2.381371918230109,3.411060899270712,0.763388987557285,335.4561624584943
25.024057395600526,7.2002959582708375,0.7616751667003028,499.1997208766728
22.90870615455839,9.742085805948381,0.7120890383784755,117.41525961421836
35.58476316170426,1.6411774079756494,0.8020552821147842,514.3991013008946
5.454643693470592,5.7613574611679965,0.7555791382133383,175.62748754875147
2.003365465495478,8.611394883131235,0.8096179870880666,252.06108895735093
28.94088470765775,6.719284314284283,0.7851284458680075,879.0001446533194
3.1892112510488038,1.365854443956109,0.8572137786794172,727.7374108699934
18.69343501591304,9.41031226859579,0.929641525305965,374.0148958861837
12.63488944248146,6.634353599234285,0.7786386501604206,416.862232740449
2.613743116106214,6.558483869260205,0.8718813296822739,80.204862324373
20.88171264274521,6.395554176816366,0.8580512195322015,323.1981372739978
12.613763697647133,0.25893339051032177,0.8158107370260901,365.86274018870535
25.323990316320327,6.372233671328589,0.8658532546479484,426.1300848510565
38.56875634101143,9.65852336890799,0.9045045041995923,790.9242005636324
0.0,9.609365892443849,0.9009353202265591,544.8729089632843
30.724333243545,2.5819533450987198,0.7328398491250223,981.6895940448303
16.504077269472326,5.965825724753028,0.8808577223115068,589.7546115767642
28.92967782834364,6.894272458800791,0.768961177214228,903.3745208139325
6.824774688205885,2.863583147240315,0.8483185836507023,279.79608949007974
23.985873670536343,7.526273272343853,0.8463554256811905,366.14946442738994
0.0,2.735077260627032,0.7859402409040516,54.976206461001524
16.812155618748633,5.862597314522983,0.7620808816148128,205.7210756040303
15.737995357796882,8.050889430698112,0.7007489429446634,989.327836133586
26.973660499146483,5.990576825587446,0.7724179182607619,452.43035168176056
12.383233264829443,9.753226715932394,0.8088825171106253,134.80893419954785
30.123795782718062,5.504390935927898,0.8330236840853066,416.93298829886095
21.554225602849566,5.654481797582639,0.7989489623439379,717.3420315353261
13.844727648747721,3.352347074903032,0.9191957991472872,495.6681822018156
0.0,1.6425985544350206,0.7334184065514274,304.03846067777584
38.092446956396785,3.6070211396458127,0.7140236182397285,247.68692375651452
5.123022519724064,0.11794686775466462,0.7845767024590375,980.3401412458394
18.5564315750954,7.690086893984123,0.8594323824780106,977.8080271903731
26.564956850712246,9.583176523233549,0.9027532852584773,491.9296340878816
26.697533291315523,6.292955171116494,0.867621030251678,789.086377904004
19.860014940450174,4.545050150571797,0.7205217744303335,53.18546640012702
24.071976587914452,2.2008324870278426,0.7754233102883424,190.46475347900426
4.3931840901107755,3.8130134263270308,0.8429353838939354,804.3777482520926
23.631826186295577,4.185837829873934,0.9392657718185756,603.7056590696413
20.947461837007772,6.143115096121076,0.8584942993459291,366.01809313632486
0.0,7.583479856459719,0.8852684316639924,973.2657694590467
28.855830707344413,8.603739139901464,0.8166644102187819,597.2764740805899
37.318308971011305,8.735280613811952,0.8044737314984021,659.6234333792177
27.315011984707954,8.70092021825238,0.716395347161185,626.2787798077653
24.222220380916205,7.3092163725481365,0.9205408587379522,900.4497958244671
31.86258882538798,8.415510293154911,0.7814926472929343,886.6113720921866
11.781439542047496,6.58519477843091,0.7600806614707596,607.5870957895748
0.0,3.0733970770013976,0.8184698574729821,683.4193988059544
19.14341343267077,8.104927715652641,0.8972787068244461,365.8190870190731
0.292110091236506,2.4036716952229247,0.745630848982888,615.0413155943182
0.8994945435166665,4.788151285594112,0.8020502892422118,312.2481791985359
22.578939817434193,8.876239874305009,0.7694562721299703,144.24767146295812
14.17552961550349,2.602418149283359,0.8807715561529472,90.89064712320265
0.0,4.1565259172602484,0.7724147518935482,185.76596350236088
38.169666531826714,8.327268825655738,0.7514323065091703,457.74801957589574
9.184964131886622,3.057340164290229,0.7222705637068987,783.876309680871
15.563017501098049,9.484591554936328,0.8087239117883686,168.44454922809544
39.97335216458222,8.426148358238711,0.7456305337686505,719.3507032708211
11.36116592595074,4.047499481669539,0.8285983309322366,120.5142989176608
36.50354211239168,4.574452975114679,0.7293639465047053,708.0101382124818
4.512464922999034,5.089376380324056,0.8236614560950991,175.73662831659772
22.07073217562905,0.5812796320327562,0.8889535430186171,870.5165710857191
21.810128587176713,4.5918598067339005,0.9012253047546813,630.6424759883977
31.287967705953527,8.833779314514782,0.865539344183922,262.1150516461388
30.567690169523317,9.509611756737726,0.9174150825924043,648.6514766259586
30.784967134868243,3.850309895829602,0.9400076221420449,412.17433692366774
15.119479694176098,1.8741032916467142,0.8130650008486426,278.78569163948316
17.216513127990737,3.126548844506851,0.8985953102889375,572.2009183613112
24.027616092991714,7.296747594859113,0.740059436107249,653.5427789407598
10.253384498914203,2.5852167329661992,0.8259573673074019,308.9849804439162
9.216941110638498,5.127451112468268,0.7627376296624261,299.4335936810511
16.570033479274368,0.17641732712486874,0.7861268638840153,612.1179696215079
33.15901988201219,6.896423366308599,0.8199989765350266,361.99741520971156
37.87910738402372,6.343190906805991,0.8761353288002639,800.2811481277384
3.894811769819806,2.607000330058313,0.7513470766391838,364.10138112672547
20.23009744209381,9.993009898800826,0.911536765864881,56.89072757548718
0.0,6.106030288770177,0.9209075177773768,420.4655043878373
28.584891659383796,3.086976511712783,0.8894145556018228,910.7052815522206
39.10551983078939,2.6485660104071114,0.936378357241518,469.36430497140424
6.354738122041534,3.4453383413331164,0.7199516501838091,935.3267274567346
16.24901811936792,5.65157787406951,0.9267799677437302,861.1471144329862
6.28940749394366,5.885784709046943,0.8647431502222319,668.7122327793207
23.740999328212794,9.225829583933304,0.7887746134121596,641.1325411065365
32.81690473865883,6.420173034199366,0.7866710359418658,878.0042345307884
9.590282008296526,3.980562782723554,0.9366326388251427,890.7513110699776
38.42592355539753,3.748014708125153,0.8136099661103344,255.06211428595486
36.07400367757667,1.3811451680567712,0.7092020793197941,801.3963010558837
30.36634638806697,2.401397092766624,0.9439127201519322,584.9051981956678
0.0,3.5485083362091663,0.9462864104742599,353.307722249357
10.136790544185548,6.293241860984726,0.7987490349641052,75.41700766149567
8.91465497283869,4.8785645605104,0.8811564105397758,832.3248762972776
38.646002488496805,2.2359466487492665,0.8053305408617601,249.2498081322597
4.301308617198032,1.5696589151688936,0.8331514151411042,788.2703574687513
30.48757570061661,3.9269421078571005,0.8778168159500865,650.6983797819539
30.489213137614822,4.620937840923908,0.7553583932150458,535.2795535648238
3.69291339575523,9.271516024621,0.9043617495514308,351.8396232364769
1.1830748711039552,3.9171022460928198,0.8888181579672937,506.69723032287504
38.26075415839519,2.127567800199955,0.9054638388769185,423.22324986684765
11.045256949913743,7.398517873870764,0.8010338643261188,197.34568142032248
37.60821166730394,2.415942310688279,0.8439941795878757,612.646947561245
34.18249095836189,7.980346243358372,0.9320047762165882,983.2418715844938
9.533182190225633,5.517092480907893,0.8149333379867655,998.441516087499
0.0,1.9350765141568746,0.848050602890189,287.96537712844656
0.0,5.206518152343569,0.7361355845428795,941.1116631893242
0.512575105318866,9.012397827084529,0.7367599263875769,367.7329066514812
31.01100647809574,7.052129187684722,0.7256697625277868,288.8766866432153
37.08221082790584,3.66559470835233,0.9497708062119532,810.6081073684368
22.26211514716087,0.20259867630056014,0.7120794980331903,948.1998220405096
21.730619065331517,2.5235848085008956,0.8385553133113545,181.8444721650019
35.86963314496442,9.02481220603662,0.7708041590788686,98.33505395136129
35.756224010715144,3.1935519952242895,0.7221288301385307,661.5832617495117
5.707631126636578,8.849910564604913,0.8275845016671359,516.5127986549205
1.9610211466870653,9.316211525978245,0.7965338326298823,611.9687905010443
31.029365465202837,9.915317820248957,0.7126734870302824,962.4324988249176
30.80662728848936,1.5774526836703493,0.7442413159074894,824.8585430800579
5.306031210109192,6.159729675798095,0.7420873779119664,602.3042692020049
11.49586151435399,7.886560899259869,0.8322395142493524,661.6535084093204
20.763178219468593,2.735102554559592,0.8436210267333624,965.7424791739285
17.39356748884774,6.464861461763111,0.7411008972829219,190.60481344710777
33.02513972969289,4.880908507263878,0.9092179264886208,136.95386850719913
0.0,2.8572527604027824,0.8039887374810522,692.2941193271602
24.768213831124072,6.899277838261973,0.7409781462953211,830.0186116401472
38.06759212613245,5.504673071899769,0.8089095379787392,775.727799043077
30.40012853324614,7.562901720040874,0.778479794910621,925.4137794798743
0.0,8.485863089734098,0.8658818388972662,416.131622759193
5.1914311419540855,1.0834151097353024,0.8271679278396171,46.388764835921386
9.39212129070115,7.407250674565723,0.7520084293659375,949.3665726462289
24.343722684408476,7.697190296398073,0.767975627496772,517.4116417929303
20.49557221652348,6.1312363087066615,0.8192387749926917,304.27312830423074
36.669425716675185,8.39768679232683,0.7181250496404552,172.9046878545047
0.0,8.323099047813729,0.7958325079697345,365.77938377271926
37.54245451816337,8.673096576835613,0.8937391129212692,545.818511390033
2.1466980477947466,7.267108642745391,0.8837513623842392,572.499479340346
37.98115725929704,1.5233559099975273,0.7536256039195826,500.29018243078866
33.79155033946121,3.1803162145549746,0.8704260718427348,261.15463905545676
14.720527480499241,5.58562865999504,0.8988684596205001,763.0731603928327
14.39785163837663,7.579024819495342,0.7865853246533371,597.1149693441944
0.0,8.291178107048388,0.899160176879358,439.0858780631183
34.290342831966356,7.606869305769632,0.9491804914243851,864.5130859032973
29.252900836215193,3.5216805782690788,0.948265651758834,712.8284191996437
15.20142540538832,4.336400073863439,0.7422645763030286,767.6123193220061
1.4136888441508049,0.531397458060741,0.7845938715702545,681.1568375072573
14.124819886425906,2.3725438353982375,0.749759509320135,588.958026690114
24.760336449129003,6.612700203248985,0.7174587076722965,207.85478122926804
21.285192968024443,6.488644401739816,0.731488251956483,533.3972966288227
31.299856835952724,1.0807338203441657,0.7814169046890025,607.4511489239648
17.710611001576464,0.35648307318834205,0.9470605269887099,496.4400855152018
21.52777101825285,7.822301278702032,0.8760187871338979,498.77814658870534
7.83638357540136,7.953551186646151,0.8889292936289878,805.8446436300109
39.31485910234302,6.456908328677105,0.8869293916619633,358.25915286464107
6.377836704612831,1.3049980404453614,0.7865318769920614,273.73447088980913
30.348023754570438,2.277342534126114,0.7830218725911551,773.4612507011858
12.921391232387053,9.090509783988306,0.7981682934563319,778.5843195812383
16.15349227625126,2.3260928657174533,0.7137967846903153,345.39216324730415
25.62176385513618,6.276763436705966,0.7691298962785884,832.493717090406
9.962106772263965,3.1458003946118813,0.9333891219526469,472.26360931921806
32.49236885965009,0.24502365186880593,0.877076016846301,750.3828829519366
32.294628858782566,0.7535833827594487,0.8407618375289353,120.25772423947515
5.873531669555997,6.146611983369029,0.8537383549296729,508.898074742649
20.192494457229753,1.719588462927152,0.9174521819256003,735.0707952067287
25.92690324048299,5.905671339824148,0.8715214025488776,200.11513339394492
38.752674566786204,1.921815865026247,0.8848746415682585,660.8546929107384
21.045649505380386,2.626762452754851,0.7509206639413875,646.6734838658446
30.01569593419169,1.9352109310990147,0.8215195142100413,125.89065857154544
27.63920002932575,8.207494168370046,0.8289054992411515,562.9449703306242
7.181030855023591,8.68677100934177,0.9065027003763255,379.53004038660094
31.813540141931103,4.436163327033601,0.7648456177115903,896.2775200960322
30.511727419011287,3.75636331382246,0.9026652598492761,175.0165018459457
10.885125773597546,9.09326648540402,0.8150739634669653,567.2904310732722
28.01603664381015,5.199138435887908,0.7092329604791654,180.5175416917315
0.0,8.13081380660043,0.7898250506850263,301.67266676820054
16.304896995403062,7.102408653464782,0.8971605835446063,882.2766526257377
35.8429575677606,8.809756944526654,0.7735593237296081,782.1321707088839
11.909608224356754,4.402659145226922,0.7414781805715889,713.3798366417171
38.96750901214848,2.5247717711768876,0.8118130905948033,450.8883805816118
17.603042103903157,0.7621194172381021,0.8213218633588913,909.3594172101436
27.192740598647987,0.21129397534250544,0.8376444786473283,543.1922094744604
15.951740649532312,4.02489087629972,0.8855700796706497,300.11814545870567
5.454324457931593,0.3532446668597468,0.754740893708768,990.9137727950601
24.735609221155098,5.7355471007097965,0.7582144696237165,105.75710120350234
18.176055922337305,4.922861546240935,0.9423981374641587,251.7860811446653
20.27760672610157,9.14487155682177,0.7229791230787738,289.62828405775224
26.968592198230564,4.611483765842034,0.7811193604415547,333.02414258962267
11.606512562497686,3.879150212757161,0.9308008417312531,308.8098387430134
34.202373286670976,7.179024227986847,0.9035316875124573,948.349124316345
33.63215784910482,4.231085339382921,0.9195087896907392,607.0244015671358
5.937921099821923,5.196736496858492,0.8795412613473357,244.01814596186668
26.923754380560247,6.088649008820949,0.8489490194075175,786.9613285601259
10.5026404903746,0.3346090467603312,0.7769027208663555,794.7210338750974
28.383898285139516,4.1696876126384055,0.9011078191508763,71.57870906053643
5.636748817664642,5.917894825126848,0.9480595883906581,530.6212170795118
2.730928156255258,7.2959919265886315,0.7094461650467748,506.3231744093357
20.33406258030702,8.946674694794707,0.8006454385054198,679.9413469157416
0.0,1.020015301410726,0.9081829400852547,578.1449369238768
39.41914788024487,4.218486586219656,0.8562079125508688,548.2397976740407
34.709406454516845,5.829227695320351,0.8106741592815354,369.58889931254333
3.3762864184756105,4.7577400152869584,0.7927297026506187,952.119722429852
36.80980304879073,5.913366860758333,0.7420654723364634,591.8736472944609
38.975551373990896,1.826197623004557,0.8535598965289443,452.0825091734637
8.11517569949828,5.221196271125164,0.888682904187162,824.6888750357494
19.209085959695873,4.830692047625003,0.8070991589509358,182.84880724129454
8.683161151893655,4.362278135448404,0.871374549520451,246.94460070702024
17.976935325826844,1.321046429064175,0.9461093586733198,182.88295498719503
0.0,6.62461641103729,0.8235472022430484,860.7001710958971
37.397100469424075,9.190284800647747,0.7401385408825676,263.4683697210187
39.23368155341413,5.707302103785551,0.7861177683304643,778.880980917969
2.2851616011774594,1.6289493057101831,0.9311244179181744,321.99291378333317
6.72969429748214,0.9973950553090319,0.7992333265270946,356.43979807792385
0.0,4.886993028366021,0.7632111954530435,364.9277757514878
34.909705233071406,1.48829022114812,0.8474433879927338,481.8717754695292
21.89610200060473,7.537854047661041,0.7710178426135352,227.2471958852757
4.202168231471208,4.5837382302356335,0.7160166636406775,597.6901286817093
35.730433379564296,4.213048329973242,0.8035940051000408,939.4978963006022
17.24841012618993,6.403795517080679,0.7504602450805866,481.65115296524567
35.100052445347984,4.681677459343488,0.8799291269539409,404.0097973681089
20.168758333843225,3.4561696433159765,0.8232941354811015,271.0535042642835
11.917729536511347,5.266991150105639,0.7188284974418346,418.4143778292877
38.69007854637569,5.880140069436391,0.8022844346151204,270.7003766472001
17.865684816156282,7.350321527343249,0.7714148771080683,471.9189433862079
26.72721568127961,8.085302525140422,0.725432901496113,45.92129642753065
7.580692162135806,7.889275435670822,0.8923900198967467,848.9521336799443
4.675561037974769,4.482433838927351,0.9242652100247467,767.4957709352083
14.642411800582499,1.1561113047172016,0.7510246527707027,310.9867971704676
2.12837332563788,5.22450103676149,0.9415390490236957,977.8971247478214
8.298507003796372,2.5887461826263864,0.7130829763303568,198.62526732183062
32.91878529355207,0.6499214757901606,0.8243683139322233,770.8890282281238
33.65063022638744,2.6771266490647485,0.7910755300149024,486.47993991051817
12.147381058459716,5.924396456040731,0.7125049024787036,68.80022711898349
32.78351024187859,4.003805947213272,0.8056957377495977,340.8255804721365
36.58659038386148,9.567792021182509,0.804420370402251,997.7029830786535
33.48544389905313,0.7791328333793344,0.8932380442975396,124.7954218670796
29.759414513094057,2.0780397742124364,0.905488510680577,669.3426808517677
11.330215929792065,5.480237266627202,0.7995505885760064,757.5358672464055
0.0,9.672298367526656,0.8494082209322943,393.9973981826706
32.04669661188235,2.8856499581594255,0.7012842947569171,640.9359935811589
11.615637198102782,0.6528152064993535,0.789877384173694,677.2567994366431
0.0,7.248402171366747,0.7253095968180743,678.3180640991072
18.22068871342451,0.01919332418296214,0.8804626284057196,930.9843740456323
30.154988461862796,0.7459104755471836,0.9309541252406742,198.64403821997453
26.30968077966808,0.12113642765194671,0.8579525382240735,889.191915411377
23.863981006085222,7.880474983689173,0.9095304429596005,241.39842902977585
21.903131025241716,3.4905390412472928,0.9271372512763061,204.22505218240525
2.097152967548967,1.440462195974243,0.8497127566703532,571.2531010492098
0.0,9.698775633711692,0.7323262816187766,422.57957687440376
5.916032492854046,4.744974801023966,0.8102897961296016,83.04686890324199
33.49344016194121,3.160214381479941,0.7160891669630524,660.8682817559204
27.056386295917218,2.4123380011206166,0.8125274374566713,521.1802126862143
34.023803759010356,6.1882443013449056,0.7820023888701453,232.5585059213277
39.37687232889492,7.649711283068358,0.8346422882007388,443.74144289558865
29.832388876015607,1.759524814483955,0.9399794008621705,482.99859085267025
0.0,1.7900550232714576,0.7958894679084881,399.7510018583859
0.0,2.849226567693826,0.8635252878498942,428.5094734754473
23.98703332412273,8.254528568062048,0.8345129525378804,326.6119585386979
39.438910990314994,3.401847566245302,0.9016507594326759,658.4312576751657
27.78373114846487,9.040056894011254,0.8982490164337251,957.444614588529
1.581522159008712,3.401121732547709,0.936776605832982,179.3185779718322
13.787196622059241,8.823526659229914,0.754465544964223,472.70314751082185
34.736772908064175,1.7561907379457136,0.8313029498066665,481.8325051158124
19.45967047844237,9.099837939029078,0.821344608508372,404.68789562965605
17.356203724220244,7.510353476791198,0.7058379884189617,974.8977021699578
33.460949377891545,5.203025831270772,0.7202368719927813,470.6741527694887
23.011696075784638,8.495941986758163,0.9014677242895351,899.1423478400474
29.526944710049484,6.644665138223051,0.8190227434455706,973.3586771427891
37.573888604467825,5.1949666218533475,0.8477033080837407,566.8511542180531
33.31711241705831,0.396134577008924,0.8703815993782753,200.51801061958946
23.333000283270948,8.838256412473433,0.7300313388568724,782.2621077837078
28.474781737258994,6.042244322302938,0.7215851836611311,164.4934558426732
15.995549990412771,8.363355891048727,0.8314637298173567,620.818885237595
32.72701108570701,9.532830524902009,0.9402537605876723,478.1354090818205
3.309595104466613,6.43573081720639,0.8052401312063512,987.3715273099388
27.56250147524861,2.256245326863834,0.8292052606766838,80.15130088375
12.671052129719731,5.652584028456918,0.7748278150012791,505.7176531502487
0.0,3.2768303411824293,0.745504874764396,353.73133732199665
6.930576631065381,1.6771283983280967,0.9077958601919465,187.1625380704525
20.044570066138768,2.979349716864481,0.764462653140104,653.198656402943
6.127678771269516,4.357901034927238,0.758254683679692,623.5379754997774
18.91904175030306,6.221971374214884,0.8813752711637433,55.75588815669402
16.08315680408808,3.5366127760004664,0.7386710164382033,831.5582852490217
36.519916034315074,2.5722795065268906,0.7597451329147334,805.5703229305719
10.490739337468835,4.917752059013649,0.8900755772539966,588.9820454909911
0.5680788421546243,2.697551009008556,0.7394176592997818,710.5983512778214
26.37279174171471,3.2690304637707337,0.7638255098472552,97.23854422243124
16.448078775703017,1.1993682310505265,0.8059019863041055,248.91573568608146
17.094924366285326,3.2241076220373084,0.8198659698696982,951.646246393452
23.421910147804336,5.600887806545868,0.917662404361674,305.1072204635627
27.146490307976077,6.821846686811885,0.7220969009099126,746.494408916929
39.15610386778706,9.452304562110156,0.914438232002266,166.93110285717842
11.577544803291177,3.5568672596248403,0.8671801487641353,319.20380748171823
0.0,0.2892100023792444,0.7797280430050503,519.5020955350107
5.139415526245364,6.24535327277997,0.8463884277194376,478.6038935282041
15.923918819713899,2.7844462152557274,0.7769463192779927,353.20134610406524
10.134674259646866,9.247935259200949,0.866472482783062,160.5630020610283
2.492048456221493,4.040045819671902,0.8973259579116348,820.2553440925627
21.704549048084917,4.898778946357871,0.7071621941185855,556.1059107280314
0.0,6.217711508476864,0.8112327679613096,700.7049455287201
4.845627621702257,8.741793697348916,0.7317115433151677,946.1912590657279
29.4536470918227,8.525951303256813,0.9127248358424005,974.1126016299354
15.034082907832055,2.0045463725666557,0.8251587984489761,879.0952175590353
29.79097894601844,5.069507895905956,0.8192921286706892,925.9961272829842
35.105113459217556,9.644051251686003,0.8540728957960383,304.28065099624746
12.919689977711824,6.2063538704560575,0.7132249138804031,935.0726635363416
12.446448189407754,6.595775195305038,0.785073912052809,624.9907195634133
17.80661532161685,0.820589660489761,0.7850384066643836,221.20021870709655
34.44993141347694,6.510750299909459,0.8341181063622337,395.41105121637764
18.81189427861352,5.499225975483248,0.8193161101781268,741.1419006572625
1.0708550634437426,4.2057361564410485,0.7174382525530083,373.96489568196523
9.26714740645252,2.655967561919209,0.8621622700872154,221.34979409611603
0.0,0.26820550556880784,0.9451117925036012,119.29648499496452
20.035202001871458,1.7647781945991388,0.8939803698267916,592.765920697918
29.190232185009084,8.328036729354258,0.7920835724410428,398.30229766222214
19.695508408270715,4.611668046855776,0.945442579472588,707.971047742094
2.871184068045192,1.5096252095541218,0.7878006875731638,261.9022661245797
13.206139422646945,4.208347678763533,0.8172778592254718,726.2502810707472
35.71043807088295,2.2198452446593544,0.89514801243826,323.3889962230378
2.9319717493807866,8.09826786451865,0.9417794394638845,417.56508890522366
8.238932533951331,4.005825990070028,0.7452878691333501,448.30026139041854
5.83070039302212,8.920237363907015,0.706094501106498,466.8192388995749
13.299033300286323,7.41189930069544,0.8717994865923843,374.5972748782168
29.84074471556383,3.9061433452313903,0.8547894400806394,511.8563469823194
0.0,7.278136189211817,0.8811999613194681,238.64558515108527
13.108243407573141,0.08001657902484581,0.760955289840059,129.43434016065353
10.291926635207268,7.07525252215031,0.9318978882284585,57.454630156180286
24.980204261418095,0.700612515471634,0.870297316074857,499.0522289206262
32.56645222359708,6.350307379041006,0.7021637699268618,243.88708841174588
18.971117591333684,3.7752466486892975,0.7956359012446527,836.5056480588889
12.143965306186518,0.17952294626498497,0.801948449353322,936.0305724667622
1.8074422122397502,1.3295909677322229,0.8405164224140977,314.38154649400764
20.027497654303147,0.13185895816950713,0.8864648057829716,335.1318835075318
30.41294934560405,0.4598140347624343,0.7861138906816569,724.5595828726457
6.724070390646757,7.250358898004822,0.8339843201247545,931.0160967363017
0.4013566294542633,3.7280265681689704,0.7866188409427511,933.9379752689922
23.12200869740507,2.9958879600026664,0.7498679010896793,221.20512065037667
7.834646446783883,3.737439043328895,0.8412713034463375,401.95904381403346
32.939597167462686,8.389434133890996,0.7948740746677341,853.2045718338801
14.984594556748347,7.29924918825158,0.7012762997353084,432.09183189792805
23.374099056044017,6.6176467243120065,0.949442240426421,858.5423701685952
7.895399393233164,1.9996683103206845,0.8396564530365926,863.5094158423897
35.45168324647128,4.193138841868197,0.8525534291811196,194.2523459997504
8.16449936053882,1.1587782068036152,0.9477035263840068,612.4521016508938
14.07555389531722,4.5569888632537685,0.9283160761170933,213.9847281957479
21.4355388324104,6.243510275481219,0.8502700084851547,222.98948706489733
13.232170634172759,8.316816436438982,0.7852847422421307,337.8841994663279
39.52836180135217,3.1865405834290863,0.9293305172287871,717.2760094803335
0.0,3.3575818518419283,0.7926988248407634,351.3236468557881
20.629518104417876,6.679041425790302,0.830660637910175,967.8011927357697
11.629805856402577,4.456980421290714,0.9466239746360083,588.278285145277
21.92348176218289,6.851533329710496,0.7443033111818667,665.2096115282449
0.0,9.651468043713363,0.9402554350781044,927.021577395671
6.2572180862650795,7.936536325005618,0.7880269598089678,494.4355717333856
22.726240159290164,4.08363889390185,0.760201623964463,457.83710646189274
15.688558673225895,0.568823042934579,0.8080095419173645,749.1067120623918
0.0,2.3074182309055042,0.8755067223410051,314.3080873229068
0.4599144835921538,9.966666656236324,0.9120147363118729,876.1369353965944
38.731360107656094,1.0372770249234533,0.7782032693116113,380.99983917640395
16.249136244429806,0.9577120033895485,0.7510630413089963,598.4826429722409
23.914661661672447,8.445925922730328,0.9048755426272584,854.8387537421456
27.1143779425065,6.029147158226986,0.7240982762557114,576.8081510072968
5.622873852586771,4.607650906847862,0.8181643866964482,947.1550527975688
25.747206397663863,3.8748190347103972,0.9377711735436478,847.067215334344
37.62221969562442,4.49114613515482,0.8270270224921628,261.0083253049536
22.78427172802211,7.065858786918229,0.8177670665472834,41.73618713132619
9.43526572451436,9.555582178969637,0.7127294871811413,374.73194539233805
13.92098379787164,9.65137408533221,0.861153403846076,748.274664272043
2.0618529563726526,0.7171480613036889,0.778582968661934,716.7810844842218
38.55950598345311,6.61761385518905,0.846190244500245,232.2823094475554
1.928737955862536,3.5581238203479897,0.8299898335030136,128.11479321746904
26.280033822519073,3.3940636458551854,0.7011026167302135,614.6305071208471
18.647746154753854,4.206224895271734,0.8397601673803629,603.4212450136383
34.97967982055862,0.6732294489152912,0.874924304093547,708.1946857830792
30.069398279957316,2.001180103148036,0.8411038381978424,85.88530035329666
32.2363976699161,9.186272853922658,0.9112628703431938,433.9888699857601
0.0,2.2530421948342836,0.8118945927035289,105.31342592293785
32.87803503291598,9.483534013140387,0.740237396542,170.64434273516827
28.73532902942781,1.7048460936323169,0.9480537136668767,107.04912055602921
3.5752938971689296,3.4045600837794674,0.7442705279807134,752.6333337212612
39.235417669601034,4.846983514330747,0.8378839206210147,654.7975785185165
0.0,0.2140674576087477,0.834397720477911,623.3707232414132
14.581832248487457,3.878100011759442,0.8399625809213619,575.5549448648055
23.45838310048223,6.002729673336107,0.8227644606301634,373.4754406651524
32.7947861194346,7.677012691265488,0.7059424894340788,802.8635668306155
0.0,5.233832709164486,0.7805228469100922,828.6774070560856
0.0,7.9807409497596264,0.841514338806258,42.58581288354886
31.905901651168023,7.691620886570953,0.875254718015805,250.02769992006594
27.76700779987065,1.338819418939289,0.7900189291986082,949.1057152969686
36.297439295692335,0.2148764614477863,0.9446710769882021,948.0927425339368
37.31905320543271,2.0574370787369665,0.8760104433394016,881.6678729731879
19.408102399488705,9.341765486858023,0.9194592644780439,269.8516145160425
0.11341818352686416,0.4304887911134761,0.8567543716985973,573.5718054920911
2.504128900132322,4.100495440821693,0.8288467657367572,40.97079244435047
3.536849844225763,1.072879428491535,0.7391158563113989,502.8332272136186
29.42764446883168,2.7244332764022623,0.8226519620948055,858.1956468222576
15.17325720259391,3.1588812972723828,0.7914233080558895,240.04250067004625
10.43111646360041,8.694958883126745,0.706872793294085,383.50944567426063
37.86618795182235,5.908304816966123,0.9162928681422488,628.0823624136005
30.648630447645086,6.541883001192581,0.7705165298787007,993.3017481410722
30.54770420939402,8.384678944919992,0.8157819311766847,191.3315364996128
37.90982113403601,5.078568252383889,0.8756462375409111,381.44002781565155
9.204459410023512,5.700629352290604,0.8108537456936835,369.3386510299035
1.6939090974086157,6.489456194649933,0.7844198160700154,871.907796030989
28.270053896168793,2.113450124220641,0.8392996936842829,154.2833767032553
27.47601515321654,6.39710073085738,0.8824504726217441,703.9495498749266
0.0,5.3439788558887935,0.8278771975474994,299.6451001762663
31.85647165629469,3.14625841401101,0.8055644455460969,76.73663101727321
33.31552802299024,3.837441641005043,0.7086430506280392,349.3152088465107
6.044610268297466,1.9316309262449798,0.8185059665681759,539.12942445942
0.0,7.788830531462572,0.9368410707297179,371.7682020083415
35.49332919303229,8.696531432571282,0.9033595025134351,571.7334024799777
6.471546062793561,0.28443703588410785,0.800765841976176,805.0968291535688
6.36462295761985,3.032271030610808,0.8975375373822396,690.5373323447318
0.6918264285805337,0.687467566510782,0.7091962565120971,457.76019589376335
19.033975861595387,8.21318064789978,0.7628379946287351,807.9532190050951
0.0,3.2732459716484996,0.9136311521346598,895.8617657638722
29.440803563045275,6.666581650790748,0.8294407793657297,648.210463644969
6.969186826855342,0.3496582784886898,0.7457830984279241,562.8693271352854
18.126918929468502,0.45684307623494,0.8582509752385474,462.7780652630495
10.720161054451738,0.9186952103726334,0.7253525975540756,530.2888898461334
0.0,2.584595217273229,0.7684744089502971,223.72459981571347
20.56689870769195,1.1220538255056365,0.8738042376967976,569.9642852950218
7.129058750942388,9.075060093161635,0.7886705554133557,710.3529648629132
8.557528293695828,6.732559060560728,0.8883743893894342,555.678783132337
34.95932731775522,0.47157788691795466,0.9336844539613627,109.73929853535648
25.758628377248595,4.294678507170141,0.712957618202709,390.8498384315742
13.985378289851184,6.815263514954663,0.7763625178478215,637.259626839351
28.534301716017264,6.853091427203295,0.7575687207510801,625.1919660264346
0.0,9.457305917921794,0.9374928850990817,141.9129570131849
31.114922311118836,1.551370663284736,0.7276037852437698,456.96143702007
13.370845586578193,2.759547614854834,0.7744154100708442,607.5937639410732
33.256616533717896,6.655361388747506,0.7461035449269452,298.9802282490593
24.879279922147507,9.935633299415798,0.8772876119452135,630.1727466929372
5.560553534331676,8.381424705947156,0.785658610283089,218.98263429844545
11.923180535988978,5.580508116417161,0.7854795563266668,705.6365373141782
32.68084347778256,1.8232240236395916,0.8457714190100066,561.1391995726199
38.166097831518414,0.49948343205346885,0.872262444344646,347.45607525180793
0.6352764729629837,7.880687107440591,0.8928600636364578,539.0546242108384
3.755676219445751,0.1009493697001322,0.8730569919137285,515.1673158030401
31.76364254544977,5.664621410431256,0.8931333736286727,249.90445446078442
16.089038614587917,1.8955963243992078,0.8446601849313962,499.7551854959425
2.6993274704118506,7.734510202950101,0.7661947068351248,211.06996710033042
0.0,2.8959894038823464,0.7549277260632395,580.5919362936909
29.251165370835334,7.228592850119887,0.9063575675784261,551.2983088940724
0.23316692984236692,0.439913740832181,0.8626195220404818,423.5473736256558
26.442619749125964,7.014539781573286,0.8391490980845402,924.6041182698834
31.757532561827627,4.665435322852698,0.8508624469781197,506.2296723332067
22.71638090850954,4.200583057078764,0.9026245712759492,227.3506162861949
22.742768736725683,3.93976018299191,0.8943842176054424,758.8356047472574
7.797198566106538,5.485866956581806,0.8786022769231545,293.68999261391133
22.039017242638437,2.185464815143987,0.8939849121212453,592.3653725911266
1.9446345934200735,3.2118573344937604,0.9022238189439804,624.434496168559
37.42322165392312,6.319856446721296,0.8781364815271384,170.89592061829438
10.180590321980791,3.394478937273197,0.8244251234552532,435.162449194948
0.0,0.792316074293268,0.7198290961960283,968.3690131731496
25.18041526698476,7.482981748058303,0.7360074750229814,735.562944079416
6.528120099414259,6.109918622051423,0.7292873190735466,74.06216786157906
27.117220061196257,8.889029118452578,0.8401116348654777,980.2835459548671
7.113305467935778,2.003025768882932,0.7125378618018177,337.31335514513944
33.30653460144703,7.822272969778747,0.7197526840066106,988.4845129393993
28.76322527272707,9.032627392732486,0.8960253205300931,673.7581561954355
37.48161691498925,0.9703847123845226,0.892534061232056,897.0104380993607
37.27180792440781,7.139836815653188,0.8173242879647613,562.3848488548127
27.435497144001232,8.388681349934295,0.7030294989630211,450.63271050871015
6.7149990321822495,6.592405502246182,0.7720843760580443,299.0000618044626
24.8686904891048,2.825335186205486,0.8859109259505984,473.52249380216756
21.964335709169692,2.1274396408205294,0.9073070653766409,245.37999476416724
34.423543229306006,4.284145729271446,0.9233782552630027,348.0074935446946
26.553966346480795,6.039454203185541,0.7820746824579782,108.0758497874384
5.768443898070662,1.332235009322032,0.8255695617166445,156.04657693684854
15.563165715199977,4.190927863547478,0.7686414564797286,577.0897647360474
25.291630853087824,7.898537180806335,0.7634089744555651,784.8166152502015
15.601306639037599,3.045569720512044,0.8171194042997663,887.2085734719693
8.37404774108581,2.991519253961289,0.9012739492013973,41.31647216267439
22.433615485811327,4.783442298164369,0.9348618109735888,921.2214942430369
26.46210729630271,1.737635192794912,0.820269759477009,133.57751745830598
0.0,5.348745422081995,0.8139047958080167,553.4009643019854
2.6582238683732253,4.1368763539201865,0.7534738432929304,455.2711810195677
29.336389082982834,9.310490216568862,0.9113355762825069,954.1611726455391
14.791166039325391,4.726329702957706,0.8295031550747346,45.88854532551764
14.954060226475073,7.399975207125007,0.745192663856287,420.7285852178037
34.66092074334006,8.750334345195233,0.9461729932669595,53.931888927872116
11.564303297680308,7.737690269020292,0.8130631703269463,57.72318852839195
30.372594275425783,8.673092830113212,0.9292223749632944,331.55187570632074
6.04746413676343,7.9395240773570785,0.94227451706941,376.7098637194654
22.613451306921252,4.712715372652278,0.7873657137928117,743.6900394791895
22.757364591232157,9.448864812667557,0.8372807820418559,455.4776581348009
1.6289990223378366,9.044769352548496,0.8095152657065356,566.854078263471
22.09066703707911,7.2680192059543565,0.907129248466988,807.7463241733896
32.68242597904625,0.4638971654250423,0.9361213672639043,505.1067537284324
20.40403582425808,7.129910694608086,0.8388118848599421,231.5379479052998
0.0,8.223925425839665,0.7423809182184624,655.9422477383098
34.771277582879506,9.03289035481952,0.8543015180306708,250.56170748817533
38.986795176055246,1.9280678496251564,0.8756463666765435,59.34834456208076
10.794784781362768,5.188881894352907,0.9184114122260061,527.9828753006627
22.99805398887133,3.0978667434599236,0.7846370077822155,557.8414376983077
5.185063020790087,7.933541973306188,0.9152914311948454,285.8056064265138
0.0,3.9671577188286946,0.7355797018341046,140.73305724888638
0.0,8.629990879735258,0.7274194318979262,973.4928031447342
8.814199277653602,1.0118112473747052,0.7828723470668734,352.3875807152091
0.0,0.7638140049029609,0.7220430621868732,530.756650108756
30.466543201995353,7.343015709863706,0.9005579135565447,820.7838789301146
19.132368834112434,5.465684998456687,0.7992602126512094,269.75834865019715
35.14995940404338,4.3945876977051785,0.7067961849973883,373.5460455862335
17.545946460428027,3.485562726263208,0.9120068717097063,616.2290582733358
24.389252609934726,5.788255921803635,0.7004878164424668,275.23921017047655
17.71354269657097,6.220864674370306,0.7499285228563253,927.52590511661
27.274941019608338,7.609355145372448,0.8682190660530227,874.9693119173621
22.078811678413892,5.6061737763070045,0.9403264774206831,945.9604541442029
3.4816806180179833,3.11805207422163,0.7946281314780892,764.7280137264768
36.02035086879739,0.06212348763879989,0.9255506219805669,804.1541730002187
22.047903756768054,2.8447590990030656,0.7300697514088289,872.0693995756268
26.494705250271636,2.872257882266879,0.8466854946427204,850.5894685933766
25.36585717435936,2.3061571459957504,0.9139700898690551,308.15177597774544
19.427401704068796,0.43932307808779725,0.7689919436759329,279.3293303701769
4.155028295404489,9.20902433180038,0.8507866316592018,980.4605227166383
20.803556556988553,1.4620057834410618,0.791211871246479,155.5666105212599
6.52675364126144,8.351770763516171,0.7186633089907268,61.04103890278463
35.975147672151856,7.552066413341758,0.813732112044546,775.4793919150098
0.0,7.055483308015425,0.8796059021138922,832.7254559663577
25.283829209439393,8.331908049265135,0.880362794977346,515.7991999024348
11.477443434093862,6.328617884126531,0.8901312333315181,928.9743335722059
0.0,7.619369445370437,0.7913530528593129,915.9876570687402
0.0,9.439571509014877,0.7151494967524822,572.226525015768
0.0,2.4829347110105053,0.8596469470601654,999.9663270263075
13.984340655084916,3.836606057409221,0.9220350059381822,403.9794708424261
39.69036482001358,3.8985194975415194,0.8675899739216237,403.8147830895339
7.998087005618923,1.0299557188935962,0.8731623041392078,779.02681800898
2.6434331575237873,2.867477212659036,0.715380337337056,598.2627567781828
29.441495969742437,1.012071622560877,0.8104504180699695,82.82413908979112
29.137190803178687,1.5635604258506817,0.8079599903101019,859.5494436247757
35.91377488666607,8.577951751716228,0.7493066098143536,931.3426045891258
38.9182723325461,1.0726856245082947,0.8982688582497661,693.4079379194231
36.695236056477285,0.7262243652495298,0.7747804992908266,378.24454875121415
37.37717590112513,6.989186927329827,0.8012503491445294,441.12204391331153
15.107152970866453,1.2661579848287916,0.8012435214440115,138.5114657587977
5.08184131345664,3.637686736539729,0.7393981322002285,793.4753098354805
0.0,2.491009949804629,0.7487458132132445,923.6752444436813
10.407447516670338,2.2535680659561304,0.9140252060400792,507.052067283334
28.25987590203097,9.001056915263568,0.8052319337563509,611.168194679291
0.7746172293654889,7.7460825288569835,0.800986745206289,526.7975325081418
38.83951185497655,2.1417118285401786,0.75457300428853,381.87857102990523
23.805832479952613,5.458415340837147,0.8798674102382804,199.84104565863157
9.66048021963849,9.28484543042937,0.9373145856398983,798.0792224579546
5.269592880222874,3.087781026804159,0.911159401293101,979.3859722248625
0.0,3.4168983190231725,0.771828380043377,646.2500403885688
17.259964220922708,6.322584026575612,0.861154459937797,588.0024046702557
13.326088489744158,0.3845126733944971,0.8235348843419182,153.8384624663321
7.632674870305296,8.65304821855111,0.8397162575309978,557.79845711685
22.52212215899721,9.34122140373032,0.7858370681875936,318.5946964304142
26.99118811798986,4.8574600915842066,0.9456997190459249,618.2176686518015
20.22799481265869,8.047008747604693,0.8636493560048195,124.73553326875226
8.22921454133937,4.7159479370534685,0.7830776910918851,981.9138964700797
34.106111093498455,9.450978677271141,0.9008369407331601,105.9703352255633
29.187856025555703,7.917470215131211,0.8451747232568179,733.2726623322043
0.0,9.271144492218198,0.917142034972193,362.16233954804756
35.52486320126678,3.9450092531054977,0.8562280342607212,960.4997047102528
35.00032575011736,7.641368881623094,0.9005274883481955,471.0643947136009
21.29278261266635,3.68784230421736,0.7137512420215604,205.88615613446225
28.250708748729636,2.192020183116306,0.762097694233713,142.43809994085123
24.222117006475354,1.5836154216249345,0.8562018737624664,166.3655493305945
39.86617639173675,0.947897331520162,0.7379593683717202,207.19851492783482
11.51947937365619,7.69425975478644,0.9045546143103578,124.59526132308599
36.340498671933275,0.4577236790927269,0.8050197482340038,565.9729365821373
36.33603371428619,6.235261353895578,0.7901887691173577,825.6825468583021
16.392159947222947,2.2601190525382084,0.7690673838084756,675.4182047832036
17.561997961559026,9.603560160906694,0.742477663036221,778.9381155146036
6.114148474057243,6.985807540901718,0.877631155241393,108.4173799156575
18.702424610129494,6.778995965263007,0.7925068734700234,908.9666033926418
9.437360169959854,8.601944131936326,0.7151322941360787,868.5579561190756
33.318569668254284,3.5236905105459817,0.8576244158336261,371.7786711711086
0.0,6.990326373210973,0.758098925205261,838.4702440196627
23.65178250222687,7.512781296804369,0.7000873577395518,862.7713063498642
34.17601315350276,4.432180660481665,0.8918993093132336,377.0305891091465
33.60023650717506,3.874891979963484,0.8933820797183926,214.76940140931907
37.58919173306369,9.707943937771313,0.8441807693359046,698.2156893678946
10.828033873607518,4.219582717746401,0.7601505721949589,830.9672079172069
0.0,5.071733701759169,0.8347422510568613,111.58746066389017
20.477103664021865,2.9190685614640346,0.7121246494643818,690.1170805072508
29.29863550319686,8.345591817937004,0.8331058644654804,165.71745804037903
18.608851712875065,7.435605466601712,0.9065272639837842,748.0319492505961
26.043467963490954,9.257788301513727,0.7938766344088571,577.08067667973
0.0,8.922706062103689,0.8216373199776992,692.658594240583
26.597877532983354,5.400732805279321,0.924920067709711,70.11046497024047
13.58339804043449,2.091018224867604,0.7533795136765871,545.1191441251586
0.0,7.455798025691048,0.8186208355122342,73.25185506584762
0.0,7.705270676432454,0.7162822167497112,970.1732491417204
28.1119685852526,3.1445192897725867,0.8852961167967992,777.6337463307377
28.31681204755011,6.517316648334421,0.9226162100507597,330.8558602722302
23.3729614275261,6.00425477758068,0.926816312488238,161.2177365640845
17.695147192852218,8.620108914584604,0.7358901336430568,849.5500857178141
29.05955117676942,1.5567761595186795,0.929183470224533,152.3150556991697
28.7926062578728,0.14027706762348094,0.9455268297439364,835.6329634280806
8.831045497415428,8.711927453957717,0.9125367621072719,136.86884343786463
9.458195094976226,0.6948513724931296,0.8554042961305874,481.3295544994968
18.42796785840454,5.753821100185954,0.7149114802948846,990.6708613730284
12.76403957910039,4.525230976003163,0.7114584679178181,593.7777676261361
25.29994217661435,5.629102934093667,0.9456106743751139,577.5450991614184
14.673503793057936,5.329725515932326,0.8574989592271774,185.031974615916
37.73589802099048,1.293794192577162,0.8563264392482175,417.1159816960743
0.0,4.856856230963858,0.9236645439648347,761.8163901535561
0.0,1.8836576218581684,0.777058674529939,635.919596997301
11.75002573806978,4.398587511015893,0.7873491366044731,232.46467195320616
12.018891160945687,0.3510231192328221,0.7318096529927267,424.43653403313334
2.156004054612949,6.374520296330448,0.7269205149119378,713.6169244290569
18.73195490613204,3.052092485521975,0.7448010682274826,701.541283312453
39.60658250849471,3.6434163757192506,0.7173264464770059,319.46277504209155
19.582885176318552,3.0362130691130926,0.9008018771616892,624.1165933565043
16.84803838390674,8.683189569001412,0.8924891324087894,267.0056179099815
0.0,6.447381253651847,0.8887786358869878,281.27355096340636
20.37942111186927,0.3855095143089544,0.8059585152532286,584.6224606542252
16.819290077782,8.079016804882743,0.7466334538004198,390.9043327736336
0.0,7.353196004516241,0.7854168898277296,205.76897985691915
25.47030387615752,1.8657412119215304,0.8092336083498824,401.04942250148093
18.835217723437477,0.10709913706246002,0.8792862336725036,50.29836445239525
18.71664283121326,4.708250354829719,0.8964789875743152,516.3284266302147
0.0,5.433005330342779,0.7899305118312367,355.1311798319238
3.990203358420047,3.462145343950359,0.7548588320969776,988.3624644783362
0.0,2.3074133097017633,0.7628465432179314,342.8434969589401
26.40939637317086,1.173136702901548,0.8634995158923026,623.6234303859111
17.100398157904394,5.138541990565569,0.8218496733791991,733.9920925665427
20.26692032563525,7.083940584297455,0.8048653125957658,387.65526461011245
35.94204739353274,3.540812136443971,0.9476313606129904,988.9235971982323
20.482556442602608,4.865952329010604,0.8631184748616304,475.7143416672154
4.137242833831624,7.996888786095511,0.8435067776689298,921.0497828325904
31.56044465168516,2.049840541727601,0.8756150376647278,240.51786056663792
8.155681045979051,2.796734962432962,0.8308785807502491,80.18986688990563
0.0,5.348965989472107,0.7703457049925886,826.5578702224536
37.69643525858163,3.3710212300433877,0.8756006040123379,788.6543747552348
34.44551528010279,6.127881138931316,0.9386171187390323,597.0233711217222
29.178277703300886,7.424858880919736,0.756745418506714,368.4298486220073
27.596706500837858,5.9599322178992455,0.7106230804971335,868.8804770644208
31.607064367618236,3.4557761336910477,0.9202550782930872,481.19566659519467
0.0,8.026919371920581,0.7667843839401443,632.6818025331391
23.224670084714255,0.4770340719152335,0.8415983513782483,540.6613084440439
32.33307097935851,4.749911035045554,0.7188760262614511,55.25438331066567
29.275258955290518,8.565537674347059,0.8183955389622656,369.82016975832164
30.661472186023374,6.98446617582428,0.7328616880064579,928.0286289481344
22.69137128468322,6.988062909959503,0.7081832646715844,433.4036120866916
23.389097753310498,1.917504676176582,0.8367906265668168,112.8725148510105
5.632079107650113,1.5886987761508604,0.823281440172409,540.856767999207
30.446230689331436,2.4229648935158306,0.8245555598326302,743.8098227052166
35.774569731940595,7.010869156514459,0.8201584527365571,155.5442679259399
1.915362664265975,5.747197819641201,0.7891135630137864,724.5262642077284
8.064399351663969,8.691693171471952,0.7805692653438354,301.05083948657375
26.2769697676818,1.4859851306353171,0.7817939943840221,849.2847619198859
19.533069983028696,1.6324579790047633,0.8085080849755969,574.190323728623
7.746131063355402,4.99116610664183,0.8693315684558286,484.29226303593447
5.379575150993403,7.75635114350498,0.7523438742553057,153.7013454336627
11.369031132575314,3.202673349716042,0.772868842769986,474.8681622063572
2.842446216818519,6.717798835882853,0.8096308135046663,414.1723662300607
16.924634999757433,2.636186340611118,0.8546757003924165,920.7035539205206
13.471836976971376,1.705940138230153,0.7467261597236386,727.4723420069299
0.0,2.377233086611165,0.809516686885753,975.9889983515596
10.975621392608906,4.336652291858217,0.7812440490282409,981.2011690890448
7.855877977345147,9.68682610358762,0.8550955906456473,205.33639211436173
20.343224385909977,0.650988421236852,0.8988405772818657,628.6142753047773
20.489996190127805,0.5124930319849124,0.7219816147640066,921.0908103018606
36.97848563496057,7.686625676233424,0.7108349038654548,478.67463388174787
25.11220147875115,0.693921880506686,0.7385372446099512,892.7535815682854
21.270234735706836,4.982657629564056,0.8796786851873583,287.86900551997445
19.48675554001192,0.5325274956151553,0.7558331723729688,397.89209312483587
3.6192744452792724,4.636790239169779,0.9424104772141338,876.1462189475205
30.120438716589952,4.88721118161746,0.8642985523039325,790.7846616622054
5.205475055093131,0.37299931010980747,0.7250324050392827,525.4038021672557
8.371927365643396,1.9578941255458682,0.9432251104828386,725.4320438085342
20.99808494287215,0.026510497654485727,0.8339200248055523,120.45510222074941
12.285675010264734,5.887635260509327,0.7300451999351185,504.60978454397764
9.553240484586677,1.4773245756440365,0.853353105523787,559.7706908874814
37.17368758503203,1.1154768568662778,0.7271250469800945,57.14056540407668
6.392628840473947,1.706710730313202,0.8734698627877393,820.1491911942892
34.88428245984502,9.03991110338326,0.7310566570745373,154.97591447654057
38.14714943267212,4.521264573325475,0.8256262785131472,215.56200695754342
0.0,1.0302457181217866,0.9307443788279817,897.0363050193938
6.127664502119055,4.588225765581847,0.7547426739809713,483.65027091361435
9.710846253765848,7.593227965198903,0.8919402634615574,585.6432139186493
38.314419416062336,3.7934610102197728,0.821123601101862,499.7319316129826
38.21959955351326,0.4137553688856679,0.8719704097209905,817.0983206215615
3.318512013867345,8.144653214941133,0.9281235172480046,67.86492482883727
28.4955869705934,2.6526853322571045,0.7239327968820121,559.3524216228843
0.1309661669920478,2.447253676297098,0.7555739108093079,621.2234466998258
13.008958392334705,3.521537710778435,0.8394561175690709,41.03658386989384
27.72526485595697,0.8992318295612883,0.7579906936498211,50.49956398528014
35.844472903508255,7.189945300337168,0.8674159619695219,94.57441640743428
39.287654637258306,2.6407219667477806,0.7527216193566852,389.309541946904
0.0,4.8044533872818675,0.717727667443207,514.5409080830358
4.250117427302164,5.110169962355232,0.8478237684968319,52.75054146966166
9.112216521321953,5.096468151532255,0.9159969318222092,345.22486023561396
18.421200685094238,0.05900677652420386,0.8803698583978371,430.8484989670194
32.625092711576194,6.06677204033662,0.7214570772081352,869.8877128299395
7.021796342701502,5.147169853271483,0.8369153263326643,99.90215829147459
36.2697986649858,4.198344312076937,0.7342166987017378,983.514838245162
19.625693061064613,3.153415841999364,0.8367296156894352,255.91713496498554
13.890235156339235,9.997365363806928,0.9189639402279477,220.40310103749522
38.23884343679407,9.687657405595617,0.9440622084779134,496.43085164088046
20.699338927270055,2.698511676243515,0.9024271638329393,259.4209695530278
21.715712351408598,4.892294222804075,0.8329534946661639,179.75679565179303
39.893789370503825,3.320635728583114,0.8198386949024945,85.71870334256069
28.305632754683483,4.512301356282344,0.7688492281936423,425.2558443993915
28.129861779047626,9.169709601173539,0.7730319162052457,870.1331303599922
36.856640291229276,8.745443910946605,0.7214818000518499,491.59132940412144
37.48677442744427,0.4332968295095978,0.8529112840231284,715.6315878283575
10.0398400697816,4.744223004843329,0.7299413092268718,717.0922331729605
28.4508658671224,4.743769502697497,0.829005286828101,616.0335875873013
0.41144769877590215,1.5823615228345904,0.9387051237164359,215.32314506643675
2.0167201407193973,4.833106043787543,0.7602861176253293,292.0819634314238
12.527407150866955,3.8934740429216914,0.8076975140596345,903.1141511994792
8.134231967313564,6.367514307542281,0.8969856745613943,603.0980082200429
14.67755698793368,6.528078380205806,0.7976323673784635,361.1427474610279
2.5434465464327527,1.1028974881084677,0.840106510466713,713.6685652008047
26.343586181876177,4.283801390774565,0.9407474731219378,691.3515380654376
24.767589162403223,9.21545978581226,0.8155529407059143,824.7539995903888
22.95628920034358,9.052474361630589,0.7876804413803423,732.6913389101863
27.444440222685635,2.893105054028711,0.7079323204690895,474.903290722885
30.293727195044656,5.493010415380633,0.9357033044934413,668.6405500343056
20.56468455801567,4.111721531951318,0.9119103495723906,360.35059409176813
7.325934279306905,9.344116181853446,0.7604388051982044,698.696295901537
30.585625784329274,2.9405021177330246,0.8628884515853259,577.756241624997
1.3903625220620328,4.048996841165799,0.7888302138058938,587.8937205122573
37.99586343651994,8.171867965145333,0.8589016754012894,241.00474470240184
1.1163303459369298,4.0187380374364645,0.916632142331556,902.8317131727346
22.04463962477431,3.6143318404340814,0.8621688774794695,926.232433276637
0.0,2.5823673791174344,0.7342314683219423,245.45104190390435
4.132464847333366,0.593043488572259,0.8171093631975701,518.3395156357111
39.865466648884976,7.802925901740036,0.9117746545909191,156.32190759971476
31.248296971995703,8.603193956765507,0.870419650326813,768.9270956810255
12.66265812330731,8.196368719822102,0.7737514154785856,281.9010843848225
17.717469746264666,9.289751655458717,0.9278737227253553,923.5744146947068
0.0,3.853258677775028,0.83661868702545,911.2560210537139
2.590251020580042,1.7316287414019518,0.7967277010176779,389.3757602471822
22.654011112530664,7.987245973192096,0.8670639946686933,175.24739688148225
4.585171112482431,1.6401725398481368,0.7386863912271108,420.0542900608623
23.36645123495675,8.195523340954042,0.7111530176201455,968.7274693422385
8.182310340653988,4.027542413304206,0.7753464666908367,988.9194200883809
37.440862510347785,9.215902506392498,0.8353912042434565,755.5646067320438
27.73831837750559,8.330217672072614,0.7893747574314399,921.622532873414
18.462034047047332,8.036989709349449,0.7013641206225775,737.0253692065735
11.17432095872475,1.639621885201021,0.8480675900605604,411.8283714529374
0.0,1.327456232189076,0.7935387763712306,46.2487813670144
4.708950578720938,1.970901919263761,0.7477723824995667,621.7992694837433
10.810481826272229,9.002742354293293,0.7968037330024426,573.6349888277741
2.4777902163425867,5.777415252115426,0.9235750634613556,628.5956306825698
8.265914335629178,9.585623560948138,0.8414819780979004,475.8072655300912
9.201923291191646,4.062275474679326,0.8289698008982821,643.5631881932555
12.289856509038156,8.240858904206235,0.9183993770461322,279.0104672365666
0.0,9.103876501277528,0.8177901954597073,354.4006786815941
39.87893295284866,0.28619613286668233,0.7806043631274582,270.90894048737664
18.65978038936957,5.914366589641584,0.8569672579956893,245.9697986668512
37.25210981209597,1.9739268329726467,0.7636583092128685,247.0376806987183
24.093961048682075,6.998785497410518,0.9022332133919488,319.6326820333997
1.5059516262263055,7.8011948217475835,0.843782487034853,99.3991119819859
0.325420826938221,0.9591883473178197,0.8231131580242306,433.9339576958547
0.0,8.211661546518803,0.9479418717689956,578.375409382718
7.5881160418471145,8.039894266201548,0.8492961993088094,471.0997892248883
21.045595073825876,4.438365095683203,0.7394411649462165,143.46359595000277
39.86804952565042,0.08013075642658839,0.8842273421356458,467.2998585541057
36.243974476261045,6.564773055868568,0.9477326368879986,792.3215319632441
11.839753842588166,4.38784560013271,0.8806566129652337,206.6294324919318
12.517437804029468,7.870320436298455,0.8545606854313126,191.3645304207556
17.134865095736203,8.464845722091423,0.8249879604313121,876.9574544505864
13.982618612972887,5.187554005821666,0.8235654742736596,171.14860859612628
8.911459471971053,0.7934530379731334,0.8858179840586236,891.2228772277367
0.0,5.996736834339491,0.8793722885935678,679.4236856691238
3.438010935444033,6.946918942280481,0.718696306757188,450.22282696614286
10.699899127365683,2.738199032980254,0.8399628516507658,503.36619436673476
14.02971906238558,6.507767619463485,0.8932581217656266,875.7898686595679
18.290813394229293,3.3682495681829416,0.8376652502324875,245.35476303216427
34.598140799615635,9.901915171642317,0.9032336878363516,541.5284979321647
0.0,9.827429155799551,0.7738353841786736,107.23383503480875
3.8066777743369977,4.583586688580775,0.8312702884515419,127.83516948390101
18.01150402322944,7.335904490442036,0.8237376569643261,920.601248810493
17.10251590642797,9.475836125160509,0.8231779630892067,370.6222721132587
27.04122144162908,2.1982584482850998,0.8651857706222927,45.75149051925585
25.246070706204588,4.16382479583457,0.8874225236204332,870.2866590491952
30.100086084401816,9.78016838234188,0.8022268660931531,911.8915589507928
5.305859696997854,8.908443142315543,0.8614376656699883,463.3737563781049
12.12673102723246,1.050426185273375,0.7861053306650586,926.9529499993248
35.38828161945859,8.732252933563405,0.8432174922428259,861.8907526575425
23.136117003374096,7.769994704817725,0.7512663943819067,432.88085433929587
18.382757763344397,3.203441536045576,0.8932712682234559,288.38669047930733
2.5712872885390126,1.2214828411358754,0.8972927513170836,494.9090465213102
9.714724110099722,3.009289030222459,0.7969542897942093,970.3882198135652
16.58200057040951,2.8339223758657677,0.9132647652679351,915.2193957202138
31.30138127427789,3.709548452241057,0.740573512070819,574.6296029368973
0.4057850012189194,9.712064967722048,0.9065868371415634,822.6633030863117
19.477811144182727,7.438253466456391,0.918332341000168,879.5753306861686
38.55234790767074,2.7303906363376824,0.755611469207306,234.98216698699227
16.271601045180542,6.149541963982312,0.853209254762968,952.7672639550995
32.85552974408509,4.567797258991873,0.9032693437471214,78.03345992219697
19.72722878341532,0.9287694487404107,0.8548575932860372,560.9460773216429
2.006162328563688,7.126468352783967,0.8717416606129824,435.20455932236473
39.03448449369895,6.596784092797962,0.7644648932756697,426.47989514396954
10.314605286114608,2.7107614284168022,0.7087900294711748,717.9485596005851
8.346699595161775,4.387061958192618,0.7804948187558244,892.5152460786921
20.22411914424024,8.931125124679268,0.887993808794866,822.0556015933398
37.85465189694687,1.6347529683583557,0.7738999276833299,871.7004575735751
34.95229168197862,1.0218030237002704,0.7505955056576824,634.4716820022511
13.390258572275327,4.4088901313554105,0.9390284503172773,634.8139154256812
34.899970455579506,2.197665919214672,0.7872402402991143,946.0450681936695
7.7051794548784045,9.578299305816575,0.7699260862353523,583.5696427600801
13.748328159421073,1.8718090812238308,0.9339003073233622,233.8536196711746
28.060967647416685,7.227000003653657,0.9283989911776903,337.24359685003407
24.2828777908398,3.8378234408002734,0.8147127980008362,877.5205392090847
0.7839472673257196,6.224301171039496,0.7097567075787816,278.82871573114465
0.0,0.07066516007425423,0.9295506404618027,894.4140061179139
8.324671076629471,8.287220285451367,0.800645456254353,555.7881330692915
29.022261460716752,5.131018745466256,0.7321051225640283,412.2430170591989
28.402956616083966,5.00002224135525,0.7718480699183264,433.2363750829469
25.45864743197302,4.712365724188893,0.8042024451178181,640.9403948399818
30.276023570054797,0.6620611746917637,0.8994733534370825,923.6995900836345
20.036539378251575,4.621304635024827,0.9128829385784509,154.5936487125306
24.621354874521675,1.547481795211122,0.7938938325333192,491.36735801653833
18.174237067057522,1.6468480197514392,0.7766889235550132,657.8855251986935
9.899867623293853,3.4456147880221333,0.9045853891100881,928.6547294299573
10.27158951442713,3.4933872458438007,0.7625486113745421,700.771378276908
26.303168058138603,7.6253342254083565,0.7099258731770264,247.44402895372005
36.648695253775244,0.19493473862831953,0.9463831299131068,506.07779599084654
2.7839763045084918,9.033229552581414,0.8688644571339574,817.0125450601352
17.03434646535489,6.766802974997298,0.8656591936092047,530.7335578547835
16.233921047728714,9.315731819316436,0.7575901721320843,697.2690440857623
7.910663422082536,2.771415968201958,0.8871615059885611,330.0929054051262
13.372400877984436,4.314237555792484,0.812536790844966,948.8119837887707
16.413085188678092,9.107902905202,0.7026131254067488,207.54811090891477
10.856621383855217,4.030909451419389,0.7932051789454071,852.3587956926754
7.852299170315577,7.340258552595347,0.7267265366345399,386.30731471533477
8.207191042635818,5.0189792455734175,0.829287168433713,671.0213393777271
38.430807178713856,3.7777368092344052,0.7063368322995495,426.249396315742
32.727078861610785,7.7200833394504995,0.8333393138998929,623.510937714842
8.546237951659513,0.7806899196693896,0.8022896762339553,657.5145117435891
3.901225480828597,8.367045774835335,0.9434411195753187,962.7177405517735
0.0,5.886515634707782,0.8752987562515162,687.2195156343654
1.0333741496135076,6.604848650917908,0.9088049258852386,799.4087686818401
0.0,1.294089127340672,0.8172041141816939,237.8232620196687
6.084721354421661,3.5090654140572326,0.8980891155259261,833.9225335626594
16.909110721822618,9.004487443244098,0.845865860864856,848.5671040070835
8.815475841137992,6.607648854988835,0.7050754174432684,694.5678770311526
39.603137361042634,4.170809443102785,0.8838091199017676,176.11179528291675
1.879857547521681,0.5359877658392529,0.8700887004108718,916.375505421293
24.24710084054618,5.772180387989354,0.9069878993577765,275.1138728513703
10.854315279819993,5.639276891390771,0.8104808933519299,561.7537000464434
18.562829491322205,9.856217820196562,0.8969495830337421,883.1840465442814
10.808496526759845,8.623306594216249,0.7728184618481322,195.94230125966038
28.75714234120932,4.433642039928137,0.7689115537186979,398.9527658853162
22.015680098516146,2.9051344699938486,0.7693621499921968,88.37111117734167
23.281060137264134,9.87105416280708,0.7742109552902996,614.0441135363515
0.0,3.8719592289085636,0.7706861642115851,668.4840863766468
12.629718176986472,7.342168145115812,0.8488995965042517,190.64442847106616
0.0,2.758588953810819,0.9303473379797728,127.32889242985723
22.229471980726235,2.4646950942719377,0.7094990776522067,182.69980534392872
36.17799710050737,6.986870057125346,0.7502845480410225,524.5717166373088
10.510543910736965,5.439861584605649,0.9252915795206312,164.36175080061872
20.603774215091665,8.174081745697755,0.8298276413450348,881.2323303368755
31.403062829457106,0.18314518579824615,0.8893672280609815,350.2925402220794
4.305616012497032,9.519239722105738,0.7535223436626692,284.6553138460414
37.37058721923702,7.035307471435734,0.7299097197091486,974.7127094572134
7.471310289452835,3.9351370576720988,0.8277306038630248,701.5957469652276
12.091161406514022,4.503382494792874,0.8209379375224259,708.7803966263481
18.277894841835238,9.432451162460408,0.9181361940484589,130.20371382504965
20.69290699241454,5.557910191222374,0.7340419691075959,755.2421690160642
8.989777123130395,6.521208460431968,0.81383770200754,986.4894840618458
10.583688486390802,2.2697710842819565,0.7954939111782288,581.7817576079731
18.847241587346822,9.547507212191988,0.9312175188670397,289.6163701220629
36.965101705359416,9.359477069481983,0.7789541717316716,821.1090974553647
13.246225907225169,7.211145903895398,0.9108370700583829,221.93057163761927
34.170287959648284,8.970428910589629,0.9025245760118815,430.4037381892891
8.821671638739446,2.2491804351798326,0.7295119840585098,398.3969265300889
15.463519647950088,6.676445733063686,0.8187772409353768,990.6409187851463
19.00142361503097,5.098461498874993,0.7248620052831354,194.85036750191398
18.98049195478592,5.593235189027454,0.8102755029131886,714.1070187389105
0.0,2.3733030676045828,0.7365633370993897,517.3183932790066
37.11424617927054,0.16914092840818598,0.811137709248157,259.96411403283656
35.995977715593696,1.2171251084903556,0.7107683853627523,387.0762619388293
15.622038047431744,0.3172504757850189,0.7474033139528007,597.1831762969712
38.255717605602,3.690053428609858,0.7957754318292505,485.8541688012749
36.24640529743584,6.979692415086263,0.8201227116506298,895.9806167339927
9.450705950117753,1.327423190009263,0.8162981913395657,332.2299117442747
15.32325158653231,4.651349005480188,0.8523467813625212,703.4478416121516
9.279748139260708,3.447651779410224,0.8189258530590319,465.2150305554512
25.403220311636016,8.951654203837384,0.851702913589477,195.65176287813551
28.450752529688895,8.613886340870582,0.7923987132654821,711.7059714380773
3.8855431440791746,6.59094833757996,0.8666256505407339,879.5680836034755
37.021026919060866,7.4902412016262785,0.8591279216968314,539.5936451452925
37.74425071175094,9.63877233915,0.7951669144096294,365.10063571427906
31.45822344661815,7.248866251090921,0.7885212324977153,185.13740870118536
3.1931494284596846,4.973931477576973,0.8316459746017997,703.1302059796246
33.31156474097959,9.973984189935432,0.839284441484685,125.86283094344026
26.765939114915156,6.144169227183071,0.8208622219739905,350.1971387480112
33.98165983533388,4.815325372045746,0.9393469345920036,133.23116230423696
36.478761435248806,5.008792322094128,0.9015753873404689,713.0088080247805
8.155080086874108,9.798330971154632,0.8989131632626298,468.2699587390577
29.06385094019569,2.1829071182030684,0.8660128831548657,518.8605874088012
23.386210049194677,6.422218628707445,0.7180021072338868,496.54141387787024
8.8017500321433,3.832849774655561,0.7664396365984196,368.28912365390687
39.993666885377806,9.469820793073854,0.9435837653797632,145.72881673259982
0.0,1.335729965088503,0.8785654516869836,159.25133333402724
0.0,1.1504750675796935,0.9297182355303332,726.5945484351786
15.421445318508393,1.9794604122413308,0.7819462444045351,523.8509086847229
0.0,0.9067033778880136,0.900432784248567,99.50790750913093
29.738933401252684,8.524679892796474,0.791711540783976,525.2193947634496
2.940358032465249,7.883868637993238,0.7149048172691782,117.35601673046628
14.915288891153722,9.184007788918231,0.8706908898120261,198.6445348952769
1.6256559263479275,3.454686113654246,0.7471838648925685,310.5469885038912
23.582553940150678,5.714524159803085,0.7468120588811685,497.48680053968764
3.5196645674804174,7.406551347328026,0.8509464049865578,267.7164528638353
27.73002082383339,1.66738086057114,0.7454862556484387,87.33354407579462
26.26453286460721,2.0290717574965726,0.7045059912922783,884.8364859662286
1.1354096410982306,5.1279343216831395,0.839586342860047,373.05921224709846
17.30504992258624,3.3878136385430055,0.7902723650010383,949.701579997094
33.48248154781547,2.950531035136353,0.9137559570334313,843.9384665103208
19.11042684079654,0.2590575802476544,0.9420716715508651,56.86600734367971
0.0,6.363519050559829,0.7666529640431439,835.2232990927724
30.918905480248807,8.476769231893615,0.7014430355463528,194.72066384366474
5.779604497756611,8.379267463049437,0.7183404192891316,415.50331596349065
0.0,7.767950065915851,0.7104065029224165,191.53389296603078
33.20280898688921,2.3133259033233764,0.8873236070840207,523.9598495430332
2.4331771835571807,6.69645079658098,0.9473820671570102,840.0516674324298
21.809174156314395,7.271876467451932,0.9463430821458916,136.45741864820178
22.070573196238858,4.818719255653359,0.7324972256280617,784.0625151892541
27.90330138104581,8.08450180692906,0.7513891309484559,253.84115682080426
4.492349310585806,9.768047461968136,0.9041001746930585,820.0487066195544
24.413066405401132,3.4765761890279303,0.8701831516027818,781.0723969542646
0.0,5.773510472486942,0.8422631227058252,574.9486674675312
26.90034308128056,8.002800721077024,0.7637486897882029,408.48193275524955
1.0943495787493809,5.585301831557635,0.8366322714318807,521.3650471883273
4.891298745697594,8.022497764594492,0.9253436110297063,50.317245071984296
26.109684996636844,0.454056559810669,0.8085311022588335,608.7236863258815
10.601391283325801,7.844604765443205,0.7412901054436432,394.2054944815748
11.03737675123287,0.45284296384977923,0.776472891401502,124.10433612098242
29.463665434872155,5.154108651929059,0.7580541678912098,653.6089391915418
12.654251170967605,4.5865869942076865,0.9260591120457133,691.1874356431967
2.8688925146460136,4.729498766953199,0.7197297761157937,404.7117436326262
3.4002009904932606,3.4234326940553057,0.9044624957205097,677.7663503554891
22.835215182392115,9.570291101367927,0.9065936794029734,136.28661310180078
24.403050698560364,2.3455155675303954,0.8343432758927128,700.7568587690471
38.21380281071955,1.6612628482393188,0.7185149835616673,814.3578340199377
28.412005607699523,0.920266392566542,0.808161332963035,148.51601387182785
34.57987128135521,4.864594974626681,0.7727449233314855,540.2015471742542
32.16100962363443,7.054954861856828,0.7336748496357537,676.2489416268675
28.425681724844615,2.365507938507093,0.9116982855207089,233.83641951190344
28.683688644165876,8.481780383575899,0.900749153190345,619.0266299797379
38.00498142735038,6.50370526070147,0.8826112806764352,854.2424834201811
36.042403262870856,3.7657392034152135,0.7921242449705382,764.1307604900613
16.410862923922483,7.510211919141837,0.8232968521513226,251.43230026858345
0.30583113902130193,4.962064584196191,0.8228380837031275,441.6214303871551
20.860520060885644,4.776187027919736,0.80307812543578,394.4014073504655
9.928996005885748,2.2111946456222182,0.7051777167835239,550.9368230743295
18.38752758971027,6.689322092764313,0.8204288498027217,571.8258075857859
20.04794496586426,9.038248608049424,0.7061707760463243,179.47219013226746
17.06970805230853,0.1882997499756306,0.8143794009939629,874.1629046189737
31.48380224284595,1.7852680143617394,0.8436699867569069,729.9067102271886
35.423558569813395,4.246341393621327,0.8935116282874398,297.0180632571062
31.69970229309926,6.7409997977444345,0.7525571546848457,805.947982262502
12.871900054337688,4.654674824929956,0.8411481917537007,958.0891031391493
24.124584613271697,3.040945101516625,0.743494461398408,63.96194097731559
18.061497658238547,3.6748184635575227,0.7930384729290633,674.4695514295431
15.068194766535317,5.764032862952825,0.8681150970119081,993.0200940940254
29.77522210626701,3.8180275291674803,0.7620035472161366,386.7846987440317
12.853124021173478,0.2525250385110581,0.7989057771257293,695.2909440198437
39.415921351372816,3.6978397019090425,0.92906929970874,609.6103256719169
34.10322146973071,1.5792500471857323,0.7845620303421098,67.06234912566224
9.493261364064335,8.86608644604988,0.9076532789564201,376.65071055803367
3.3429895046239815,7.340434022151916,0.9473414488176828,700.9024391951802
18.585363561654408,7.368418965171693,0.7475307715776671,693.7372337034774
14.230010644780812,0.6716161928064187,0.8173986966212035,816.0422648842437
31.297759697412136,8.908368726086353,0.7662327524964896,268.3164200431387
9.918805319168673,2.1338781838635397,0.8087134462075259,319.84130744302286
0.9394522574935292,3.643468214290968,0.8389462297348221,869.531876102211
38.75116390381165,0.6387975676070701,0.7017226504837554,481.77608792528673
1.4272112668476662,2.0638827247974283,0.9279202867349031,849.6902779587118
36.4576936560346,9.4984030038891,0.9273274833566968,902.0807139340303
39.045218156604406,2.9289016710753373,0.7668356365158748,726.6703182701613
8.131337644593708,1.8914018705432294,0.7783120484076769,86.9059697208646
26.871563249448037,5.650753301840866,0.7951948844041745,884.0244272351258
39.95614347266429,4.300292364303695,0.7264247157355865,689.2720957595128
14.312178012040075,6.660394096514441,0.851922999051578,221.7950574254792
39.397305618564324,3.582463127413852,0.8507163376086768,846.0050702241822
8.386249321846604,6.0581191391853855,0.8031668166547952,931.1697042605298
35.13289456871589,0.06540992110901907,0.7613683708054527,439.5616774529309
23.7671370865183,5.204718672504725,0.9181418866110029,481.4397277847139
37.47596339417321,0.7413953182825296,0.7118840146276031,402.0751284682263
28.40761053573739,1.782267209762292,0.938130559741496,767.4555049615827
30.42593017796005,6.319864565036437,0.9450736291352588,656.929958080887
10.182817155016478,4.6460313624216365,0.9056748326219184,45.14195949328592
5.300331016925752,4.889656092393353,0.8381206981087422,451.99554798882326
36.657379373966926,4.976966114460218,0.8233319980943304,841.2889173581052
0.0,3.5693912455744767,0.8679589503884707,702.5182564878248
8.815645972931943,8.661303005031598,0.7052703808487378,819.2438604600502
30.240212172469672,9.186632194317095,0.7873548088031137,548.4227402003612
9.426581445087864,2.699247629248183,0.7710699991188175,695.3329407998838
0.3166639710623217,2.529218463398513,0.7229282278892668,488.24703303115956
30.909806616358935,7.965190177813544,0.7764774191418552,654.5984229763372
4.293797067500774,3.320700302835456,0.9408974291660059,779.0879397758971
33.82188620973817,4.473506413969365,0.8778964232220484,317.5947518815623
6.2179149496123225,6.439437475030164,0.9221738119918159,223.02684116256546
0.0,9.34703206233048,0.8341835426729931,474.34419935526216
28.16871667303143,3.341851568397874,0.7553335399094354,134.42929294500345
0.0,7.153431279914083,0.9462772140148558,634.7498679725534
30.65253271734206,2.2793184140931877,0.931078681634463,515.4483581540615
29.12344346899614,4.124834615404902,0.8338897193587103,729.338992553762
32.5436447594354,0.5417630270284612,0.874836213200138,979.9305726514493
20.65601330299278,5.21908005754781,0.9231989499677069,283.25319108855865
24.7706833213854,6.09083055540835,0.7104454283702872,753.3955177892498
0.0,7.716440453712488,0.7263319677802293,564.677106643263
7.339556629665655,1.9691629514593143,0.7864345602774447,778.1379993306884
33.00886587425517,8.834241764124084,0.7623396369239688,160.45764413574403
11.250071556630829,1.7818520296430638,0.901015262435682,754.5665243028002
38.769559121528545,5.134291282464766,0.8123217770378154,743.7949714796068
33.44690393555468,0.38656821105509226,0.8302258463082056,270.640541587753
26.428397326856714,3.8902184102838855,0.7713878172508707,523.0425020571422
0.24186973475258627,0.010320091237660095,0.8133120371290349,233.1324694993965
23.494851804920636,2.182838494165972,0.9443916991795199,273.09303796410467
29.55261677219211,0.9893788504445704,0.9019363039078695,354.26646001284394
24.473682854942894,8.980154175927158,0.7084256062552927,730.448696893469
26.826565069959663,5.539762972873264,0.819792141612181,397.16248908293255
29.82625593558697,1.2091734360873279,0.8582256523409255,221.9651165506276
0.0,7.0624600689411805,0.7964771525353853,763.2096351462394
15.274233954670875,6.13614718198169,0.7851446031601289,251.4020986880161
13.423407092830319,2.4314438229936806,0.8672622232556713,546.6710225728107
8.772068399626882,5.597482249990241,0.7127881033809382,342.1996106970648
0.0,0.2874351348821153,0.908194237837296,800.2800665122649
31.094522939135985,3.221026121613427,0.9118625009759043,799.5877730583669
2.741298195173652,7.03937446041874,0.7198317278022925,906.7176360681917
31.510312823946215,0.3374145112320856,0.8477580927668469,470.82093966537263
26.383760605558713,1.5560579690804026,0.7094431232785408,894.4018201745871
38.918253230283874,6.407604587136612,0.7669588740435461,133.25056913815146
24.64874235750942,2.360771939257928,0.9429931376511097,270.195872937122
38.301372063102235,2.5078587597059183,0.796429291847965,168.7669405505355
30.376609653896143,1.707528009926332,0.8038683347449823,47.2112379646482
4.701024991883022,7.9637377358415105,0.8463383439690066,151.71404986426805
26.225237843886376,5.19288616894115,0.8942748924369248,980.2737049213442
1.0201237790209956,8.389747333076011,0.8364475832659884,808.2054652037423
4.850197536419353,2.372088678129964,0.8227771911704731,963.7432279784933
6.444731267067278,7.067631848724479,0.8434076980785508,174.05820023418184
19.51173627390958,8.902346905114506,0.7598981492691528,958.0078148020914
4.37773233782069,2.5436350454116954,0.8309355524289556,139.16783773071757
26.921214476525147,8.223153206670293,0.830141123481138,326.63835484296783
6.806359408715774,8.468800328207196,0.8020514566707077,76.0037441061629
4.756081092228185,2.926107183715619,0.8482117903492349,895.7454266028537
16.00057232055017,7.324959037308286,0.7055091533327774,507.95421349814984
29.965638847860184,2.4686205373658847,0.9051571730562209,231.14261276127814
0.0,1.9647856018674943,0.8381469864581201,170.82141966258706
0.506340868115468,3.324555006788993,0.7305197209897246,322.5703890285924
36.014583809591414,8.143231511650965,0.8333130065956338,308.36827566218017
19.867925094614908,7.37776846681027,0.8775972891796532,105.75066331646457
27.930984396590883,2.516718079779885,0.7910158587784257,332.4382138635277
13.725720671270308,9.475618766247141,0.745708330684503,396.0290439461856
25.111978993009476,9.889616191111985,0.8622708594197526,572.6787977867183
35.24340231668858,1.967312580890981,0.7578283483886167,818.3650515711687
31.996629395428815,0.7813813539839761,0.9069858225823035,338.157560808602
26.342879417501567,4.707288222333695,0.9218336008900794,617.0624038530026
30.76381613416156,3.6210295422525656,0.8642010143410139,145.0140855458221
12.07322591338596,8.272074324281249,0.80970568870403,87.18205980183299
1.1392910017344464,8.585367434405862,0.7498551949977191,350.3264263039288
33.302224007454285,9.2827926206042,0.7155070507744092,186.63582867327548
36.255133453705696,1.574128290632471,0.8820027970152331,196.46061974066328
29.480722421503902,6.8948200604652286,0.8350559328674612,644.8067622931753
13.783758058432321,9.374780002587865,0.9272313434804842,747.470187797471
34.05567211041141,4.114526842333818,0.9475142747707074,494.81269685702773
0.9301766236535614,5.6670729681243985,0.7845796766917206,892.0856906941062
32.701298040909684,0.6048424216472243,0.8507196557233345,775.5901483427662
20.87532759086929,5.6200601997573365,0.7291651646249222,473.4241952452491
12.667382855456017,2.051872292979957,0.8104967136817731,323.43674950556766
0.0,6.552243472134423,0.9224052916371016,499.167423229237
35.99771520612825,4.746948134781404,0.8456414023803639,680.0004532070742
37.33719990970399,0.3704015969397515,0.8281398225975783,377.50403857723893
15.157386961483292,7.731832708048383,0.8210858351409985,325.8593603762876
35.80598866475051,6.296351491829247,0.7290151901328432,579.6719982351805
28.876654383833156,9.430122949830514,0.718929044203666,305.02115615445217
32.54052952395225,4.5302698394136725,0.7034319210246456,184.71334545553236
15.814750307312991,1.8145770619244614,0.884258703468001,217.33764503822354
19.989824688169094,6.699472455459156,0.8264871630881532,659.8696403246524
23.27472475206449,1.1715745053773001,0.8756990895332992,753.1222279756859
20.17452367189066,0.411843239735596,0.9058266185248705,611.947995034182
0.0,4.846629181100094,0.8268552257398869,540.1498169465801
24.02642883799151,4.154342296440384,0.7945644102252232,674.0734669011393
7.298340401723281,6.223067204023526,0.7279672957045449,694.4587085356388
7.393201629253467,4.629541648749036,0.9328986541234003,311.2154172047332
20.44392482374893,8.702975925034364,0.788877677146402,772.9033156545778
31.976408034380757,7.876746363941015,0.935507296712935,395.6952594858692
5.863497976803496,8.416107319139142,0.8305520388864076,598.2270259715714
9.303559178497565,0.2922572526092687,0.8083529100618747,909.589761562909
3.1255849129626325,4.4623174032379085,0.8874169149918848,861.818310539989
36.37945082524131,8.359384547052466,0.8081338018661218,729.8755666684814
34.479632644084276,2.9324484214465696,0.9208327257789304,883.8868348653621
6.173626276853908,5.70631706270282,0.7155861828709351,913.6927092192817
33.50127334843803,0.7614128285569699,0.846270684376163,941.013932277806
1.8868685257339275,3.5627971192430774,0.7296958548136883,56.53269107705789
9.769568114305711,7.153678328091799,0.9138605852528108,433.31855034216807
30.588771437309358,7.098057260082279,0.8552374808640523,231.44407126286382
0.0,3.8729960979379405,0.7991918977506975,337.2676145831777
0.0,2.9602788509959668,0.7987171621874792,125.99706683240353
23.068312746897604,3.127174150914892,0.7692973810936622,69.72953808235079
4.206469924172742,7.296069965488337,0.7312402130295115,553.5586475729051
30.631608549880852,5.523015964650253,0.8956031456038125,772.9430263580214
37.269928701179985,2.166643670152581,0.939644410846827,583.6127564386501
27.01864045384162,2.983466397428655,0.8959502162468016,165.1440360817034
20.08256452661556,4.509964102669628,0.7336730037626853,225.4722279573903
29.223566310846603,5.42380645570529,0.7903363235963946,681.2334894133467
32.13041063467955,9.75864356942887,0.825299901460946,626.0255995672896
8.753708474023897,8.445651073466284,0.8939375314787947,117.5889979313055
3.04661212023082,1.6483908391321052,0.8168232628712941,781.0145333568504
19.934463293140507,7.636483393965479,0.8258376281746179,745.6815374905584
6.598150833676264,7.224993829809947,0.8339681769801116,947.908116122335
0.0,8.77872951181521,0.9270469182088885,795.2823197857598
26.622791325522314,0.16277538734635558,0.9112537211204732,402.3958161246676
17.212917792904403,9.306432220306592,0.9355947482818674,98.7947367326813
11.553128062959251,5.898975351610375,0.9291487361706986,427.63216854960206
32.950593243215245,6.780866913321698,0.8307099171357075,877.7560749996928
9.064445110507892,3.4070733420898587,0.787295571173011,444.43988608522653
5.983796523862092,8.637285149530676,0.7796838545352232,568.0676857978191
0.0,4.203734311604718,0.791398935727508,118.18573403043196
39.813861747802605,8.266452197116287,0.7060319336276595,841.8954768978542
34.66565891305883,7.50439134502938,0.8343561226354071,655.3980035177755
4.143785783628509,1.1477321418386053,0.9007046476813128,257.8255000964406
17.306629488630122,5.586688669035518,0.9132270244675369,257.6838113105197
5.515690223076103,0.09021077572904647,0.7219659190621097,463.46018184769184
33.588769725948865,7.022845026818927,0.88297979392642,737.666081116484
2.737882558946226,3.7001983560026286,0.742480109268329,444.8465791168673
4.204892710957243,7.435209014802019,0.8199928087711597,287.080407539841
0.7331683592515442,9.141904027818942,0.7595294034874072,209.5290356327783
7.591372015075043,4.385386374302772,0.7590531717557844,158.5664836646091
17.304772101401866,1.2408585226139377,0.8855703879398646,709.0720821002938
6.9721393903425515,2.273085711704229,0.9140649603983537,404.9559462531294
16.723809565589423,0.5286451778302078,0.7457705380700475,314.0174337199307
29.717910594947917,0.22565338720636557,0.7030687447042048,507.69181047629024
22.056135039721628,1.2128756688344793,0.9144702531846225,892.1029585399998
12.965325428450017,4.700861078640879,0.7698930847966003,779.2718724518461
35.32729242389636,3.863644857691776,0.8918510360731842,680.8439778773262
35.122605412995995,0.3169505291334526,0.7071777363259695,590.3278163552076
9.535759703807344,3.0333448294069685,0.8036093836542687,316.7798256673037
34.17028249798839,8.16927710181671,0.7349880260525046,432.1791648200018
15.967225872877409,7.935335319449645,0.7356376796110655,963.6735603910123
0.0,8.168468910093768,0.7883722246667367,572.4682682443349
39.16778555936581,7.610845248318712,0.8821970133382162,895.6363377507913
0.0,1.2929152527364904,0.755295619818665,704.2032869862695
18.134197984970545,4.400851544380376,0.7075284809315323,497.44145453496174
24.299359048502083,6.965850449516196,0.9424168205356148,356.30168674362585
0.0,0.6728912137583248,0.7309586354969843,88.95318622349234
35.455702241106934,5.455263380095442,0.8137226844102899,97.0960753735821
23.687437727473288,6.952537072564927,0.7276612139888741,365.3317931962375
29.87064796070893,9.783534084067897,0.934312656213597,304.3634931896455
0.0,1.2072234346182515,0.839539020740343,92.01027519842462
17.247942428511553,3.7243543482445167,0.8241702426809356,882.5918798251763
23.654578699147002,5.074743610359183,0.8881389869288032,380.8551765920471
31.498899403286647,8.954388349463311,0.8417616364337591,620.8096586897154
35.07400742626918,4.151403565684577,0.7777967147969601,533.5959138521541
6.559273391401657,1.8475533495672563,0.7559254221464856,248.76530614299378
20.72284154689948,4.825466554896529,0.9087809698481071,343.39227489149766
23.263734920515592,3.4516077944504717,0.8294875157932614,425.98854748365335
27.8549265317871,7.928106834728018,0.753289948835434,979.1210721583105
15.583072075467701,6.769600952906157,0.783919365220639,579.0712014755804
0.0,9.654578062743374,0.803512656301056,801.0527690514474
11.851429433524476,0.7848942720716556,0.8234060748618887,956.0964030675908
22.27299213266144,7.5826302522963385,0.9163039763139063,950.5137246348094
32.72718735408699,9.296470296105618,0.7751569388433562,680.902192738718
23.078658157902424,4.932793788081741,0.7391453725742113,554.2915555620831
8.047918402055044,5.012191288100591,0.7188832494714279,530.1596795725092
2.574420457305807,8.286304520862917,0.8524158621010992,336.87525875040967
4.7261838145838295,8.942652554370763,0.7277993933818194,300.21235695163733
33.70006565336612,9.785417864793606,0.830216474020683,256.29770247576687
1.248828086486694,7.245243176574387,0.8799632042850107,387.6027736331348
0.0,9.58011519419457,0.9405573768539148,938.2945180953193
21.890190930396543,7.856474757460625,0.9314310946299109,383.42772887257723
6.324499538957826,3.1997877934894756,0.79209873050655,703.9384802611326
37.00098572234366,1.0062353841685465,0.7052511961804908,569.2464105262019
0.8724605906371782,2.6796061986140978,0.845166161634497,260.1352907727361
26.14234440176331,5.4200625841120775,0.9365304080775165,865.4916761575736
23.7525469869778,5.66033306152144,0.8431274261264503,550.2657483471628
29.429373468134916,8.19285688108977,0.9032650667245199,906.8301346003839
0.0,6.38643174527629,0.7669374332808842,919.3880621245136
0.7163819677224559,8.36376582912321,0.8184043266231963,319.2214478062645
2.1637516062151056,8.572404644757428,0.9285742092904349,562.2385606745269
39.41507789582487,3.1906336042981214,0.8203113819845949,661.1831612006507
27.9063806199282,2.846631060272036,0.8556603981335619,955.9789233836344
33.95886104721005,0.3724366768948283,0.8110185808524963,952.4477431494412
39.94072106144296,7.442270083192104,0.7599864001561307,842.7641989833653
21.41334188739158,5.2874140219703785,0.7808077635729702,995.0539621363348
5.196000113964782,0.5423951454917866,0.8872084749659825,86.97559873850892
22.78033208661161,1.5726893605716241,0.7677214834558586,488.9075865612017
33.12694115689571,8.527001252255971,0.7499500776711974,242.52205898811644
10.24570936121659,2.0029594647020543,0.9479360635784617,604.824921078532
15.049780310878441,8.099918971511196,0.7225401156650662,627.0369452665843
3.2692217003014097,0.49277274533535376,0.9145888326422714,630.2300377156769
11.06156552901933,8.322659936694901,0.8251694209348157,689.9199492563467
36.64042979996779,2.982370711854885,0.7890433458147584,153.17325735420957
9.65474524099881,7.111020532535405,0.9262498815399431,595.1050369595449
35.19732918956314,4.57746539984219,0.8722917848206055,589.2005840754066
19.404986770455093,9.71915725721724,0.9487556166030887,938.8250470857214
7.045241342434923,0.24405420747331552,0.7196203963645397,733.1633428085978
5.633785292768009,4.741977745864771,0.8830255824326928,292.30405594731815
36.5820948279689,9.241730436737283,0.9436620495315136,457.4822705988403
31.240670355136384,4.107496847361284,0.9020602921947123,323.44961277030905
2.366512803856862,2.408392030861268,0.8564191803790397,383.1014845231379
5.007684757326916,4.465450822972485,0.7573525353002252,587.6865006463651
20.884998716067443,4.7496393986229615,0.7326541261281035,919.2621165752408
17.03907202499065,5.534512796048346,0.8819251928395011,894.6137443619235
3.2732115468764875,5.935149880271502,0.8737776281557622,495.0632774278298
35.891512486653994,9.381203982995515,0.8582026409193612,699.7668683214868
0.0,4.655325529368288,0.780067695558454,268.6562318374338
23.165225695994618,7.371491577303096,0.7265818924225301,686.0589679968252
0.0,2.3600524049581395,0.8914038174378278,43.20822606850815
35.225022285143275,8.641192779918546,0.8663625827730348,817.9294628462692
27.766838651624948,5.523122993503292,0.8052225893506298,352.47943753780487
25.10870501611288,6.88123581262897,0.8764736717998645,716.9716076166577
32.25508966557938,9.122420114456235,0.7386383311192066,472.9860875544315
33.8405654571449,7.556287590447988,0.763156731581274,803.8837865885073
8.97751329923752,3.8421987805336997,0.729016738275942,377.92281621156656
38.31920311132844,6.937387577586663,0.7952418079635676,350.23061025544575
2.817198303396705,8.269686257410457,0.8596609543297115,931.0891288473997
31.49210517379972,5.069822334662769,0.8477801395936575,326.85497109986886
37.880740007144205,1.068993443508358,0.9469025471900273,323.00265109397304
8.79026093274211,3.284323440511071,0.7123168971405317,261.1037749543353
15.569782381429375,2.5382373349160487,0.7663984601791085,376.2704453797572
16.767122310450592,0.9595115017687849,0.8242764369659717,922.8565433985523
1.0310594283567096,8.821163298705754,0.7304348968891724,963.6769118659344
8.552991805999138,7.771923145801959,0.7369893604347866,347.921185729381
30.22960857419931,5.502132972193465,0.7374278747065166,494.20739645306026
0.0,9.20877769140919,0.9418504057263665,455.879422218371
20.025167316228288,0.8913770220291453,0.7647061807481358,835.0333231112858
13.006769404160634,6.84131607564053,0.7529916821039045,384.2105557890746
5.942875146502645,0.8308755614096741,0.8777134603472169,477.41290867094074
0.16995031666942592,0.32113396000227773,0.7182411858498599,445.3555327499431
27.308169875850048,7.327532505582377,0.8104033954032882,73.2238069389517
10.344813639536378,8.336329006075944,0.7010591248527701,553.1659573854805
1.5861714183929725,2.1287793183190926,0.9458186746187096,285.4934962214089
8.443076927895541,4.404535252499208,0.8552608994472307,958.3843695239784
27.023842349142804,4.304054265703154,0.8521308967128233,634.2452866965077
20.094487454771592,3.9723373412712832,0.8158921848761481,698.4004922732776
17.831419822697196,6.557067521735101,0.7627162862130543,894.8526530838509
4.847041983989034,3.6898634606631413,0.8995551625135986,709.7389151347908
24.557453919767987,5.459613469826446,0.8704603788227845,910.5933762621037
20.296830316047473,1.057567096741651,0.733722032143072,844.9373508523506
21.052992062050063,1.0179760289650954,0.8157772340395091,412.9942447197181
28.353751963541765,6.0156659023969326,0.9393460081573304,309.8277232838193
30.617249731876075,9.627586641185703,0.7939976274966837,842.4294963654128
16.70467432437475,3.5338718555454385,0.8927839837159095,586.4807046525688
0.0,6.849932183327407,0.7181359204699587,923.3132732869024
34.752400502188216,1.0732048598291792,0.8183692217641847,685.5179426092807
15.742559208780293,4.594754028601835,0.7429790152958544,976.6698853391199
28.048440407465588,2.9971544631483384,0.7961895962405453,656.4408571349506
2.318593380339909,6.323202196757013,0.8278600807869513,74.35335100028908
35.023120382875724,5.1155732402805825,0.9095986072908137,861.5801103925256
12.375225451262489,4.274973226195701,0.7408130687099094,555.3219807063457
10.162578597628507,7.94556289363588,0.7730599478335105,431.61227787001275
21.515566042719477,2.775949869771907,0.856241925608535,915.2975241815332
8.786036437350733,6.200807969591207,0.8560160496918766,245.46008470320882
0.0,6.317637906268999,0.8385420649218183,341.77630734080617
1.3259312516834338,3.2978046784380206,0.822893469475205,106.18876319237526
8.740582244491103,1.8502042764664344,0.8385945845847911,147.1750510251548
32.278469309168855,2.6142276314307993,0.7385942687374618,351.82261987676327
2.9534398622965172,6.973370661341151,0.8135875762340965,642.6274617743229
0.0,5.212903135549966,0.9444756040991619,697.8994888483959
17.502459436407243,7.098169216396124,0.8217310780954464,202.77566653265222
38.61760785459264,5.362273736959347,0.7205642296454735,342.2895464030074
20.613310701230507,0.7605068451356964,0.825636077639277,351.8130498860517
20.063339094541874,5.0984799246610395,0.9306548423826585,156.62608253721794
31.3957228691325,0.34881384373955643,0.716157286719751,596.5792849206249
29.985981664343353,4.0279636387476785,0.9120118913953964,876.4855678110818
0.0,4.275828084923723,0.874084365145853,617.1568629859521
39.90978416836609,0.46028539091230686,0.7632876666082439,719.6357988367031
22.947729539747872,7.907340770926654,0.846945265218966,63.76055118224581
19.192742712208027,0.24789125834067346,0.8422078941170437,908.1174160979635
30.112550563054448,8.670834254736022,0.9259726059520528,383.77524216718524
27.426411234461533,2.8585655952026436,0.9166156810144608,53.72118596755204
30.84471749806922,5.751146886887037,0.8830094122209445,534.6280002297048
28.881648084060814,9.303125502444733,0.7435877775855679,332.5301284604479
34.01389292351927,6.049935384447453,0.8644736489796231,97.05762470210982
4.138054572823302,9.468206305462182,0.7503060750008662,458.90320077396717
19.032071736047737,3.3226063466765328,0.7825862571312567,415.1118305664982
0.0,0.22723735192359582,0.7685280683074809,182.28922280968072
28.483408887971084,8.74994817741773,0.7536457600252535,863.2704272542074
3.494560038727606,3.9605417187189365,0.8259452685451881,550.8711494535148
1.3820377466318539,2.9686178483499996,0.749306751178613,865.1416276512068
37.89576145582948,0.263711939016478,0.9251790919739434,113.6330069894822
35.83683368859792,2.5576201115411514,0.7674019730403853,89.8850267031461
25.281474593395917,0.9308669263261973,0.7265894333925034,484.3812282452966
27.24473289488579,2.9272887996611465,0.9244377466577507,841.303101780716
1.9387699453847052,4.430181299035621,0.7944224036753298,88.15393043948663
11.139859651239599,4.509441679244714,0.849324803776415,833.1201661738994
15.746632934993094,4.375634191728989,0.9242555362229056,80.58725406534353
23.61781871197104,4.078182709249463,0.7802871740713425,709.0778173940846
6.469479375104334,7.419376396938592,0.7759022483749776,730.9422246855365
