region_means,region_thetas,region_zero_probs,region_lengths
20.62997592562004,1.7976553302403622,0.7449828873448583,380.7283250281828
8.823388680364792,1.7997477904471375,0.9129921415535744,206.3458159197795
18.05696570567098,9.869483054818208,0.875777030053875,684.3251188142463
4.94667959732048,7.404498911573657,0.9284477429249727,916.5192166902764
0.0,7.201699479087611,0.9387495186329713,45.4978126403352
1.6148004655202162,2.267440865089998,0.8207407642350808,192.42755783114256
31.589344506880096,6.948717055230147,0.7450100961873807,159.20375346813213
0.5959597456170965,0.27822694475821347,0.8526322963457994,126.94214414284417
20.954050571532246,8.02489522353813,0.8306301813799323,72.4749674603585
27.113826333838823,0.38892024695420363,0.8417772009970835,674.0162831844161
13.204020425576648,1.6535487002621718,0.717655472155319,941.2890869741316
0.0,1.0394524912840417,0.8358180656260914,741.8865578515405
37.81740897830091,0.3263810737411469,0.787647373702427,182.4658323711687
0.0,5.623763788506167,0.7842940797249737,310.80082363348015
32.53877242853283,8.555205514411574,0.8693398192000804,655.9543394933997
32.86264028334379,5.411597956934268,0.7754693324997449,368.0751784339156
0.0,7.530525509868023,0.79114954591786,704.7160532375048
15.959172214991652,5.2313425636027855,0.857354548227538,398.07046779966237
0.4557176211560288,3.9200653083222967,0.7525033336341403,109.32832587020596
12.92103687305115,9.835291337992267,0.902864758178427,462.75838591681475
12.459081250743122,1.5291145450347483,0.7066575284826301,776.5974313507129
30.084742047883648,8.285416073301029,0.8205802122508663,961.7447996020716
6.64933520397185,4.066602186658481,0.8285534099145115,576.2488595504443
12.089027960285089,8.270461811990689,0.9224851827672587,179.6682647187457
29.126727865312606,3.4630671716374466,0.8492058584182276,152.9768246551992
6.118646834195651,0.35437529276933605,0.868329345644326,390.3895593052171
36.3163373188015,2.7533142109827,0.9319703400004109,957.5271908206059
0.5824846274606095,4.411549518375446,0.7735293195465862,72.75180003872528
2.3053177322009395,5.305137803283264,0.8740162708467274,435.90735103367604
0.0,6.10828464570887,0.778203121160171,756.7234195144051
37.58344323644424,3.6399381885370055,0.7119752986164498,896.0180362724838
9.55221593483893,7.903197665616377,0.7060093438353114,944.9660762801657
39.706512213276476,9.655999756086818,0.8887791561310723,830.0569302922046
0.0,0.3072488013202096,0.7660941914314807,565.7963684921654
37.62681506732977,0.7901607294097496,0.7763118373132386,733.8421392588685
11.815845877576743,2.502511655760131,0.8570959158682419,80.89170727865081
39.55468763240775,5.831730907721219,0.9371085469334182,702.0793719530953
39.48754897930782,8.344669010839311,0.8789984323394275,580.2193066320539
0.9190639606308806,7.184967695466369,0.8234257275945351,313.3562295502568
19.02977261012065,9.398244926335927,0.9280239086660425,260.7940650319684
24.352652192184497,5.521547679195589,0.7767638499466104,746.5743199961155
38.813660111810776,4.197186242869451,0.9051472756142571,327.40557945147987
23.83366081323465,9.22055036661644,0.8445772014297948,331.2409660408132
12.376396347574742,2.291528434562319,0.8658591413491341,856.4931662997906
0.0,6.519496603531309,0.839856235700785,726.2800851285475
28.484810995940013,9.25574444860042,0.7631057004748905,909.3164726974456
26.415717403655954,0.6309671236086819,0.8520814199958712,367.83763352289606
37.500589492268745,3.7717174006417045,0.8598773770632103,703.9462037995049
28.4415124193996,3.8663301262736094,0.9401401567920675,945.1939838703108
23.65691783570901,5.463972096904398,0.897723490957138,582.8294594362733
7.703115847839104,7.673439006986008,0.8806060388825484,256.7706685949771
37.25111943725754,8.540105306410577,0.7265563289313673,439.83727222432765
29.181172041482164,0.1062148384488042,0.8401540385500875,909.7201848429975
27.82800327914446,6.155555469846718,0.8341969479229031,295.5056496271879
18.465581497278098,9.53476651317779,0.7379221853366088,660.6132090794007
3.4731646930756224,3.8780451367468403,0.8805633172420717,176.228752546752
23.89137851426508,1.9981923904564713,0.9326048459692191,103.65554783467462
25.137759602595104,0.9846632500338269,0.8399022686503951,78.96817685918215
34.20461867225237,2.0909042996634435,0.7091560323289995,221.6461862545823
23.744542029156417,6.2912562686633375,0.7935844496748896,337.0818926754351
21.415839474018235,4.545141685156069,0.7809471687398066,225.63006680756894
0.0,4.294096108907102,0.7770036128094864,144.87417425505686
35.94049547243506,3.6277010778421825,0.7646263241871893,976.9954546173377
8.333167624787333,4.912668385597022,0.8012444365230998,68.32970660142362
2.061146261631521,1.4071518223639932,0.7200276242345776,579.8787395340564
9.585221163357122,9.492551861760402,0.7441531248886076,826.6992385319666
34.89815130337367,9.146614733897149,0.9289097187320454,704.9955181320015
31.777813067641517,2.497897811551385,0.8848421390016852,437.49334920786634
0.0,9.549089421520804,0.7249738376354844,193.47720899459742
0.0,2.5452962314511787,0.7365308095491581,891.403904275756
17.306846838443498,4.8110624673610545,0.9257911011451784,368.05021675903
21.917401423237138,6.409185781607749,0.807571506361899,542.0933679913963
0.0,9.631452737360032,0.8891448606183708,462.8822538583017
17.688819564198944,4.8352199986061075,0.9254833643368375,563.1934564079663
26.626366364436993,2.9630952342318655,0.9283791416897713,193.1466098814298
2.2302473025408385,6.451738525166616,0.9239794585285442,750.2930245001169
28.31515252553335,8.708070330954923,0.8779089205081985,123.436356254403
5.099967515262726,8.414520398487877,0.8451501692663665,667.0961156589971
23.26623909287088,4.089317668857827,0.8507574884678901,911.2901382745822
15.755885341819472,2.2416658785016796,0.8974195787853406,88.13774812518719
26.714435114467726,8.822094732416515,0.8501060158200746,111.74507078006289
27.168695318290233,7.136697584500897,0.7344861384380431,417.7529325215785
16.763154005960516,2.542056446242672,0.8338749106164369,104.33309252258101
29.017610345576767,3.498724164242221,0.9090759977009455,245.7370991909357
31.65128377263195,0.1751361266907115,0.7932045965726031,936.497009895851
22.797279061012844,5.6077639411238165,0.861556944489369,418.8190211482815
33.949435520988295,4.077843642105738,0.7757886138961496,388.4388536781692
15.206264923485246,4.503430871342446,0.8360558327365146,563.6807130803896
0.178307699217048,3.5882734776826855,0.9013582420718727,914.6527724012958
3.606829871342826,7.896819743390537,0.8257104249547721,258.1290218614496
27.155189940156504,6.649496952935424,0.8626379799577275,905.3604125417195
15.063157397866156,3.2185949079481255,0.8728287685406707,219.77454839455703
29.644511128436804,8.059333457492176,0.8573793881242433,145.76859099003772
23.902569247297862,6.584784776367588,0.850440736167076,771.6665733527537
26.103173949863113,3.9343940361911045,0.8480238699029862,441.2520826978383
4.216684382102169,8.04676621267981,0.7300193241899462,723.8356625322733
27.882406794105826,9.240684575315663,0.8932285197468982,596.8016327030359
17.04395674926101,1.4962525054765,0.9264406926893967,422.64974799283124
17.824916027291284,0.5052434745143056,0.7619131672881457,691.3866359482583
7.444197685522596,8.346389046600901,0.8897808012018511,475.9211281593045
19.67623314422661,0.9705955881339036,0.8258490366119311,561.0113475243382
2.665950888466134,5.762417992125521,0.7711385732111677,390.3598402240932
27.611231687111953,1.573324479842194,0.7963678425777732,352.39640153327605
38.371633894500924,3.823051208104674,0.7007925774580529,439.9048728142086
20.785040604507394,0.45283087980843506,0.9454505731179501,890.2089810719959
19.394411725851377,8.446524731697066,0.8620810658443517,565.7319290828756
15.82408129825159,8.461179732919053,0.9303046858463522,739.7958541862165
2.199252490939675,2.198011343433145,0.8767106070293292,267.1715641238657
18.081749846270984,2.321250497028291,0.9397724461117013,98.69938069067032
26.48314749666502,8.303653254109694,0.8683977528751969,518.5916167139884
36.21040904615159,4.740641488772371,0.8420510200200221,303.319105092825
19.351256262942332,0.9724900187966092,0.9379703323822283,853.9805763115592
13.341652860802318,4.419718454200566,0.897786048312359,905.8160130745214
1.4678929815128685,5.351890948883024,0.9347080786611268,98.40643697658808
21.2353680149067,7.043311158736155,0.9224905584318394,775.0186854669873
28.704980961581867,4.810249372561356,0.8107545820108447,779.6167165319911
4.18939485300218,8.919884832637,0.7172312975071476,550.4375930126632
12.438189195805805,4.806716681428729,0.9195932649892034,326.2144963311736
0.0,2.88399863966347,0.8336779701537865,787.82329452812
8.738198206273715,3.007108047788452,0.8359467902494283,380.69331743692555
18.99489771871403,8.127497005887365,0.7536433916922844,735.2903560493119
2.837597733050932,7.342980076788726,0.8478069629733459,701.6846577801548
26.726328298138267,4.387440496239675,0.8440742208665434,958.3503704509642
0.0,2.562640659525847,0.9044114608613432,990.5309433253382
23.954847514379132,2.594283618022837,0.9179766696281997,980.6655101975863
34.616870881869964,5.939132127412118,0.9209308818392746,89.4455110723622
39.80287860132821,4.450158063874088,0.8066017887284497,830.2876355342205
6.2621682695810215,6.0094832664330085,0.9022038539001394,667.2607794056077
20.020084231103873,4.404594975150257,0.7785061569728693,625.429927228336
4.337446340210386,2.8739877447438427,0.8758798885573953,949.5417779405486
11.243427724091813,1.7078055151123266,0.8448671858608608,380.1982166346323
31.699617014603646,0.9638243327834888,0.8827413449518055,555.9318082328589
10.864216298383692,9.976509116198836,0.9111626954637585,102.5689682667165
20.342006081787854,8.44754869764333,0.8499502083400396,99.24546465063742
26.706153526071088,1.6045307825260757,0.7195670538226364,490.6548000559467
24.144135005506563,1.788518343402035,0.7398043090732291,279.0163172259046
28.69273857507896,5.914993007355766,0.7924981247804295,899.5547199977323
30.70700223912845,8.911397859569975,0.8263835265842966,343.1458842775074
17.779515184605945,9.883566616064687,0.9452557103723362,588.2995741901036
33.085654485613226,5.218544927114868,0.7224236090385944,518.4141097619689
0.0,1.9654726370439168,0.8139891946293962,515.0245617109388
23.01240359144467,9.152654458747607,0.9431584757332789,679.0165058591758
20.55494949234513,4.6169795886254645,0.7505993986862427,526.7871017551166
14.879376251624793,5.1258636211803505,0.8615816156334146,741.0350932883365
7.161015860240852,4.752685110496177,0.7750026535562808,911.2982131184771
16.539444058742543,6.1509376999422605,0.9190229041194461,664.1505081036574
0.3454992796982406,0.042673399827251386,0.8706374019278876,986.2092477864671
39.21946136793299,9.05095263841033,0.8446563664368154,861.9066205560091
28.150692484983114,2.666596380692125,0.7788844604972904,205.10978337177502
12.920394872040587,0.06875518185448054,0.7614085978168993,930.8688308758451
8.554460434211942,6.769545186778638,0.7238142896781665,574.7860720897394
28.414528508225917,8.931727440251834,0.7708404358863972,523.4458286167601
21.752388512110766,6.1581145641086605,0.9291409046789372,388.66638662447025
0.0,3.127611540646687,0.8112958449419834,520.3739225401149
17.455133886038134,3.345261792089867,0.709266513396194,758.6281605915995
21.667986745472636,0.2047584293144601,0.8635408406053696,125.95244489296431
4.356585024920869,6.203649672955672,0.7645261926107296,727.9362852192072
0.0,6.777728055137693,0.9416870692900023,470.6770611540519
27.4354274607552,2.669356376373011,0.9113250494542585,757.2178985622575
5.8158794834778496,1.1925207789217573,0.9237596567233436,924.2009897301093
32.692443906389215,2.5670579447979476,0.9350895853764756,435.1612870368331
27.259962459336815,3.275099617249194,0.9006233107881438,757.4977519511497
34.547487660020394,6.887023928559055,0.8355214834377513,284.84058667488995
2.8319189281900625,4.3961359679714915,0.8237409305075215,398.5187463113083
25.261372930690438,0.7291639113138897,0.8896743166133387,690.4058028096485
5.604058931080039,6.435335515622765,0.8431322714854347,700.3331248077055
27.537453631865286,5.368450443526858,0.9341819106731162,120.19238770367792
4.879838629819465,7.866027729724114,0.7897791541278374,574.8972120879861
36.40981272321649,5.184118010388955,0.7120384776268233,773.7400149692
3.4304195464764202,7.183252534800241,0.8568415432250516,425.09766406474813
21.42039541465942,3.2182534858734155,0.9098475447247717,335.04511336184044
12.233627306947378,2.183632473699998,0.794944549934084,621.9949172107846
28.252615917599908,5.624542977708458,0.8286674825833549,418.75085364699544
5.433694029282954,3.550067628368802,0.7070757436739274,55.53288693502353
15.38220890150786,2.8617860552618573,0.8157870915235133,137.59438410672192
0.0,6.1858182501857595,0.9045944257242016,809.5808440625317
39.38535699638088,1.7392223618621454,0.8726543626371561,998.5182548116637
1.401046484463092,3.4846164470254757,0.9244579271933088,775.6690328679126
33.7626955461213,2.4098627170139904,0.8634071595663275,580.4134169539019
12.12881821217711,3.5617475481644996,0.8758269624717681,380.6795439371022
33.91493723996738,7.084938540371877,0.7366577942046479,613.0943501183024
11.651629278403353,7.900832569409527,0.854223940572618,534.2180424069102
12.369397731337115,5.6661512986603055,0.7385918829389122,961.1204086165658
12.506304815730747,9.885722615375055,0.8322759313429656,940.4750656190428
13.338115262467653,0.9156150918625363,0.8820056945609163,258.55923828730914
16.091526775194847,7.632279817624384,0.8640008347846792,569.105646620538
29.83568562722176,8.535175849842169,0.9461108823180702,194.10115080347737
25.897581792497604,7.650901870908168,0.9142268357547166,466.93453413475976
0.0,7.241918334449633,0.9170047015360349,494.05746242967075
0.0,4.697369243240933,0.9438275636351162,490.1422492622351
25.31526532298613,5.459842211047371,0.7593371701206431,577.8702826207539
35.69491909197608,3.4382965305105118,0.8258281295529786,922.6217559140903
14.107382284628278,7.905720971178608,0.9327440294518327,250.13753187388144
5.495973656347822,7.923673269830596,0.7366643538495072,543.3233316162108
12.343757457003521,3.6738470813329216,0.9366288313310364,741.6144420438743
20.040521878432273,3.398064676030857,0.9429673598956186,962.863714436764
19.473579877538228,6.049747692655303,0.8724164509037229,877.8046395264339
15.873007473062316,1.9431695854208826,0.7524733283463368,322.1758862516917
11.73783150812816,5.001097256997955,0.8055324740467952,430.93836976017064
25.414985690446443,2.3022697166655317,0.9431603314365412,900.0925722831283
12.53731665453798,3.310524021311932,0.7324501709351305,134.40000949683184
37.55494663810182,4.567145553769514,0.7811752235456187,593.7167485277346
33.150957494704805,0.583802525244434,0.8657091745905569,866.1122368862686
4.206037086854241,0.4434691661155731,0.7947299871176544,255.4444338753852
3.184229028723557,7.3349360630279214,0.7591315090518632,710.6622721623163
18.180002115233748,1.5613288731826054,0.9449420037319951,759.8594227146751
17.22883147190065,6.731145131517095,0.9455721229029623,784.7486489277317
27.091976178848054,6.275317000450382,0.9063219550732753,341.77028007423155
22.47733120095405,0.33906817814091567,0.7739843770529934,884.350322829218
8.600439787279903,7.0098890403736585,0.8640029172549533,762.624418859751
20.756639598617184,3.8874124119917375,0.7140071108303783,546.6021959131003
15.976902020609181,4.735581981851538,0.9338928093531785,900.4796874626871
12.232779963000334,7.547138361185465,0.7152976921091327,631.3302227936837
36.26301658326912,9.354622348839378,0.8224567630181729,976.587482104789
1.138798822958822,5.192984571685285,0.736428674451044,271.56362277167904
22.1904832622332,8.049630053212141,0.9155838419415697,479.8879037644156
0.0,2.2471584841064467,0.8180179336885577,837.2390115988646
34.28452990083753,1.5889351166287138,0.8910797246142431,59.20682002383433
2.1208971437805704,9.187229333910624,0.7141830269598538,339.3476033033819
35.06592980098165,2.6496925423796123,0.9067716100390832,453.30943423989663
25.586785913570015,5.725763153054197,0.8524366487269213,273.34859563765986
36.274112273366036,4.398226378424727,0.8994465733437751,654.8108056388191
0.0,2.8452250833295882,0.7189566002555241,486.47748765830113
0.0,8.712064534377955,0.7567199731957119,852.1081131946936
11.692389451335286,6.145908845771326,0.8368527619941872,50.644195801806795
2.6267153508961343,6.1058189581200555,0.8286017196712865,468.2032439433522
8.125304083073225,6.798421750808757,0.7214791290938517,440.2445001913605
24.96032589879288,0.8372012399976453,0.8770127174391561,464.4234098559956
24.155496671379836,1.1082886170423307,0.7476743887784278,381.5146555565331
4.454673488386211,5.098578010848332,0.9171974599451577,250.0250884949869
25.98868860019144,5.46350668366608,0.9097497123206879,318.05124867928447
15.882002360414232,4.291083093907184,0.8337543184336298,834.9180894070957
10.364249914331914,8.277303080283415,0.8940477310625937,101.76007582408121
7.591012567797213,5.748543659276066,0.7539126250899923,295.49753754624555
10.312646151317086,1.0339346924694084,0.8146787388028585,670.6411512558377
30.391294390691296,8.748932271124826,0.8294969602757214,703.4242221532669
3.915654040578457,1.6048096777386711,0.719109692697651,74.73276808219228
8.804306835428598,5.661125460587818,0.9452668040093499,205.40526896520362
0.6006381703564224,0.2691766013953836,0.7525206125762439,925.855836078189
38.94485966808443,0.02398881293621142,0.828763142755802,306.8295921420145
38.39817573063906,5.923142302884763,0.7971783020181405,488.95429402430415
26.376565747696496,6.6758110208079895,0.8251884570464331,841.115092064683
1.9350800572669107,6.50380969639728,0.9446961626974486,211.19784970616763
0.0,8.091508989370128,0.7154155207484152,880.9604517111336
8.045984078992296,9.581511406145093,0.722161548734453,314.56410217016764
28.424468007180383,2.8995062664663456,0.8966179175148845,303.5203196916421
11.659962103721092,3.2061849467862147,0.9457300161590716,484.94010553456565
12.646036910825638,4.287424225249352,0.8179879890624524,965.575734626355
34.781607645048105,8.505905253965741,0.8389252744924384,189.37131034834192
22.408167862903813,4.446516429886264,0.7512107017843555,930.3422342290504
23.47648540551242,5.908530928128077,0.7160162884052599,539.584445158974
0.0,0.17278996141238384,0.8261111402058501,707.9640313541607
22.121853887259533,1.6434175882628077,0.8546899093956142,847.533523449033
7.215854361859141,6.298072834370586,0.8346085472084991,123.10624022831199
26.89490392024622,7.191850022436084,0.94284662436722,876.6667148135481
4.914699619323836,2.5144778720400898,0.8498677968695723,865.7917189865611
15.171918281545226,4.937712342297152,0.9411875657868461,723.548912748579
29.807781186687546,7.76612948785918,0.7402785905111341,315.6648120716558
4.96782116380253,8.718991276244541,0.7710313950934993,84.55945733299106
14.123113894229784,1.9613789223656644,0.875801931917823,823.1546397182892
4.533031171455487,0.5386499837692219,0.7716835770021695,801.8439865449899
11.475950548727724,8.134963950343659,0.8388184996363126,260.668975814345
14.40592917421586,0.794301342810286,0.7373515793577141,876.7119250707385
22.1061297313479,1.3764023397057226,0.7637424156062447,337.78581037116635
17.811148104694674,6.415846501363653,0.861466868781406,937.7345404001636
28.780149705747043,2.1138289882626546,0.8109067624516666,707.4792067155992
24.05211544760032,6.351041792548805,0.7104437507243516,442.16726081709373
11.92250187391029,4.301968378036236,0.8288981365969506,773.1847387276634
3.519833861527721,8.90135910429822,0.9214046024187067,627.5756946984477
15.948810450232848,2.6677116043385065,0.9116330328948361,226.15404925571022
13.413821219117004,1.4721130372165891,0.8672121527176483,851.4851258251401
7.036737617861156,5.522091262223577,0.8220135281909321,989.6077582073403
32.156917500915654,4.725320327342166,0.8023986751872487,243.961251663826
15.713779972537637,0.5789499995878233,0.8716478036753683,349.1647453951128
39.85337953157821,0.7075596216150958,0.8306625904458868,479.93018991902915
32.792769722403214,9.499749319117655,0.8958544987133353,544.0321019218972
0.8690237331621685,1.9778093222783852,0.9213107098388763,277.4289191998115
1.3143268159487627,3.7497281490908665,0.8983925048949389,52.06101884267799
5.766352389016352,8.631089530818986,0.9362256169322303,594.2105903085059
22.880284213119786,1.942209096011917,0.7262559134355717,531.3056532869198
0.0,3.0072117315745506,0.8968992380243495,489.449695052338
0.0,8.738859777192278,0.9244357192095841,183.13418042985734
28.702535881568657,9.780690215974742,0.8153113495600122,384.48731512241227
5.29107570041789,9.605519437490369,0.8344800938771285,561.4538787972544
31.381936127082966,3.180970051294064,0.7457089979811458,363.14351354291574
37.72907132679628,4.779383149582786,0.9212779778736914,71.23021902290553
27.766416953460425,1.5866250673941737,0.7380424502529862,279.71597998376853
1.6347933881381522,1.705486479665136,0.712815515636577,259.9453300296916
35.986605183601895,0.14859907906328212,0.7637304565404888,596.0440306611736
0.0,2.572681566485058,0.8247008700518119,554.4711739344577
0.0,2.6825126979580878,0.8527524594867084,707.1199456821074
8.437908342061325,3.7935705694753077,0.834938075673558,995.8741285112935
19.588013339468503,8.291979537178024,0.864062736584273,754.4461885276949
19.052309830988055,7.672560685547648,0.7820241322629159,937.9548392377867
16.499154387732172,1.4166886963268175,0.7736598890509278,157.80082588456315
10.356333347145805,5.471861060714851,0.8053383418169507,372.27599367972596
0.0,8.163716918691593,0.8989957233702713,101.13455424357457
11.053545214234173,8.888574636877852,0.7151606309641796,186.82959224444542
20.80283540664195,5.948160805847852,0.7033833279073289,981.449628423667
35.183978384680515,3.0064852707000393,0.8683976868613285,430.5248168077396
27.363878954332144,4.439997171772695,0.8044777711067133,783.2054521976189
0.0,7.775029085039857,0.9289632898424605,451.7440389648591
6.984230179261379,3.017414144958273,0.7591339742415956,416.9674690285927
28.79784100608575,4.310938420760525,0.7418684237992491,902.5577112315295
10.797480395634983,2.38263686017497,0.9338945792907984,911.5714040290164
4.578993027282393,8.07327947104813,0.806663170134841,150.46473027974366
28.87080253496815,4.98862800206304,0.8947809713964303,801.5536547161406
7.948421910608352,7.436147302063549,0.8086853128829312,514.4705963692863
17.795641199141738,6.74788566949047,0.928092716751756,577.2224670561927
0.0,6.541496707586482,0.9145684267095555,540.1637664005901
29.968614929410975,6.2003948931828345,0.8223573939382981,875.2594102151736
9.621765109795598,5.31154633483892,0.8929306003642672,467.9306106370575
24.577395643624477,2.1124574991591327,0.8937996481792777,202.14700806571474
22.912983079268383,4.952466528518044,0.9146011246165897,63.47025605521779
26.48488682030077,0.8355119128852451,0.7097828589735664,192.15990001091566
20.356260386870247,8.849315613427175,0.8823078997407983,323.3100835406924
23.3513981072153,6.882170263071946,0.7831074503537964,422.3340055142343
16.857449499397596,8.23891072506074,0.8943944988032675,323.2394782119386
18.789093119159386,4.860379011105621,0.7039463504038035,968.52806887128
21.693379167662897,9.125815619719058,0.7061129165091655,97.71259772700851
0.0,4.368014616719491,0.8716092414639496,285.71879319238525
2.9883121714715646,6.315727957913852,0.7109633963209196,452.5792070515706
38.35271917991392,3.2350436555945596,0.9310611608603979,746.3533888129392
23.942674749009836,4.556170697469437,0.8312180338832577,556.0925430122181
5.79600064493637,0.08621926963766453,0.9463882208167569,275.0515235792546
13.377994806848445,7.614432500234637,0.7031935219994361,952.214188318052
38.58032128442742,6.599943238462424,0.8553189012602289,743.3911372645972
14.879313881493482,4.898809200641448,0.9079172985118247,376.44097845051493
38.9268991971038,8.277405538218028,0.8190664957435975,943.7493760643554
25.180901639197348,4.4727759806500185,0.888442545758938,168.06958126034834
38.694619402129895,6.3960304500084355,0.9141701903358271,942.1115701462425
27.54527234723434,3.5173312845400546,0.7883099371606951,936.7030676175181
16.242790293853563,1.9647938703980499,0.778544141076916,861.0681051485603
33.47832220603483,7.675625374638477,0.7346462947946367,742.8765663790892
6.820614674202802,1.0286038301896414,0.8816930220653213,476.5969806575908
6.491037291062247,2.9410476202888587,0.8648509513230869,848.0399350968262
17.87643102948925,1.8383061346976888,0.935475327731042,929.7053635201135
36.51437101751056,3.398532795443102,0.8354500061387978,865.5872547670285
28.005672234156105,1.5002441728363072,0.8547081542137472,654.8064285660422
34.556816792157996,7.35335342306644,0.751593315383798,98.2075526718566
6.976013070711414,9.651038542405013,0.8839622875080215,913.205640314571
38.47185397156579,5.331170462763459,0.7192849365745259,807.7748481963459
16.900251274191188,7.85494101578838,0.9234381972342299,514.4992212833788
35.46214392052025,8.368525806122612,0.8647885597705561,423.02414800998775
0.0,9.291453809341357,0.7108490488019549,378.8464860115344
26.040761729608846,9.506912610849927,0.9246107327686557,78.80907113336242
0.0,6.791322112397873,0.7808460263228041,60.34255764562694
3.858524070962811,5.319686438965794,0.7712877905211164,794.9459106069365
38.95071183081097,3.4670880210084025,0.8986612938604374,481.5709293987095
36.46181952981538,5.863271970969532,0.9155372757705074,414.1308251873153
22.443048537578754,9.513191385985353,0.8771545327411325,230.66343930588715
15.411015742155955,5.955955821575939,0.866625277252899,922.9929241670596
35.95451394070428,8.160917635842587,0.7662110604980423,986.3830925132717
37.3383395863101,7.928794016506939,0.760949198841475,61.443426951152276
0.0,4.307550348459859,0.8786502791226787,638.9655374357803
34.61864517793719,8.498873246273167,0.8051380965757928,368.49964026585457
1.7206007616021208,2.977355170944998,0.7754176200905704,135.91043662113165
34.62853133350808,4.257356119556822,0.8210612070978613,512.8090615444684
39.44089723275322,2.2155416460740254,0.9354531897454486,458.19602772096994
0.0,2.086894882197666,0.724469679269689,740.9712449445501
38.38536622358635,4.123737930500069,0.7762104144413982,169.64715760149863
31.526373105753994,0.9804332251194626,0.7175799264679004,635.1866138576783
0.1592528953393229,3.4216082153090612,0.8575918244391267,305.5618870656799
0.0,9.035593536568621,0.786974351837639,474.5269669856159
26.282481173672217,5.38785124175599,0.7909659734664926,638.1551539604354
13.827015387441593,9.04212559894849,0.8054889187927595,885.5816392556093
12.531941125241323,1.93304588994496,0.815633083211169,884.3075888269257
38.21354132103356,6.813899999547636,0.8604580586763279,392.3235260703772
6.876791377448275,4.073721076420797,0.7959508371530792,218.57737685048124
0.0,5.744664915874202,0.927801442571742,837.8653840789858
33.81083252242976,8.665675364238394,0.9128077227216304,348.20616873016047
33.275631634859344,1.6968700504055243,0.7493039444875621,175.56475969505817
4.854900197886493,1.6759949350535548,0.7874691984312784,282.4720531696703
5.157645448963197,7.885741791401744,0.8885712644836505,540.6571745624003
38.89803111389001,2.8580922134311386,0.776849273145511,665.853471823446
33.42849794458134,9.113673476413503,0.9002901372665197,285.45981038881934
2.972262179865545,1.141328282808116,0.7111675484006053,868.3847570780312
16.006270103380697,4.984573127859811,0.8691267037131545,485.3717500400932
3.9650099758655575,1.6291621848011646,0.8149489326347403,923.3098069274433
34.541158096615995,1.6017565279154589,0.8209368086812279,207.46206682732392
37.17130241880799,8.529839687686277,0.8012635061547373,419.49222503409817
32.77922230737513,0.4352125699186206,0.7682337027919124,724.4337878630575
23.43484578506599,1.4210909757263204,0.8419174022115891,331.70880399631
26.061389440138612,6.703435287109961,0.7594536030332075,349.1499807250654
10.622668969165705,4.452446388843039,0.8140793111569605,697.369960568624
1.3517928915490736,2.5588231397292107,0.8584508221060636,65.75438677572329
30.41952674830907,6.785368290478394,0.9230056466364609,769.8245643783281
13.458854988374897,5.856833230865983,0.7482899853758298,87.37130822411999
6.996746297433636,1.295421434652531,0.9248356710673141,205.39584273435142
14.228392025494703,9.567930405745308,0.8213436018399198,673.0860857135632
7.688086541872006,0.9121770040087726,0.7855427944568717,160.57460769557116
8.071915017659588,8.39470533300798,0.7888053274147856,169.64640981646465
24.845813273896443,0.28246838308045713,0.7470680419739293,110.26055036904322
0.0,2.03760242300995,0.8551160711623852,156.16035098865424
0.0,7.732181468279971,0.8259229026789441,536.4940849275476
25.289429239570193,9.730784532380135,0.9304078445447683,329.313915422951
13.55518085985719,0.8817079271977506,0.7085419267005729,624.4246794374271
15.91079547564437,4.263554800823467,0.7541448162168387,212.68712292773148
11.901617497251667,0.7946232349835651,0.8579582553245975,646.486328935496
16.71697351562689,9.578574230147614,0.8634108997678928,788.6415802416907
32.93937521892946,4.896942268087718,0.8995541202522341,945.0224825665945
19.674251038389976,6.153408308905203,0.7126714169662602,650.3429808558286
0.0,0.7306573690977946,0.7568188590843495,786.8908407732799
16.970267160268733,5.174265559865803,0.9001791753616335,877.48221939422
33.76831809575823,3.674757040463342,0.8410305207547992,356.97767379650656
12.538923984458323,0.8768042501033738,0.7218098397791134,168.89847218701794
15.718960945106105,6.4182528629412845,0.8405998917831761,814.6689923934883
1.6747543251884787,6.8191568925217485,0.9433604748873622,954.4894579368303
2.0154935541596104,1.7467218711360644,0.7964873061339741,873.9214692644915
1.3201179478198963,3.087011822499554,0.8320213745098015,491.1213354917208
0.0,2.1415339201081984,0.8585042732699276,220.22211805773077
14.813450142711574,2.883083578921538,0.738008809362873,157.27876755897725
26.211829062288135,3.7925788190323724,0.7548651260640468,127.1992452977927
0.0,4.46460131478307,0.7948550955638121,508.7440747379998
13.88361730923994,8.504135333913412,0.7403370921455822,429.67945297231853
37.76144969409559,4.057924010438422,0.7662698340974692,106.91864512197789
26.30822218001964,5.264210811194758,0.7798815082800515,107.05642324091758
0.0,0.7083083987179141,0.8076540108188056,924.4107757885889
15.08927517932907,2.2337634368975605,0.8948327812799923,622.7076075300668
31.46762475787508,3.3037480376844965,0.8162736849874659,643.263397269809
5.691081900189075,0.6940210264727737,0.7132659265783248,135.95374940955043
12.800840010810367,0.7961865771891934,0.7128102562241257,378.2556132652292
5.27142484632344,6.164743673098398,0.7524573027793431,225.3664821145013
18.305177801549938,8.97648825191694,0.934215239027553,225.97983040895548
38.65606880890745,7.592837172562402,0.757438534939655,789.3254633800553
0.0,4.434331106460978,0.8241476128232621,509.37448522332693
5.320132239133664,4.941529411717331,0.7988231244582115,714.7654850482137
25.71646037771565,6.424779804192545,0.9060663617863597,730.5035301409805
13.922184683223136,6.2151856139505055,0.7691240816867455,782.724542725761
39.19976990985225,0.6361130470213033,0.7908578150329699,180.4932438903899
39.436967679244155,5.681434666648472,0.7298512304412286,358.91175030692415
29.937635592028133,1.5902761697946668,0.8290561939521714,748.9042682298665
27.469359621361075,9.811795726833688,0.8313905255627504,563.5910088164144
33.80466490643269,6.3809140078919535,0.7774357189954805,300.6847098629237
38.4586266068687,8.588697736054018,0.9342224393377315,411.32036956564485
0.41839379120669046,4.345367304595782,0.8940376296575325,63.7540426787988
0.40929261442178766,4.794417761196017,0.9174718336971448,689.6159806046328
39.45335489465903,5.204683020260414,0.9149324775284607,892.9457709687608
18.721385071062876,1.6845487820679101,0.7947064869936644,314.44194431301264
38.47657193067527,5.240773983269783,0.7823665012104672,429.1227459614631
17.071022379695382,9.793494827067164,0.8439359379563883,632.4591182093492
3.446666864725177,5.653907542392105,0.86616107990992,923.0836108299428
0.0,6.4401832454069705,0.8713366898597048,97.03150462324902
26.4668987217464,0.9054956039319587,0.7342227982593171,235.26325821882614
0.0,8.003596019837321,0.8279009106917993,894.1836595836231
0.7483184141831096,8.322482579724953,0.7416466947908386,427.0800006558412
0.0,5.6785714653967885,0.8087875534258618,749.5470856949215
0.0,8.813509541916687,0.7172465029903882,570.6825050297609
11.795607951145914,5.936171321489785,0.7991585989248959,117.3890832568537
22.510314533008504,4.719120935966089,0.9324686864183884,269.6888765457645
11.739051402614816,7.810505666636921,0.8292041838796601,69.07563039162955
6.767033862686399,2.343556962449316,0.815135751031776,451.03596260056474
35.09851109840174,4.846565927845146,0.7294149642893148,648.7666067557684
18.318410378273715,4.907876494363746,0.8768938996937214,739.0645054295597
7.534905533288688,8.408093147819597,0.8541667551012697,999.7387255781839
5.98042468657066,4.538437578095958,0.8185005200973926,669.9619953468159
4.324248319468332,0.9327973397902449,0.8901415608804033,630.8512282275707
24.014620885400188,2.690958146262482,0.8061528685700452,778.4281348840215
33.329247421412795,0.3047242746345206,0.7019670327163994,262.1522287096786
0.0,9.66507011328317,0.9482291083132454,742.3354881612552
24.394284148068536,7.566040293803327,0.819995806754409,977.3438509038745
0.0,4.038712819161168,0.78641237295424,44.75600395122189
4.281563416183805,3.219537035512396,0.7010123392178063,348.8019678847039
1.7045517848143985,3.4311000379777608,0.7745040201347656,951.774641174764
28.284718978548938,5.379216773080587,0.7865303040462007,521.0242854210913
14.919191692680267,0.19128065745376457,0.9192345420899035,537.2501547206214
1.3485687617946829,9.282402441054739,0.8238892095108021,183.83476631233577
16.28061530886687,5.279426611289398,0.8808942321540005,739.4206468417086
35.00629177045534,6.300478171342031,0.753388572879232,189.4336055397793
25.616311085080046,0.3219059335436506,0.8772257364838275,826.7034550319648
32.18916348694849,5.359823938367094,0.8073415196655789,488.6281958227181
12.60872072492449,1.7596038072669506,0.8213384588192726,935.4228179211293
34.15795256610696,3.584144425181243,0.7088252712987488,836.3202151769069
5.158573831757269,5.545205498958066,0.8293407507743328,522.6738453205256
0.0,6.120361740341531,0.7268693195237768,298.5412314746134
9.941806590276427,8.326736057903206,0.8155497189420287,80.06427978562449
3.7490235638482248,2.9695990199946034,0.7573327156760816,785.2108036628314
24.030494683928506,1.6033630730948742,0.7561277281182204,129.73159481078508
34.54949080992335,1.1522964828973685,0.7962249601110826,363.14995035814036
8.90000312378383,6.106024149735278,0.8246587769676353,245.8716872067424
36.50467810301925,2.3378056204897817,0.8631089872132358,305.6606300555912
27.470443632941187,0.4634195784351121,0.745947741221102,260.9509628039659
22.042346133525335,6.3590838908683684,0.9029216992390734,672.4108182336686
3.3170383611962726,1.5331750190148397,0.7197062046668404,455.33766041612455
11.85253834702286,0.3721849348131124,0.7211908984995856,753.8946520376406
0.0,5.0812940379791485,0.8373855535793039,575.8534663156075
37.19151077353702,7.290098232716315,0.715809659754006,937.7918413209917
18.27630722494334,1.8187968895618791,0.7286974792439489,675.6837731876731
21.852036437911842,2.5880951809133195,0.7876626711256653,835.2598257921388
3.385141144125907,0.9198407778184763,0.9343418811110449,266.4583274660452
16.34126866126811,3.9862852930097685,0.8018858807288555,853.5580989221677
33.42157153351125,5.837409827821733,0.7329897122770557,518.1686483850558
1.1034411585565316,0.9721467633120232,0.8905887414978224,601.3004849346986
39.4458421297466,6.771471098679539,0.8723887223338107,528.6679703368328
25.048270255770465,9.617996948730024,0.7417934141406595,495.50460870709736
31.384983539663956,0.2625892720432659,0.9091848825053357,480.75615971007744
3.2957173039801972,5.68396335095147,0.8094863919092703,461.2958738839684
4.853399119959336,1.7002648086925845,0.9064657142538831,845.7417647427542
24.81869461939391,5.452718251121947,0.7783508719223532,75.40000566433929
34.787565835913405,3.3652103176966874,0.904569443201068,624.743597006341
0.0,3.5907893777117836,0.7030851397583886,900.362034313502
29.8720367097782,8.18088821794874,0.9137346950577961,171.48899892992236
23.638967845838057,2.7519883874428395,0.7192262996393485,573.5280605669651
26.3050102258901,1.0517374641854806,0.8935227615778807,951.2179898696804
10.90972071294387,4.704910249107719,0.8633685637765847,338.33035844423586
26.666687344628777,1.0582901898392716,0.9365084231409708,235.0727834945771
18.600398192480633,2.569174905146134,0.9025163743154783,190.89057373306235
21.766938068046866,9.766084661556533,0.9114306589671417,237.1746909707736
38.74998737210355,0.2788158665734311,0.7563987595202988,198.7682457380508
7.705859921440865,1.151150667388806,0.9301490117810425,305.3962537758846
29.060567948372015,6.0243856452179605,0.7863934030813762,656.0292153302839
4.645125130709099,0.46673946098023156,0.8453442941783716,120.12120624144536
0.0,1.7576962856004805,0.8938085690420827,944.6396992126625
24.453054545347104,3.6563086790398773,0.8812568029445208,794.721805206208
21.231252586213543,6.368800368480639,0.8238971354066118,413.60010073873
6.806762843206214,3.8755510795623525,0.9337582038385789,510.8472845366167
0.0,7.3433661920453215,0.7071858489926838,112.50890476510176
15.64801326057439,4.816868000943164,0.824277033433292,884.4421015235762
25.274653266965647,6.015965899474932,0.8713789585231981,450.5512700136244
0.0,5.62639476590871,0.8472702179169326,781.6580925179261
30.38178918331016,2.5796793263185642,0.7970455086279655,647.7369441470682
4.119104273080053,6.11694504791014,0.7841966354432297,582.5343337990731
24.77518503350861,6.283071846809329,0.7034691105945825,492.954578644048
3.7067014274347403,4.446567164790466,0.8623040847323797,258.3675265168926
23.718662474767736,8.921026264041247,0.7802314159908824,935.4465358281456
0.7517253296339677,1.396789133807658,0.8101429915186472,426.227218944559
3.631416267033047,9.641907209741694,0.8298547217426724,463.3914083980056
34.97123081862295,4.299273423484822,0.7377732075449359,492.08680316030603
0.0,5.784779127216078,0.9110264207840235,897.6652934020196
39.63890266044537,0.7033737915314681,0.7689049434981576,357.2726613903223
29.428743001586316,4.0944359784288515,0.843229235356992,409.2763358440077
15.366277637017989,4.76499786189222,0.766062105786883,523.7371980231969
31.52281942771466,5.856803773167807,0.871495599825566,228.97282945237382
21.389352175573315,2.8371305091632144,0.712647250903441,431.54922848817563
29.334656088714357,5.561288648541988,0.8143479434879995,658.8478229700286
32.961004011735575,9.527277684094253,0.8023732284514862,558.2706154766469
18.806120926468246,5.280618190154212,0.8745402242665541,997.7128363669217
39.53782365983895,8.23522556281761,0.9339631403620713,398.2261710205372
29.76689903528295,1.9218406253950655,0.8077330835192523,299.377136396069
0.5872581735982856,7.608197352139675,0.8672869870882313,817.2282899185632
4.223528536975478,4.643625072129361,0.7526919503603333,572.4604776116901
36.53951174682803,6.75223800195027,0.7671790873829987,768.8769050261878
5.033403616664395,4.608270551577299,0.9424531473124753,671.3799195245023
0.17124019868139215,1.7164616190334592,0.8182866539444125,110.39686762809076
5.8779226579273605,0.9681642775027417,0.7747818175142412,484.00788077615255
11.805301079632779,9.576944494798408,0.7143637385538733,909.6062491333828
10.791643578218748,0.09469675649264755,0.9343769171986028,382.0612287988462
33.226113413137206,3.71052275447039,0.9251592788186084,773.6821868305435
34.14141260823356,5.631082645717782,0.8475433180158706,83.98637760546116
6.730154672257773,2.3326957405735436,0.8770423549406431,214.94672025833955
6.850147483768635,5.850154100459061,0.888878899407868,327.5995870913938
0.0,2.7655276389027716,0.9163870542618899,945.14015077695
2.761496442225757,5.500458239133084,0.7673225006944732,215.63558874688874
3.391579112772472,9.706049194810845,0.898301085661105,697.9932788642964
26.839258720497458,3.22089907217161,0.7647757188835365,466.8170676886684
9.610340885534713,5.775819986412166,0.8517690832745488,703.615687776207
6.491204575796601,7.902145351651894,0.9399388034696194,803.4526217556561
4.538514898608087,8.172596983093248,0.8217747053158538,702.5475375398149
26.340756948624566,7.05829287452288,0.8114865805639015,542.4191178919765
21.588836887414832,6.745265847636027,0.9498236764966707,905.948120263363
0.0,6.050870909666718,0.8248933659171026,300.8913383365111
0.0,7.558384056541956,0.7089207950288808,877.7882953982987
7.687948807260801,7.534078730457548,0.7066785278106809,411.57989762544304
14.183500428135043,7.732200820123327,0.9040980348254242,369.6555726281406
0.0,9.756732964225897,0.7415241343984373,375.02971823885764
33.955895037947,2.0379202164308032,0.9052498336211623,613.1922956852711
12.433810839236607,8.86678904762861,0.704707906885231,363.34518872812987
18.911222589323053,4.024231063074998,0.7462379994171484,949.3181347408346
33.81812918480976,0.8784376661005955,0.8152981110277752,269.21698880133596
0.6127889733762837,9.734236567370852,0.7765183051114046,515.2537028567374
9.748826254290744,4.117360517798803,0.8177572700745996,419.4813762417381
38.624651042711555,2.3812225374307543,0.8097475494234633,387.8952861808548
3.2676321084011004,0.5060177396660797,0.8868846554114878,916.7756887338564
22.497891197084968,2.12213133491484,0.8414744318282206,212.0569040586165
30.371981575173297,8.016656112592331,0.8302873221078513,442.27625176486833
15.359427777689666,1.9159265813988031,0.7507184515704188,777.1741865792696
17.918478202374153,6.972017124808227,0.8893764465951564,823.7123156016191
30.825365081238104,7.934885257989409,0.9042258719599611,419.0024020661544
37.284920504547614,4.205765866349922,0.9012521107477703,961.0331246857321
12.031822481586659,7.4226489672371825,0.8861633176687667,941.0724122940595
19.232993082130864,7.06467052745849,0.718053467878031,414.22433147203355
38.69410626463229,3.535577999751451,0.9309606758707686,139.23794966449532
31.77266342020916,8.201120273268115,0.896881862046724,72.81068869796087
39.53424247715981,7.95669147829358,0.830522130234695,529.3232352047306
1.7448156943279245,2.8370695058916837,0.8524530532083228,393.34939667742685
31.718769552781367,0.21063437133203577,0.8966882025007,559.5309738521032
0.0,8.521473755189248,0.7751116335441051,774.4953744784154
19.15774265243145,4.283097785404802,0.7630038037682237,214.4730314199758
15.839980674091226,0.3392347255097714,0.8947939495044757,816.4418133707433
19.110836018092876,5.383781939846949,0.7331974383601872,384.8788818752481
39.59264498169753,6.421828698555764,0.945870465308428,534.8345077258591
18.741543228363135,7.147039793876221,0.7331829784516037,218.2071528783351
8.512436265932637,4.205498345189174,0.7716215714219323,698.8464702344497
11.06278798509508,3.7438834439067996,0.8071109721982608,61.08066358706793
37.902405346575165,3.268734926692008,0.750839297627067,151.7836093859776
18.616498849120607,6.723990813962691,0.9036307887952125,649.9759619140967
20.36710530956389,4.412300874489898,0.9058229441616718,432.8204083798583
28.590574528701726,3.3549354205335944,0.9328010265282104,146.36788915799383
18.4559573505782,4.611016009482085,0.8679132742840565,287.23267133549456
19.275560778815205,4.52148912019831,0.8669949456235417,678.2281497276384
3.825259668739822,2.4548292308224555,0.8383652387704634,167.23889625716527
8.625345950490784,1.9489301235963754,0.836359883682708,564.4458244575236
3.7871372027067896,8.581353030459969,0.8130316637185413,527.7311553411173
13.175537516905978,0.7097546513930817,0.9375055016781721,133.27965202281572
0.0,2.855896188357698,0.7552801019933612,317.4396713151742
7.57837328385093,6.491183119552124,0.718269090710492,619.3456998821805
0.0,8.409390908000903,0.7936888588419834,456.409634279117
31.228696148734723,2.0269906549843384,0.7282883212586008,317.9716932209287
27.005899828202278,8.533709123784952,0.8592536909805966,722.0787965353201
4.986942902494147,6.067490465097149,0.9129705351831872,217.8457512915869
0.0,9.037098581994552,0.9005459848460744,217.83135674484873
19.73821738209687,5.896751985382215,0.7240286165415852,154.94637102934695
24.552008830268964,6.017995965178313,0.7641175970207489,394.12234235634577
0.0,3.976446133255671,0.778922532087038,617.0948781494461
3.1811256334191307,2.1845102894554347,0.9090069200158871,445.57040120112487
6.038699440804578,8.266885775732174,0.9400002392984935,301.7104918431929
22.238713887584115,4.20059632780559,0.9291694360026849,419.26033963463846
18.850559364986417,9.628852164801852,0.7834133235753832,264.98817800916765
24.453582416954003,2.4940484424386544,0.7962046237564746,604.3591923170158
14.474870910707258,0.7123459927317323,0.9263090836949373,869.9158260248659
0.9471948941251441,2.5278784913608843,0.9015210988830691,690.7043892543973
1.8376696881605488,3.1620717054233047,0.8340380294468317,196.42000227359918
24.782148878230114,4.994838315374041,0.9251796829574696,750.2479127659057
12.085057042816391,5.560689849847121,0.8700978294100331,323.56914103154156
2.600313912392498,0.5448739708935331,0.8437740271538067,551.2975934014258
0.8781894659713394,9.690376370956946,0.8221680403911772,799.6963902208736
25.05769479682348,6.730983552796765,0.7092231014376725,473.02946025010215
8.991393274268907,7.483489241025386,0.8063439009534044,923.8073093658533
32.43180340123167,9.253095654871078,0.868015874129872,887.3747516233663
27.576065569483784,2.7429942370934137,0.7148696853356925,787.7456274366066
7.202070431845683,0.07130012869732617,0.7276799107045325,256.84266235190967
11.972635819070575,0.3282608522970472,0.7388731653512193,528.5919469072758
16.846063974157783,9.907983178890511,0.8830135979058029,795.4687498826701
0.0,6.254710711145312,0.8751895091730908,746.4443937475112
23.918040653571627,6.663140600374285,0.7567404485803816,732.3031865874335
10.394129955226598,5.448921851284406,0.752271083486916,643.4224931769203
8.527846912383934,6.004411750964903,0.7340106457959171,489.49370181964434
13.496357294609824,5.582375018971747,0.7900097723874688,417.59860417297193
7.121149155419406,2.708745028602852,0.7179823943990336,736.2463263439096
13.954595286879977,5.3692614034959005,0.9388809649884731,607.5845300478569
6.591747385117017,5.349876339521067,0.932801272482956,944.2328666360974
37.37871583938473,6.3173182709627715,0.8221559027838725,79.76312158588406
2.5259907439534577,6.589716279238167,0.7360071179712728,46.10958894510684
0.0,4.927620041154644,0.9166387963857332,111.46875830139254
0.0,5.330867447626286,0.7340330509652715,547.920702026827
18.236146742187767,1.9393853726746737,0.7011222836080379,939.614832378693
17.482243807146155,2.0840255340676515,0.945202461806889,723.0675678229644
11.153895359681599,9.847278544077906,0.8733871179105246,388.57869491556517
1.2948661575085385,7.181422650235123,0.9163142801122384,467.21767379180955
28.994606387230625,8.756355046988597,0.8802523960960538,896.2928057833034
18.894941442578013,2.7696264234244192,0.8329052527030082,656.8004417672151
17.494575840491382,0.02907779795711678,0.7565689601104185,558.4034579089817
16.76014689747613,3.195775904090277,0.8262089230890738,248.6989597178548
30.514411736963705,2.0952290596985836,0.9095595503657652,787.4796729834461
11.058268777827685,4.892792692774721,0.7413814250574589,679.1852885328444
37.224724920557904,1.3957382007981602,0.9000703982879812,890.9228514989748
36.762142971551945,4.67998495886172,0.7480538364416462,843.8430521890886
31.307159640969864,8.764160268733722,0.7721272219300364,61.34342786173885
5.465509880374458,0.4991292298404537,0.7663558004891213,274.91431256179123
11.693029136504169,7.367758261477245,0.8733296639797229,154.5156153589939
4.7490956443816,3.147379366771882,0.7348025881487281,652.8476868455912
15.176459906752198,2.602754850704025,0.7918099010453493,348.05738856455713
33.96416203750518,8.890436342375803,0.8623755237926346,957.8648656593592
24.064435067974113,3.2794276902880592,0.8723011273591268,580.4037885495184
13.75581998964718,6.351971663107774,0.8673234946726152,909.7710687366971
13.438205960598422,9.473537534029875,0.9367821412240124,329.22128090752057
32.13493048791841,7.505127185022072,0.8181616234786703,51.299004461066744
15.0712686361496,7.758630188516219,0.7046827728473546,464.03000574109006
27.571475484744045,2.1460326883780834,0.9141619819229034,357.22796512390664
5.738211607424744,6.312387575219254,0.7291590247675012,713.6620621551806
30.497839038559643,9.939898074511975,0.7764425155674122,84.41655300338496
32.429232584857665,3.09448131059483,0.921571727065535,806.4420714234986
22.261788105060635,0.9087471257521702,0.8155774241514122,501.92275727171995
19.146366122209997,3.254213236216916,0.9329035333328315,955.8858750414445
26.858359610565103,1.7322887132021256,0.8908028889367231,465.7710230214454
26.12922443126426,2.7209884295890525,0.8303073341267828,160.32045623163037
26.86294484957313,0.5669186176108629,0.8948011398420521,781.0036686048143
25.550673355513386,3.852759374865922,0.7969981818276646,791.970754673178
31.546943618815828,0.5980007620427945,0.7688366447871309,958.6785347180227
10.706154487129085,3.1395352661193847,0.9484729465002392,989.4201722280324
0.0,9.540540473746624,0.8160086107270388,905.2942369421298
36.06532850572128,1.6374266684305652,0.8561019331097193,947.9760360653322
4.6676986312070365,6.403689539995383,0.8212122485617593,636.3139495887477
14.276557054702756,3.039790164908917,0.8874144874389187,122.70559200035282
17.444666154429033,4.005749443270318,0.9070470646565811,758.0085151206727
18.694803898075833,6.72156064175454,0.7174902081254659,715.4188487779502
21.836497953266946,5.480068127908553,0.7734675136378439,738.9939634662485
29.47160225697727,2.192891287315509,0.773291383960411,776.4890722210746
22.657464151871036,3.6276098146979843,0.8868021188216697,102.37225620390521
21.088524458105226,5.482924162281235,0.7449503253817904,658.8500534039533
18.48919957591486,5.962336131167755,0.9219243309365419,500.4858644607124
13.52166986234664,2.3079879494993523,0.7582966778738858,139.40530147756348
27.96250740796695,9.53319273838373,0.9180874400440499,288.03968928611033
13.453591115944581,0.06848727236008673,0.7132243860011764,501.25918577595877
6.821942772176338,7.211461435659189,0.8841422880937505,82.34028072648232
8.878967253539692,0.23655597120133828,0.9482511602782335,386.3025662003195
30.01575590625823,3.1389601141541137,0.9369756217407265,503.5140274227748
18.532890431142693,1.3919717517836632,0.8919461426148098,759.1189678506746
10.14046821228735,6.560475193784163,0.823521876819326,268.1667644486485
6.003772308127116,7.197776090928296,0.8453083812366234,260.9347424949617
7.49715691131511,4.9108023946120785,0.749649284204196,582.0357159975213
21.335016976750527,5.086031829304324,0.9497628826465558,412.8235136912803
17.27909164495756,6.028506417397562,0.7790852544886814,850.7013009067327
0.0,0.8087011127876685,0.7108334314598181,549.4355700253899
19.69680677864224,6.122657534310042,0.8767386144499569,601.495425369182
2.8361678883615995,0.024606390239163736,0.8800245222089565,189.22657671788113
3.0737209721604613,1.2229647380873383,0.8854521473035687,227.84230864862693
9.855521627731736,3.145751961549772,0.8145541288241077,155.26356629592894
0.0,7.344410303763603,0.8089483491190721,630.9035236416228
28.880783744295304,8.835148080382735,0.9105506319378033,855.7486341141745
35.55023710998892,1.1390800296748727,0.808965083144402,183.75401219226154
10.672854180316776,6.270986068782128,0.9233478997596247,971.8873186422741
6.095715909635551,5.067521827016082,0.7916049678059843,837.4905856702167
29.423698728678485,0.011169440794176474,0.8240207449244715,496.8108686792673
33.69094559513969,1.5238806884891465,0.8733738759064309,365.92484531396065
3.4743746187361375,9.003339660707057,0.8749709910787773,180.61214861501585
17.570842995347945,2.748199083621447,0.8431087315439498,251.42881229155142
6.197683973480068,8.547035518723058,0.7519083052012343,203.7195343358839
1.194146900839761,8.631204851809532,0.8830888931941056,752.7397581821573
22.05546498278407,0.025239187227645243,0.8794866843131803,391.3802380226516
22.38971422008261,0.2745125710611621,0.8725478524055171,311.58659797215574
19.187796881664493,9.712861630144229,0.9399276977834186,593.00096113342
6.553291513086299,2.839440952062873,0.8682300120130959,912.8230349955801
1.804215454615101,4.7991004918736015,0.947088105162894,615.8213290206204
36.60771989220596,8.385590934148436,0.8316063177736572,584.6198466176393
0.0,8.906717504772004,0.7792397665137478,463.9395482504493
18.932338010686387,1.294409020816603,0.839088963448402,547.3615601884259
16.836000940249395,0.7493291161384091,0.710761443211996,175.9232552992117
35.81271932827617,6.697140436521795,0.7810090053514408,550.5105992735298
5.0523213396115905,7.562067185158512,0.8756833760900565,185.0177903954277
19.214400521710516,7.395475489158734,0.7738919979314708,431.19321540172956
11.839695281381694,2.2324861813735084,0.8143703630890693,392.57692125346045
22.970683192152944,0.950643395744357,0.924431476023672,909.7824546694383
4.906352736785754,0.5025416110918647,0.9210667648683908,405.71534770270495
0.0,2.4645288196306887,0.773972288880923,107.01342810401286
0.0,1.16282251920231,0.8631895440380887,825.5575973286279
35.4876364854186,5.278377104744563,0.7163985700309223,815.7227806615875
3.7532337192723753,1.9985626596118782,0.7158241942929537,565.8614451756043
12.060276857903805,0.22871864456824764,0.7514455575713108,498.182947997813
26.006118261171054,5.330532459773468,0.8243988378418164,558.1158870322819
5.376878056711435,6.216860075601255,0.7179120071457539,392.12368652409555
3.0232610822694017,8.193887515087544,0.8005097460310254,437.3493547997276
0.0,0.3557637742692671,0.7001249771669327,409.2911864877757
37.1666147793312,7.245010204052513,0.9443517128741594,931.9916589188917
26.782497848796833,7.950546485362278,0.7095319898960297,282.27891224588456
14.030103659222455,4.091424874508449,0.8850314686436649,319.0244480997754
6.3686832097593,4.638124966981237,0.9200117732490312,334.3948419730354
0.5740426669987332,2.5604520448239474,0.7064644953230165,526.2824895891418
14.22961845005381,9.77452554494317,0.9466914224010099,802.6316991660492
6.711437771930863,7.382044944743045,0.8927389704178486,663.8162298962656
0.0,5.818333323498374,0.8672962003589122,961.3769293796872
18.387162324149298,1.289460378659741,0.8093620740307821,63.36064926849794
27.00371883044492,8.908132931643829,0.7658889331807204,924.4781456902917
17.453666489740904,5.467322121336368,0.7643245383428272,683.398612992844
20.11765194130256,5.973151307721747,0.8724693887328648,883.2688524888703
7.839230952837038,1.3709707039127248,0.7994946438345065,114.85121279439305
34.572809789291114,0.3257356361936141,0.7886058447882407,83.31480908786624
19.010995043183417,7.109290627587265,0.7783912043846862,308.1903987225368
0.0,6.311745246734335,0.9069889201682444,68.32966888973459
12.798732582909295,8.861970863677595,0.7276703142377287,959.5638924212715
27.528587865567225,5.371564251234274,0.8319720829116142,675.3361995917188
3.196552864915883,4.010206216336869,0.8009927901806958,490.4170257514752
33.70436658961561,8.53939041884245,0.8528290703182957,889.6704632971453
6.055106813318013,9.679333065431656,0.7446316277806161,203.85309694652216
34.08700901048914,3.4706107187768405,0.8412350667869092,244.59975116917633
22.898313295604996,1.4853984743845958,0.8461063620778078,364.9979600886535
21.79457603329166,1.5686478018381396,0.9459655863622027,589.003056755677
17.018978743618046,8.278511476038036,0.8493382075707698,476.66995098240227
2.6025100228015416,1.766533178882285,0.91685264538975,623.4988596449462
32.63002143687476,3.0453938734150445,0.7132757649023901,310.18891050912595
34.230489258149234,3.002446440094748,0.9125565171246082,209.9868268477782
30.02636780644474,2.7602875418229273,0.9319313404400729,394.85748397887596
18.18084493067949,9.031524595707314,0.7925340390284519,753.9936654491542
18.105697469709035,3.881152857911873,0.7219050909679464,194.48095485740342
7.057216022981635,0.4785676935788123,0.8989011524716387,160.9737136444404
0.6608840136956003,1.2742455531978327,0.7968552378571852,396.0934243155459
18.717319925979915,0.85716642523004,0.9169634532407854,456.26334155035954
15.725097803787785,5.375095058333962,0.8844137788732195,278.252674973217
31.13957447708344,0.04216940161948301,0.8840138252710554,663.676261338006
8.47188233653646,2.0802823486846416,0.8144577175845233,712.6036474035337
28.6631554203693,2.5149798613152354,0.9476725240388724,281.77641371912915
0.9214485292528425,3.7409966971952646,0.7818679563480262,876.2443334453494
32.75415274600549,5.14685604597104,0.9308057083460954,504.3032347877717
31.588128506133682,7.600258303699237,0.9398884741700171,505.08628029729994
27.782329012473955,4.192969021075298,0.8410213059195684,249.3410681135292
33.80052206653165,3.2401449930334643,0.8169991393305353,209.79792064483865
14.177257199250294,8.601463019429637,0.8137288209065611,176.45242585896924
7.775131363432856,9.71768301454429,0.7128703968952715,658.3708840609492
14.176630440941798,6.31996266965908,0.8122438386441505,865.3024217666567
37.67515505467268,3.84547657249561,0.9448238637975335,307.04164766958064
10.046714585124562,7.287361964052222,0.8500389343703926,965.9273450891932
28.99914074806914,9.289785689989738,0.717188594681714,523.0301604046696
9.505230174585703,7.792651618652742,0.8144885916190081,258.94728878157304
10.73037630760328,5.5277784901878,0.7730437998397166,675.2170897744305
29.940408116425818,8.037823614561486,0.8179266502104565,576.9017024194237
37.45577631362372,6.1895938054607855,0.9391245919828098,547.4661568054082
36.63128358724342,8.956288203440831,0.7485034220900875,745.8108164158427
0.0,3.8862250371314153,0.9235986511886706,274.01590618172327
9.399190636637819,6.276609838624749,0.8242414245581727,313.28143412967853
30.41784029282536,9.224598940987219,0.8080860965417703,776.4670616776043
31.563995350009005,6.287824623753154,0.87065008380097,172.10989539934576
6.8433655827447,2.52884869193137,0.8367487078473773,55.79881166682256
28.196591093202336,9.143826932145682,0.7552212392903105,190.99343409482998
12.75910931117895,2.7407105701955596,0.8974041100489574,94.84842637362999
11.842779283197379,9.12456737697307,0.7938029271355005,299.62693481299647
39.62482624259915,8.3398721940386,0.8706977095383972,176.9676455870857
19.10404889101295,8.150565723951296,0.768714812611721,690.6939617003167
0.0,2.138721533458372,0.8869872316990741,214.84514228254952
23.640730335453018,5.741630180089077,0.7722569526470188,47.05588010836692
0.0,7.2380205897371495,0.7015595384572051,893.024788478534
12.959552712412894,9.932915183718064,0.9275296753969712,269.94778538515345
0.0,9.308254835116387,0.8254995054747738,542.9167100375781
20.04427966356698,0.048959431782925396,0.8615366129236728,375.5097042511698
24.22015608033364,9.440418125597807,0.9442125733410858,874.4945360430706
16.078548063515417,1.6055255662770602,0.879568201484646,366.749154932507
10.146699438521184,6.034721942439941,0.76814070829449,650.075758353116
34.50836824631419,3.042101563633654,0.9477641221288935,948.9223801160117
16.81884234931068,4.963873983290751,0.7721319367332006,650.9617631547337
9.702247182139335,4.3506611512060305,0.7634057151365647,386.26187800493517
32.72186323775191,2.1894070600111717,0.7368304041720168,172.27410773960273
24.62809096119309,9.788319544382432,0.7648434524709178,728.4094635747223
5.480402492072463,9.190786221770791,0.8442551728640517,514.8088616840649
36.063698052198255,5.904393853713272,0.896809854114223,879.6623859065289
8.886510943339996,5.123333294999204,0.7746103089132006,805.5474959757535
27.97484279004871,5.259689947641136,0.7483043754371997,746.356398974708
2.121656810142028,3.3327676023477446,0.705324358402232,68.71441564514396
37.26047746756378,2.372005628205675,0.9174848326620717,161.24758863290043
11.76411369592777,5.746584895581651,0.9098778324698948,663.7948851408553
0.0,5.131624683523759,0.9138269088793871,485.66215122166653
33.58104559884159,0.4085271941625259,0.7104409621757499,697.0142579680007
30.584570186771927,4.588935208575833,0.8279922965092195,599.9142445579881
9.510387673651449,9.693418993338609,0.8857320067786634,94.48251099369912
0.0,2.8155579600582445,0.8777803377115991,831.4402869864768
32.03295928851017,5.384842724087714,0.7821250527156388,520.415057914923
27.507500228049498,8.34436607657768,0.8692106412627767,211.56210266400228
24.067186937262633,4.908986181390074,0.8236775056251577,663.6163911605335
0.0,5.47912273596331,0.821389586720012,99.48054973647831
4.070515689459902,8.832254049057576,0.7360077574472659,937.1039981656847
33.42052652897611,9.328767911256891,0.807981321241906,444.4493703918862
26.955642124416553,2.410569378478423,0.7266118530701514,282.64256305958713
38.046536358798946,0.8437249308332873,0.8654572651069338,331.7711889893675
24.892847409023737,4.958958945477352,0.857963091689165,215.31524399933218
15.343578870798424,0.6426345947390891,0.9001683791066925,490.62275888758217
11.610459892711885,8.217578032080475,0.8506715532617971,394.9382887836314
26.980125345958196,1.5577209264313585,0.7847497569612972,131.5333382437244
18.603501296753315,6.719066311340912,0.7936257321047199,515.1795762305629
36.85993101984997,3.2616262907240423,0.8543603649195778,725.5561167064739
21.782790741361456,5.604129231371292,0.9060833922342313,496.7600141290036
33.81044179398296,0.8062418913922763,0.7250269268659536,499.8742959459413
7.160113048346711,3.8035603430012257,0.70011452032787,262.08843578688436
39.30105793180667,3.55049359041007,0.7207744429630115,336.8785542634675
16.947150264189865,1.4596952283840328,0.8402009235207729,655.2311190568056
24.186190990291635,9.861660779476141,0.9059836565759849,202.33263705569897
34.612802951613645,5.7075034900712165,0.7976576983401639,739.0190609356373
34.932652168875514,1.3372290622029006,0.886551935008702,886.4504318554444
9.250556445466215,9.426286680284159,0.7640483733893018,914.7889312569813
3.7418212338162276,0.13725178335647117,0.7275089589525069,183.5267733863049
7.405123762970986,1.045284351569012,0.7628312955202704,83.22472800864833
13.457664524521498,6.674179938273236,0.9411413762476633,595.3168562152221
29.02647980601813,5.020825283860875,0.7020572816525994,677.3881486275417
18.124936735370163,2.2388555473021508,0.7542729515463865,986.3912059064057
29.458374116042886,2.1467624005110104,0.8946418786153854,424.63265165296144
23.849461820206518,7.264600657586751,0.7061094344616234,723.4461689035226
28.832072338072752,8.595127794210121,0.7967286645503695,52.81904964214103
39.90224170848292,6.2228505226522195,0.774028185704665,188.0468240888564
1.8802483587179697,4.5977576580349675,0.7644389167638903,893.6776867913577
32.215008011263826,9.363616982224295,0.7709621179830486,492.21720046476975
18.558071816903333,2.5309986848086883,0.8108109303228508,260.1213429410601
36.22712273922286,2.998581183442078,0.7466172658401597,105.29185734956734
10.820475568939518,3.589728339274507,0.8738446737329819,769.8265242573366
6.46056200888593,1.455430797076562,0.7209762896643597,54.4262955330338
0.736909511040645,2.925220585919649,0.8254842221286542,394.3338106850434
36.75045107800272,4.797847709313346,0.853933477871651,865.3897299248921
14.370347090934855,1.0731926074787164,0.8406058518026511,651.9313770203771
0.0,0.18594882968289678,0.9136876857804419,672.5235487994556
30.418085415875236,2.830779205102021,0.7800642340510096,794.4889945180029
19.829940310681692,8.558018648571718,0.7549107882819741,340.37666759665734
7.06007343671133,9.469201930976961,0.7280918648943402,634.0339872413084
4.244395052934116,1.7341195193572132,0.7972471477215779,201.5363105410522
32.334222921609324,8.969948320026012,0.8121832902028978,801.4622995970791
2.2519864544851362,5.269302624054969,0.9016560088423723,450.34897515534175
21.78224065496112,1.2391863068555151,0.8463976695373472,980.209469719517
26.962811297088958,7.692063639584088,0.9269720225019213,130.38170498948713
27.043889994916437,7.466523527976384,0.9237219893350261,439.5834740160219
24.45224888231334,5.03288967839287,0.7108078476512492,406.67764966122354
0.0,6.476026587959423,0.8135704448712858,799.0308698160882
38.01139671961983,7.737735064511104,0.7811559207532169,587.7421038293098
5.611765652081317,8.509263285854253,0.8888285659130216,197.22041299024818
25.158230504573883,8.186065705020978,0.7531076229840872,134.43722181801058
3.7619266958372983,8.133600391452896,0.7795145950610731,219.61241318251405
9.825774207439244,9.42821457187979,0.873712802544643,266.60696020443163
3.658144003650179,8.39850130068631,0.847681072805136,926.0909428988355
13.798991932082426,5.482585912309845,0.9068828262872092,723.6366975517603
12.184691569235076,3.6129057965759914,0.8040456970098284,289.5445866075678
38.71182375695076,3.5274712839343523,0.8829164865285184,247.79855617516995
36.31259806838256,9.429872773309857,0.807252921242947,483.5462560191799
13.092295724348515,2.8118764132505705,0.8173449562721036,107.53492543977598
28.55646012642028,3.8559197186986838,0.9439178241495886,487.48052019998954
3.8662098739548423,0.33974672473636064,0.9312802209336493,653.3928927246649
29.632709448368797,9.687106870834413,0.7426937777436997,364.94967003104654
3.432204757829996,9.502558356396925,0.7493390035003518,135.26626418534113
6.7346290237975,5.315498804273475,0.8048640020166526,764.8456579105122
24.83964626115264,9.581459059750031,0.8423861529094682,704.6762876773389
26.704419854777957,4.376036265135776,0.7845717804388437,849.2201292326317
18.716246561018522,4.215144429366237,0.7153464156242871,207.2225713551504
34.44350649103004,5.136449047612177,0.7038254888535779,822.7989222533603
11.314831988951777,3.235731726859521,0.8389177733928055,953.9371796623025
27.26102119607134,4.099020671338322,0.935065848244088,384.23883670432906
11.06344709008114,7.460196651642942,0.8098143639397888,125.38396713358762
32.618624522444954,4.086068552275557,0.7047393718208796,403.9664072563116
33.53323656522838,4.527283583812599,0.9057673680645295,513.562005849586
21.585409573212427,4.586391745057283,0.9401135039689004,500.60753349662144
5.250707917995958,5.950447619148711,0.754428331602088,992.7320444509241
27.097260402944197,5.8478657297370304,0.8133004359876777,562.1382824433148
20.236033524889258,7.50105266705283,0.7497890732061582,819.2089628753756
27.251874575660175,0.36525642816557363,0.7128933216018567,374.90454264748263
33.080721981861664,0.37970516103971474,0.740659831185581,552.373601789099
21.666669153294126,4.989408647794535,0.820102212067919,214.03769310208023
1.7209281310560478,4.637074920704155,0.7698097120809189,136.6694286929394
0.0,6.953517199824186,0.820222130495408,448.1428377832697
32.733468465258355,6.241577587105958,0.7158459353008612,680.2311823298248
39.988748554866866,9.593171295761666,0.7362228292771721,280.0147477571817
2.481978366050886,6.4549830217787285,0.7929449134668222,958.6693892889821
2.1262703863435886,0.03906631883943221,0.7716574939959514,787.2447459508892
26.305734498642096,3.641966895842285,0.8804403134752297,979.3581143429415
15.32661366058057,6.136784528550472,0.8593685649408949,767.3551098983392
13.423621943604836,4.618444491969939,0.7648058762036114,648.5724227098174
12.886747407021588,2.7842427770435774,0.8309191684082124,905.5965370071939
36.22939706418365,6.258144255726515,0.7093736254303669,478.92549383356504
28.916711734750084,7.002659407833888,0.9144879752838511,903.3913211863598
17.085056924902354,6.95300904805164,0.8532240616666099,228.46545429505477
0.0,6.425919883460223,0.8444700896555222,552.0572014182515
28.520710650842222,6.897681601246904,0.7462114101009596,743.4398709339034
34.73256884318277,3.346557340780427,0.8175359685862571,215.02453469053057
16.306157692905973,3.650331966736506,0.8866431768111229,789.348970164319
20.795736922052505,3.3361783247340373,0.843606547765345,265.4818241682857
0.7162811821207268,3.5340101113519684,0.8687311620175665,473.02263430578836
10.525143259249955,4.385495924530595,0.8906884312979638,489.6747578983273
28.36536987849362,5.4175413240351835,0.7334799134344245,214.46781613530734
8.763707258338098,9.848459992891588,0.7708016669209167,732.1006703220623
32.280882412305324,8.962977216941965,0.9019834280768932,361.6592195394631
36.23957858475234,9.333972028009024,0.7627869096647576,199.50933403786337
31.14052767301033,3.4057357634416205,0.7116622510383617,105.49979619065664
3.7236230012565206,0.44940857628090664,0.8327782211428794,846.1580727969338
34.85806913853199,5.880493787041199,0.8847674774833708,326.36292333202846
0.0,4.8950369866552865,0.8190653482108661,681.3131888016591
35.17156344180186,6.887420304393124,0.8664604050744227,682.9833450471457
28.89262234823074,6.91266326981796,0.9025905683865101,263.44515811686006
2.5328955894274086,1.3604452175375532,0.937561662734056,417.3438453151745
0.0,7.974232399609973,0.7229439736640869,315.5121005027325
39.634260226349475,4.521209672826767,0.8939209145258425,472.15051545506253
0.7570989906301171,4.374663137906279,0.7633367932186241,446.86236392476224
18.499650046497045,4.134347512242074,0.7202797336385433,518.2438903183873
2.76088013922242,5.91557466962782,0.9117293759471736,316.31839497209137
5.1103229189289525,3.1897822957312165,0.8421864898230345,609.6307133867525
14.694338902606473,1.8791906337901285,0.8619780199344971,448.83113552648285
37.870977821421306,0.451987396038469,0.7716920928231319,589.7238672972939
24.09504133244378,4.540088486453165,0.9246227511376581,148.95086831060104
34.61139632443331,4.837830643618092,0.9106268122767665,593.8793690741146
21.486548864671125,9.442522052987542,0.8516766124184152,137.74290552081624
0.0,9.385437184858645,0.8879712009082427,432.2112832961792
39.94556110513421,4.426472795904843,0.834730966918726,443.5012466177518
22.81280778335477,3.47090626566647,0.7861261736226987,491.6026613062619
25.31000286330084,5.823817844835831,0.8658020952980651,127.45240434304282
9.662491796339564,6.074374820671385,0.8447652772134955,858.2339507103802
15.048301971419889,0.45596747881929006,0.8331820742698082,655.0574180311949
12.061250342226549,1.7021831106512082,0.9096085270016744,520.1713851838153
34.61816817413798,5.888823596655309,0.7424912503806373,175.32167104767086
37.796015165033175,2.1995704842382837,0.7818826545812125,573.7024856475575
5.131412850103826,5.405994942154711,0.8073886815656554,474.9551106508457
36.45343249241819,0.6012555833974036,0.8735028987555042,263.96776544266385
0.0,2.4775676122723023,0.937982221530151,218.93060121713515
39.19975081821264,0.7046619204690541,0.8831953851160346,688.5600975155681
35.22809476668451,1.4024776087714599,0.935814907128312,338.48997279374385
22.697314737813528,8.4124988109684,0.9372327152000695,601.0400821641203
14.688354172614543,1.2045476080577384,0.9223389922858523,163.23595689412625
39.449713511384516,9.000016122126729,0.9087956811263476,278.740665418347
22.170972278806893,7.8022522821404,0.7419818298104927,553.9222058265104
11.381692493140553,1.344025946972281,0.802326715820294,773.8979498476257
38.00161923637531,1.6184613007402027,0.7737579919417449,258.83244885611015
30.457871983186205,6.266171735726533,0.7129140900599052,41.751548522812385
17.24788658835581,7.47088755312022,0.8568946759641862,112.78323365395671
32.359464842612624,5.281361532010106,0.722005306355407,424.45787840464976
17.617471897471372,0.3326653302379099,0.8145055901487466,86.21628573507174
0.43570257894153147,8.933825506396994,0.9335880809064295,724.9024819070061
36.286118215291786,4.327826913429787,0.732408612868273,715.6125893353346
0.46965646968933344,2.6557684395660672,0.8845265784365208,161.46657751998464
32.03188464747773,5.642120724058262,0.7203037636505008,99.58852907308014
33.86552890810331,1.0358018682692771,0.9025340571297912,574.9394293977048
24.675605990037734,2.966187901479946,0.9365542959628086,926.2849048451112
19.438543553554677,6.4372057837809775,0.8934244983783369,517.9288165503975
35.48621628740368,6.542405823865312,0.8856120696658392,995.7865424357896
6.064163222993816,9.2292300353665,0.869669521000505,619.6915641190257
20.620281572019717,6.936573980232045,0.8631007210355369,648.5443219753475
10.986122633915604,2.603110120239594,0.7017490615434678,515.560476345772
13.221168366769515,7.518632671484568,0.7347786968827572,463.45506849647677
0.0,4.512012323263909,0.892301590635433,832.5108608062909
24.713338011396097,9.708068500611855,0.8233002857817151,225.91589590055378
0.0,6.323529878680601,0.8252777643709971,541.8984141056296
27.688157195427273,5.273944531784735,0.9256494609912611,229.74912152533662
8.512393585568061,3.347877113599662,0.7479409709877471,643.1971101757157
12.417965092063657,4.440700971625043,0.8667314767731722,933.9755097357182
35.822732659685386,0.5669965540303875,0.8272662730478908,677.033857257437
34.99225967135561,5.203754590837385,0.741322252055713,295.56159991175394
8.559297270650704,8.967542331478265,0.8003651270089212,475.97615831358036
10.934760293321355,2.0895948313566537,0.9175635794123951,401.28706773456304
38.275519318144106,6.438655912786123,0.8453859861529426,589.314251540977
9.56397459570452,8.342032330641135,0.733892156941547,232.34583244113864
24.27495056084847,5.815340978769056,0.8808823209126262,584.4424695981379
3.159554376537768,7.290041839070442,0.8217424287421355,950.5269616570439
27.599711512834197,8.067515788071114,0.7559647968934234,795.6270242578721
17.797598187834243,2.1259616329447653,0.8650924026490758,364.9114805575158
22.406243916634867,5.436525236048085,0.732660750145162,294.56417982158877
28.28697583552079,6.860114484499694,0.7038745896177484,443.69892207832265
0.0,7.420069115282696,0.8785856354831376,592.0988297723845
37.01286262404385,4.830372480356489,0.8835739181891868,266.2422363633485
38.88979059040012,2.530572554683302,0.7046933547396743,250.19969716752286
20.286192833937022,4.016746817000029,0.9136553363905016,824.2267499433442
21.893487270339318,6.90910882655243,0.7161445911049547,365.40721791845647
30.651704129611336,9.57662817062777,0.9374109964646147,131.03906339020685
23.401200120033856,2.796277419755391,0.7834248915257447,213.34487078448143
15.422718517962236,4.316025765584683,0.7589138258117183,794.5197327493925
37.11419919464052,8.822542135365461,0.8339054238884274,505.6872826688915
0.2464685425060115,9.398838624959676,0.7489769337847456,982.3949062772014
20.530865244896933,4.473133227039483,0.8225843859538138,115.57800943186126
14.717043083701046,0.24351298927208995,0.884337555799259,352.03986523061184
8.025635559480591,3.8327743419307336,0.9415537269796713,486.42332216253897
35.1932432993459,0.9065455649257367,0.8003468645012728,953.8368758203987
21.615075640756892,7.611639005019599,0.8180902155296519,699.9581820427179
11.315174588048473,8.334006647047419,0.713242556156565,246.2248767004558
4.140935459434863,1.7002710121740934,0.8283189812454717,289.5957367824593
0.0,5.295668447148668,0.7938449711843297,883.5260925442917
0.0,7.798749497004293,0.8561330431150138,563.1413924441061
15.22376817901721,9.455076653619486,0.7865214089534326,627.1342196780545
26.284935390773065,3.415214103812134,0.7337877817563744,554.3761442340898
24.245229537569294,2.550081998901949,0.8659219552299859,797.8242706276083
5.82940798322476,6.300982156630085,0.9075397962509129,627.3036904545907
10.099866644452815,9.7283026226786,0.929759613411155,995.4279424703622
15.571484095610309,1.0489458668640004,0.7402474347340889,789.4722742159149
0.16850742593365425,4.996360081541311,0.7646063902245956,436.4357597349929
29.376989344569566,1.8092206051665554,0.9336595296558312,563.5315143307826
0.0,7.900450925251196,0.9474208602771772,376.3680100653829
15.113442129327504,6.250868067452337,0.9077561534593335,395.8524348928024
32.93194651186752,0.07425851563605639,0.91263906802808,122.62296083869745
3.567312253126208,9.119670379261793,0.7642213354219891,617.8610370303486
14.170616718026327,0.9840100260454131,0.9105179670812581,257.15867342818655
34.105851160002096,9.010127892228564,0.8098789339201967,686.1282214504133
4.4674116695175305,1.386997906992108,0.8753797072908465,208.28341941921994
1.561237438320915,9.93115675012035,0.8976141890353293,662.9623725726553
29.586838701881252,8.97529189216126,0.8668547690143951,682.9970125130353
0.0,3.7942540744460564,0.7360992217409441,756.2312368444742
0.0,3.0772856301018536,0.7177687357535663,333.7951439866148
18.502192590099522,7.60989608240956,0.7042410302172948,767.3876525840378
34.502773221640275,7.991571185249979,0.7505674937827072,607.111311902922
0.0,6.738459737670737,0.7140266712887704,722.5407141621721
3.5242350797142112,5.743000303148237,0.8919151448833793,381.7619341305326
37.60201132351048,2.8212719414623395,0.8224136934168778,168.20074853729946
18.63097399294756,1.0005934566418657,0.8913345624373584,195.23875881014266
33.73767154241222,5.37464190547226,0.7072349656948209,321.3367818570403
14.34838327478394,3.1508330244750913,0.7872509173359169,946.4118332819394
13.195646769919774,3.4156836271915316,0.8411999689938577,968.6476108477246
36.42307277853104,9.760911054657418,0.8342286096406694,827.5923702231576
30.421138692589505,6.191014913330627,0.8831076413235014,727.1643653913684
0.0,1.1656364779074602,0.8171978732749984,273.8220317625918
13.214191486619878,9.929009438435834,0.7493723163890719,657.245658489496
33.55522277473901,1.817729471583477,0.7524323893608932,839.7479013118927
0.0,9.216610325909558,0.709831268136307,271.340054368084
19.754654203361337,5.140158824553227,0.7749792322113365,437.85156225388795
38.94416548799135,9.876504230910664,0.9060052862247685,313.22044813114485
9.074971138168657,6.0250207925501575,0.9064071929661814,393.89234950031374
32.85159194111935,4.334313786089315,0.7320530495883518,156.3673536314369
3.401139794321738,3.1780547703114816,0.813110542723637,189.97305001338987
5.10248793958099,5.628180592174854,0.7818515939329056,246.0186324355614
32.51692294659843,3.4603824984381544,0.787767944505736,325.53377386683655
32.62740700369697,8.865931965171955,0.8998705112960389,45.361010523405376
38.19533090955314,3.0689313608331874,0.7071621767890339,932.029692563157
12.237217477848004,5.9587533316295485,0.7891987022084954,131.97837993595397
15.8073686317895,2.282978918751195,0.803861331340762,317.3493428452209
32.15574447956635,2.7313454722789046,0.8348124192398241,729.4113374628948
30.737282855509623,2.832908422467433,0.7384588526963944,576.8082076324815
26.065388725500895,0.9243839102541767,0.7868177181164113,826.9749482367598
27.020368990102668,8.290077994941923,0.7391183454888112,608.3510254640627
18.18775820140277,1.7336359172897675,0.7702070252637188,789.6807094182378
16.642716497374682,3.342337905883632,0.833240392027105,571.1779705525298
25.803586730534107,9.915074020747799,0.796637821176518,547.4455920494918
10.150866817174993,4.622261752929892,0.7606104283695313,441.8744391910618
0.0,1.253492391949047,0.7547415959115734,162.60919316633272
26.005451701783482,8.467786378477971,0.8120491410804753,967.7202574816888
7.684318513822507,7.346357001348049,0.7941707804302687,121.07525062371775
12.457942493406618,2.6171294082128935,0.840960874179971,739.4742793069897
16.24454331546998,4.726953139146471,0.7830872230266005,123.38040388328373
3.872830235222034,0.7063632187363083,0.7777503921097314,358.4150422122665
18.94979893275986,7.190481340965851,0.799285020374598,77.78434526047465
12.969545263221647,3.8560411913694366,0.7667109828637195,323.246604511511
37.03317621903885,9.533582044376855,0.8122140563955941,926.0319214948215
24.86185927825152,4.295814794236253,0.807889996513812,639.4161304698875
5.566561550371794,8.706826078824358,0.8353215891063053,486.67636278253826
20.146289217967624,1.9620844960176549,0.8278766546655507,99.75754624928445
25.035718318582333,3.9586556501778536,0.7258626661282143,142.49035669404935
35.12693211667842,5.978433277129426,0.8805054886977073,955.978724156389
7.429720637629835,4.7582572862712125,0.8545834124079701,617.4735090238621
37.22925944294366,6.574219313912001,0.7432145141809643,947.7465155259662
33.1325295412672,3.8763579293308488,0.8250220375336483,929.726494755697
3.5588786320984296,7.842841743245406,0.8210064466439733,328.46542708270886
0.0,6.890261450106443,0.8657661927066229,728.6172900126455
8.997637483182944,8.511870166686382,0.8018176463005171,177.29597885518535
5.757429227692984,5.782754733991862,0.8896054429691774,511.05315760867006
33.45125906431306,0.03528134191694517,0.9422742084424243,384.38050188627176
0.0,2.0559971058976876,0.85845554324368,792.1909974967836
0.934669190831738,6.347138295244388,0.9013493811892803,825.43407125286
3.2866156451889377,3.6647023658182447,0.792913206875677,624.978197100593
6.1020520076442315,0.33727115648923145,0.8523315461790179,404.33506485894617
6.200693114741552,0.07607618121944733,0.8274219465647874,608.359057255208
4.697559104399706,5.7072631453820994,0.8398421737343489,459.75185081368835
13.714368479868261,6.906510421437215,0.8082511292163073,894.7272370326656
24.857334977161727,0.32624239046486636,0.9258838249494074,822.6856438961295
37.46194972756273,9.643464750602327,0.7431431925938982,868.9201451158001
23.760331645744213,8.564673941732424,0.8965415017823077,509.5784139716419
13.818360647873748,5.886184483572852,0.8662620374778328,159.85646574414034
10.570789339156748,9.90592533565624,0.7251377795537118,563.293577085
23.237732804982542,9.442627203536984,0.8644560603429637,687.5880197010995
31.624883997982465,6.43214291491852,0.7190382505515212,488.75250115345136
32.08167114687217,5.15258168121699,0.7775757054203125,813.8184558247411
22.522837168134707,7.344971979948148,0.7956552440764635,709.6769958196613
17.023165677608898,8.598034785910228,0.9021507813174603,292.18833092192517
24.02553024379814,4.011898370254994,0.9121027841793383,408.88379095927223
8.434949989963796,4.506500749313426,0.8566695689732264,403.0883786038869
11.332049879830809,0.8779354993780455,0.9440224310088714,941.7821017348564
35.96131215002336,6.429212416074808,0.8628696814493173,681.819898937047
1.242413780261107,9.219479743054645,0.7463677750031047,479.4295790414499
0.0,3.4955433961857727,0.7300598123306401,369.30347775802693
2.693097261165074,2.8268809834429263,0.8191924668989717,836.2801131415467
25.579690379429874,2.0519302075581516,0.8740701622541088,604.1734076375785
0.0,0.7077024899250154,0.9369100857080609,921.1907552042418
9.845834117948442,1.0159904008184049,0.88841684510933,711.6250575668267
12.710809174641593,5.660201645776829,0.8140856742508593,813.0929397661471
15.091103110175657,3.5749492301562302,0.7343206170007857,506.2609285512304
11.666093517196717,4.840355726199122,0.7979116358410729,483.6092022894408
0.0,0.7951805830421439,0.7610607118698087,365.62265066806754
30.10003157891718,2.9227223803190303,0.9342929847848324,47.274296275132066
3.7763819152385705,1.0760353171249766,0.7189061149604972,865.9883266947785
35.79614617309509,4.150517598142744,0.7485003511432429,558.7499747277253
23.698314420985096,8.868991979349039,0.703672434181911,751.7386731368845
26.446066365630696,0.9427046586541016,0.7632593719213137,665.9241968173219
0.28453860647785656,5.43831784369456,0.8130702731923577,112.14709732145984
38.304592319710004,3.2549409056599763,0.7981348734317257,278.9882513876521
4.796262063037155,6.452906082905327,0.7932963670293824,265.14768166884124
35.352259260818144,6.586563573728268,0.7556857144023198,957.6436343688605
26.283663887219124,0.19124438308831707,0.8734759671464566,271.665571609076
20.125975157173293,8.624493479182384,0.8426474701328861,699.3642744526562
25.11300210496383,3.2493171448689178,0.9426667622736579,838.1195145022755
15.72593302471287,7.994744838157325,0.7559249729715531,872.5391839297439
5.7937315203336395,1.3843018472011688,0.7295769014419424,681.8038069830034
18.083534195039388,7.94980669259591,0.7954174585438206,402.61533280228457
0.0,8.387367936997526,0.8468754752188998,653.0661871014095
5.7730264618784854,8.828402408196142,0.7161888945159642,115.43725320226503
0.0,7.141030235193721,0.7886469698856436,964.499483881588
33.14186923274207,8.787304331549922,0.8099854487378639,187.60205200235688
11.363970811481884,7.45065103491254,0.8120344789787233,514.0595829254911
15.101700507877295,1.4709290615766448,0.9107957677275629,436.2205790013572
17.37096887934071,6.193997209469837,0.8926093406716002,56.32167431180665
0.0,5.468323363230403,0.7829628576509762,487.1701691614657
21.247797850113958,1.2157292179734538,0.9444154924770294,511.57889649995553
2.644185231874393,6.180503879207994,0.7528892837021659,957.3248622989206
39.22611418404099,2.6311204157828763,0.90814890091927,738.8662428482127
8.222156976196827,6.389697983040305,0.7521123176305662,949.5287242364345
33.659756124666416,1.6151966294125564,0.7670756515343194,612.8655650137396
28.211009746271603,3.6709197678596786,0.7587117398709218,806.0637660188443
16.10975147565384,9.453762769867332,0.9370977774151326,261.6711423202711
0.20194888377902637,7.978153938004156,0.7839495146416333,745.9905836908555
0.0,7.633096150112632,0.855626600572984,268.76845068813384
23.200263853152148,0.43412924798739116,0.9068233577815137,306.8902614050925
10.608120403000319,6.958498415940779,0.785236309120192,203.9304792631711
16.047239857266636,7.263618751885657,0.833485056597957,215.68539284770912
27.738438815399647,2.2373544042167977,0.7632390061844997,681.2626369936052
10.484393297395426,4.5215443939775515,0.860331147699279,248.0554432162344
27.075941590914674,7.302740769817137,0.7297895176468207,922.678190794614
31.776961761347955,2.1750141157359666,0.8966955110480337,373.2440924300813
39.917365846474745,0.48682788312248515,0.7833369754303541,894.0462517952768
32.480441604031554,0.5207129401429551,0.7843449863482658,961.4659242611533
18.23648418215172,9.59941996382727,0.8393915497921149,219.97715196328141
33.685342359918465,3.17800505037155,0.7750227688627932,257.2833280703226
38.87325896670959,6.537752249956664,0.7074588198036849,106.15987447405033
6.3271793756000285,2.0412399507564927,0.8134381306244293,75.77479421987263
16.55139929453874,3.557159437270306,0.7196839311872862,304.71857568820866
28.529688296784123,1.5141199882497336,0.819347072963681,156.50174676324434
8.423976182088186,8.817634761523937,0.7268197138343656,391.93300191372725
33.68931889757212,5.14570177968765,0.7915336152993274,731.3738931751707
36.8282595751385,6.461744099790508,0.9198991456660413,688.0892131909228
32.0337583905059,7.748961715193531,0.7187203677810476,224.60363339762966
16.984112883948242,9.882533964194723,0.8692576217815324,108.11631889729064
36.60416686457706,4.927063750271385,0.802266700632861,610.6773826440435
20.24017886588298,6.943677729889137,0.7111445949995757,381.87216614462125
21.979065413223278,5.120961575915521,0.932196091308335,852.8467519804792
9.693487104645016,5.942359734658234,0.7665633021066964,769.7848474925773
12.60749501645933,3.816250933266509,0.9376776642052159,164.53066371984346
3.8225757156953444,6.1609853697618115,0.94726210325619,177.57179244840287
13.704961984346228,3.660880772684863,0.8468818459999563,96.90263910973795
22.90141030752658,1.5346919229104428,0.7564931953093642,799.6440111563007
12.518704211678973,7.536044698194762,0.9156950252299745,91.08467862313752
15.595432452729954,6.813790980332441,0.8722091067095434,563.1925415504925
17.32160511468555,0.559092248243688,0.8164982954544668,981.1102391318943
0.0,8.779772691530278,0.7860769711636333,315.4626395743977
13.385413156969339,1.4347689448325678,0.792404710258427,797.4694727673851
33.81202995258701,7.58742890129105,0.7409478514919043,347.35756868155426
5.1752766672102215,0.9290206184805198,0.927227113079421,151.67641285162503
0.0,8.111833317075105,0.8288688670695203,714.2244419009745
14.183612404205814,4.672669554739384,0.703069581579059,492.4968871953809
29.63806396492948,3.250957249573948,0.7745523861252304,632.9380327555918
36.899298926288786,2.027281857376997,0.8965327381035064,379.33267395272986
6.880095806881189,2.451857046655548,0.8750605340262698,597.1285527189067
8.33310483357874,0.8459407175725168,0.8260162321606996,170.98603214542325
25.27264132572679,2.4062874348442813,0.7283489369813059,479.28192271587125
15.608483868047276,1.098356083584617,0.8770737084419502,512.7960566193731
0.0,7.568050724594722,0.7799395187552,618.7729212345347
26.297163444975237,5.998207154868219,0.7806435955762705,508.69329326483046
22.202573573193913,0.991600215403323,0.8978189109621926,897.5267014677629
23.086752185915373,4.442343302503071,0.9426348511967376,460.50575019179075
17.383773605772777,8.742612311543722,0.7697270024601137,855.4130836173684
38.739420292010195,7.221272326596552,0.7458906335010805,805.6837142263806
19.275561884889242,7.448877932125003,0.7717794656056441,288.0077435660662
5.3075399032368855,3.7807821412976526,0.8474099868577941,786.9080999363381
35.922301659735155,1.630864955072623,0.8290341911667105,215.36201083160958
5.114649237731328,6.353262860823513,0.8762935141047268,812.8958859683538
5.003358703070701,4.80293007204714,0.7026771886588341,221.23938961937793
4.560147285171217,4.0646624807526655,0.7925306924273721,501.8637178675025
31.367045913763775,0.9497270114910504,0.8546527421816194,285.4730766193649
38.66780863611043,3.4956158981062058,0.7273070891826223,879.2738265556245
39.58776073157915,2.236152099428533,0.7743363951211062,408.8435299664551
25.018293002195403,8.129739682991678,0.865197001489248,265.4647906845968
35.114494616604084,1.4349698901923726,0.8317575881201373,717.0319298504655
19.117421021435916,9.974544556989068,0.829832142648231,548.9901041373222
16.0995431444228,4.798899955404532,0.7361041985142396,472.2626777906331
15.626996867190455,4.178368169065187,0.8277139784472298,905.9670443211107
38.457010976481904,4.010707641482499,0.8642281267936893,832.6887574052668
4.7552896479983815,6.57492377983556,0.7129341628733833,425.7933810533226
36.46189054153342,0.8297195080623071,0.8938018063917177,684.4396724074126
16.288297664328855,0.24219277122555283,0.7721469729195577,88.11126278643155
10.18443315904107,7.80949791488222,0.8278154342967106,101.4114884431794
0.45686108066244147,3.5167425289184218,0.9292345544534325,965.6623318056701
6.323440247735756,1.528053226172603,0.8566143212488021,746.3990638261048
10.43146218962725,4.84294550780625,0.915819167564302,127.07349715249467
22.52015594521136,9.061895215668153,0.8877240213735178,735.4717109233197
18.644346156341353,0.9455624004199997,0.9353964904183437,893.3157772578371
22.44190734141504,9.36865451405352,0.9368065139121048,77.57149004562703
28.627331220006752,0.06822805552772267,0.828993779055152,748.4980894816069
12.370489233431941,5.359190169688413,0.7017375315039693,832.5516350698995
25.21434688541362,5.403190592565306,0.862628716180477,371.2273223311715
11.513772954229557,1.1870387384003265,0.7047313352459372,854.5223363221472
34.4318957677284,6.233340741429952,0.8474795687532645,650.4409673268264
24.13332828905162,1.0077262323185847,0.9493977675209663,244.0989168644171
32.403534650356725,6.556739472894442,0.82250056547351,733.9126603267226
0.0,3.049681975265225,0.8682247406485485,815.9500791379525
4.553075920691799,0.9713735819017782,0.923387037168143,751.1212557341371
25.292134834761033,2.2551998317030577,0.8755112025476159,550.5440103383465
4.45659592360889,5.55643282761865,0.8134533239789803,855.0892980542911
0.0,0.5473193536770186,0.9437314381396399,390.93257973591255
0.5587935394328033,5.228649445533837,0.9061217026676944,816.8865553582265
11.785252848202955,0.895365072028101,0.8741304162962352,656.0343220915307
14.4252509953107,1.3754069554150652,0.7225880357523,604.3906077301875
11.492263195165519,6.429371280679845,0.8689200207121822,44.00081156818629
32.19757392971661,5.258920336268914,0.8743965285678745,572.0200227138823
38.22070316152022,1.9560195678067425,0.8683298222627807,455.1812628908725
37.294097246163886,8.802813984819434,0.9366517722686428,50.67519421421942
22.989748629991524,6.599132306818681,0.788078307556775,347.48914150040525
5.080753647319983,8.238668262427298,0.9476888494816844,743.8278127183171
6.5485109283037595,6.140289667053027,0.8754680845775944,542.2070402243419
33.551989589622956,0.8706665134908954,0.8757883499143275,640.6459278434543
26.23152290637657,7.0383527644917505,0.9312983072999987,662.4878283993547
2.4891593511047607,9.978161449530859,0.7408410429737595,672.1799867874228
0.888461470601999,9.047349477622353,0.7806661982198079,222.04599343317614
9.145308016303492,5.697590123577583,0.8986076795353265,726.6787925361914
26.44008655345124,7.095388598224286,0.9377313754832226,562.0155695190103
17.19604435652652,1.5273416253834662,0.9246540505263221,504.9134873049359
1.653073953664178,9.760284708155242,0.8751918534545711,180.50817813400627
16.523596403066513,6.841997284159673,0.8958702465043269,332.81451480352086
8.962850014680276,0.7816961598284026,0.7419585975038707,889.0850460709001
7.729448346209851,4.149972729528865,0.9162826061058273,402.77649128741933
13.987519757655104,2.9335245222061905,0.8193187696039834,641.6988724736383
15.103909440682667,7.126351094654785,0.721295709823316,597.2001326533559
22.44266455244607,6.614344511174381,0.7491266969231387,767.3952030163567
18.010273185813784,8.97391087087056,0.7069995123667294,203.15582905246436
28.934798167203823,1.722393299282592,0.7769548724896603,960.9420841954505
8.746938235593195,2.736280373666648,0.8060792932459715,247.89969409707737
0.0,0.5726865187037937,0.7130091035790909,895.352921790258
0.0,9.481704866681445,0.7248077179953922,264.86827373670457
27.51238110815868,5.187970048167227,0.8548426838172262,346.0557412505303
23.285444584853426,5.028310395567055,0.7198058718315895,183.8049037322042
10.005844872303468,8.450763021780654,0.7316947004417416,942.4139029371063
17.143281636459268,4.1038530520300585,0.7612782824489573,998.7689841818527
23.516672215142787,6.779508573837881,0.8947850284507313,118.12811981469932
21.6095494649504,2.239073414184828,0.9296888471075223,524.5672880121749
10.809215034459315,5.246603787956521,0.7037808796037459,243.41601445132443
9.71760464091391,0.03961125406246375,0.7860481717129474,476.1070734303588
17.455195955055594,3.217753404091816,0.9126065211618661,524.8493484899453
33.285364961810046,0.1081753049716008,0.7799714412151159,896.2429876050013
7.868536392776109,6.446506033063108,0.799980409670718,365.15598644918316
22.00312324755971,9.83519624111992,0.8391640317937301,45.74877652746913
35.31454280042597,9.867062771766596,0.9191017043355175,64.55519939930241
31.98388918074655,3.588160910691381,0.8709457560008209,794.7887522887235
26.772382073842337,8.529641803800825,0.9137621111532301,235.3047120159344
25.184583796328734,1.9256051589279608,0.7638072308358286,745.5791752868221
23.544301816169515,0.4452447411629843,0.7132579713652529,950.7096602673827
17.794763764342097,9.642676405663005,0.7402166733370639,914.2128559002847
13.770068585193982,5.214590504490143,0.7311012345935618,246.60042846456463
10.65170252777257,0.9991234410394447,0.8589424393232441,119.57017962404166
16.622489775409584,0.2991829401880081,0.7807958585398791,878.3052582746493
6.466548162551276,0.3234046339560303,0.7843208916732773,128.2403532756356
33.66476701196001,6.054224287881173,0.9264069757250819,500.0153244397926
21.978290548840473,7.150965005995059,0.7820486848805855,479.2176010260324
14.318226858354326,9.708286808426946,0.7673033031279406,758.1287032690474
31.797550874374124,9.306655870623484,0.7631193603208839,130.70013432459731
19.56397184090868,0.9769545840177848,0.7695390149408669,241.11609523101154
20.905174860844788,4.050078796088888,0.7907867134612019,307.7431162882231
20.646380396616536,9.129273635670758,0.7889733942902979,680.2590813103536
6.747632985589287,4.080390228388453,0.7002958322955207,535.3178473100625
0.0,7.309924981648043,0.8507601773778237,935.6407692316045
4.4429986798947105,7.095491833977674,0.7488660627619461,340.39232696588596
36.26910351211971,0.14099738314858318,0.9071239280622444,563.0956815533793
37.52555664202882,5.23225027439326,0.8841200058568673,707.8915922804263
36.75646026415547,6.576211025427965,0.786775958314295,769.0018334215301
10.010458903348553,7.835628717138848,0.9165971628320911,64.50765037448005
11.388151514656563,6.901658885334725,0.9090053012626998,504.1767475284001
0.0,5.995341086561231,0.7046036133129678,59.609037158322984
18.019677558126926,8.917174039059912,0.7249638118195011,531.328098637395
8.436497911473097,5.820591450583152,0.9427651415929902,730.2844001030851
0.0,2.203983435753584,0.7206304283849804,804.4732377498275
31.788162782543818,1.917019883647935,0.7101261316181525,543.0037834989275
9.189438404570911,2.112435456876404,0.8322586178903008,824.2608064010977
12.800455841205736,2.50413684171916,0.9334452502950765,837.4301413239273
2.985233532253749,0.07087010626969456,0.9145691336040552,134.81509577224472
9.662072547098397,5.243740640576574,0.8245143571047746,701.9023591584535
32.88823558290499,3.832277822455603,0.7995735770942225,119.62842475941436
22.082243553979158,3.2166923187438563,0.9082208577814964,545.6892509015703
7.7869778153731595,9.019259015442962,0.8303175335294567,236.8428538745624
5.801931307163838,4.4789988796668085,0.8218125715033041,625.271484493623
8.858368362069074,6.856298079225423,0.735054779061687,845.3213950681154
0.9908930618019884,2.7483411010649252,0.9048778111210458,667.2992014488268
15.650862869050892,0.7924137244098561,0.9049328053752401,667.9912933438666
38.672259812785704,1.8006513653414407,0.9204128438410226,777.3119526120488
17.096631362283443,3.302461115622095,0.8849597374949967,366.904361859605
21.250931881880724,8.123023357268885,0.9343138834949168,451.24117051105765
0.0,0.10354825304176236,0.7005823217034222,48.81209543012414
8.620632393133008,3.7744936959477178,0.9365803511834226,157.2334771691909
21.668453287143787,5.721789649177403,0.7481556877145278,344.2755766102299
7.581287659652713,8.46053536843057,0.9084267488570623,834.3950898681572
24.782699326981,7.201458838795043,0.8587619238635363,470.6990566258593
2.10357985586203,6.689912587041497,0.9434512064395509,363.9283396218585
28.358552122930977,1.0715273455536984,0.8353900063061735,967.5622735818783
17.63295337152702,8.975384967614177,0.8943671779366451,364.49656200635627
32.88761771661976,4.287090086860691,0.9299817039529563,746.7156322447042
0.0,1.475852000933895,0.8779635087774803,405.66714392880806
14.225028389773422,7.737181499631531,0.7239860641416929,822.4489496179159
5.945496453956418,2.586909485820192,0.7478863330393066,288.0101283465193
37.70588590002426,5.422177703149727,0.7545875332480092,60.929716221428585
30.954606909863653,6.069592994317632,0.8235655268025909,459.5170086674363
0.0,9.021819493759057,0.8557968223444268,322.3003266395442
26.87312483580362,5.493534486148053,0.7815207199046237,945.9243865337385
13.41149415548058,5.455701378280175,0.9242475959607349,223.51718840515318
7.1909529692714145,0.6021975695366059,0.720586606987974,733.4559661382779
12.705476574867916,3.3343272775851487,0.8476442267023085,287.72560918800446
19.136566045662143,7.085473030441839,0.891535238049568,260.55552675379636
33.70261739972835,1.908525630113164,0.7546076872318425,826.378253295692
21.320326594453086,3.7002071331515136,0.8722724317354702,723.0632136078111
25.565728429327564,1.4615731827009668,0.8768617654890187,450.18208308046445
11.523066134364665,2.8789782988450776,0.8885812679174541,303.53558616280355
8.622060984696223,9.487998534348668,0.8590949695486175,707.1666123033312
0.4918676948609207,5.534551823096503,0.8966953318587311,412.18273760367174
29.841987678443537,3.670025269576292,0.8687140301886831,175.0681684800567
29.034714105025174,8.26756656124707,0.7273899326706571,320.8751188978079
36.59540360541738,1.8336186265230179,0.9319292743381641,411.38920594618634
13.51132308639352,4.1193030906120525,0.9402005620214716,319.01523326062147
5.5052689441453255,0.9633297533254254,0.7297858933425531,414.88022503936355
26.593257761632266,3.404379474046071,0.9469342976768129,99.33135941688555
9.186574906033998,6.7252379203134804,0.822011249471605,965.2439992666745
12.15677099779544,5.1589338967821075,0.7130273193507859,190.3236027498066
14.410176629727264,0.2583916964073407,0.8713999922516513,369.31559566882976
13.008106438140327,2.834123386368905,0.7950401478682523,390.6144448311615
27.034101883894756,2.164185283971694,0.8408869556042766,178.10543097875626
17.98582561477307,1.8916957504289613,0.8730539528623961,802.7074566308979
19.293266928170247,9.633581585639247,0.7306939049974616,935.4662243113403
1.8260108098378955,7.7152481051282775,0.8147520781560013,848.0374298011336
14.98094895774194,9.754914646672049,0.8444988529403674,433.6253382548015
35.63694432905264,5.729459088552289,0.7302751114991503,51.631605608515194
30.413087757052427,7.3190434128732,0.8010207039549451,418.82424789297386
6.806919707682445,7.308693103235209,0.7573087450010495,527.0467318702915
10.81134850101763,2.7366764921384514,0.9066916651556233,569.0305662031412
9.888246699339492,0.39016059826205984,0.7463874689258558,269.54065987676273
15.069165722623202,3.4546507610707464,0.8192782940635798,921.8290860379174
0.0,5.544319819307847,0.7385054025611788,101.19304311409934
32.438913535776926,3.2059051931122533,0.7917627295544861,656.9542591249764
28.269294745409358,1.2451331653003792,0.8499798792044596,480.85665397828626
19.374672908020745,4.376588194637308,0.8023413445841544,542.2635986390978
8.469693508381459,5.76394812777717,0.8850122961053988,304.1405912512891
28.307200093364184,2.2336864088455988,0.9026694328476631,544.6125650834833
18.517062894018572,8.403578302931276,0.8509470454734855,952.0289231146429
38.74435876130832,2.638934281094648,0.7700439850916978,260.1523055643798
34.43979325555252,5.470427097294826,0.8558694060613201,336.5405970809133
0.36569848534035443,4.417650018011212,0.7142095677505341,923.8836477679511
19.174354211105673,4.989812833801068,0.885976956334037,331.1721860771629
8.900508541432675,6.29701400489864,0.722211320750497,208.95529577846133
11.36862455132891,3.38728884042086,0.8925033371175317,186.88273695547508
18.315486160671895,9.576992578397146,0.8545556010495131,318.77444568444923
0.0,4.171167094304892,0.7099850262554996,139.84381478346052
18.474483012445404,5.095297315903551,0.8686299413847828,101.94209252814832
0.5576963153039296,4.354849739269318,0.8494969543145059,984.9120799200136
15.386625849944798,3.0618331596322625,0.8541516443113693,354.55536012142755
37.403754028930265,2.113632380666477,0.8675626630270006,538.0556415104659
25.168797236301856,7.591670743071987,0.7782078588250478,631.5978941687562
15.856894302529815,8.991225768337706,0.9154586974129013,671.4963828049438
12.326069563641214,4.599517231972957,0.842132605228677,209.48836095929028
3.7994850043709083,5.944741118852873,0.7756864890104942,511.62168766740825
5.59303373204658,4.549575519219787,0.8409348392754699,513.2103327672309
9.39723330385916,4.160881472101499,0.926105347469987,40.816047159405144
4.8741772861782975,9.37073083516822,0.9337642998287059,605.4028330068757
39.99996662122939,5.538405061402489,0.8255996487764125,617.1050140185716
23.686636545688888,9.829920018422802,0.8923013087712488,784.0840389734697
4.667923754901488,3.2112922833354265,0.8188336843710177,188.6576332407996
38.18470768092409,4.2109100778439945,0.8852281182364821,913.4078567841257
10.469548123488785,8.718033030416478,0.7365222952170942,147.15292685576145
21.264659906490664,2.0169155550399642,0.7202995725890406,414.6848537919634
33.63382062448056,2.5576781859366515,0.8783154956042245,426.1270005352436
5.682901353152135,3.465559993286907,0.8399357208659741,996.4101691183731
4.852487178128516,4.122577867358527,0.8531321566149688,698.3208321189835
18.7584610012213,9.657323969481133,0.717370083439806,963.8589728357399
2.5200356083588145,3.352789810293276,0.7294377813346474,418.6562638118612
25.269827968537122,6.829452483352829,0.9492513221901804,143.1242197610246
17.392404137082295,3.7940327834820367,0.7002690601141502,901.8838049305826
13.880703483800346,2.7813323687475258,0.7712958925636628,494.8865478138707
15.432655745250278,9.72384015416963,0.8138615254975726,495.7910695292383
10.433710629365175,3.5335166504281017,0.9446883311429679,336.41232354195125
36.65364903849386,5.273424188420896,0.7724014998028091,746.5319711897488
12.351391443775064,5.163830146684807,0.8840050858261331,817.6150266969407
9.6921077714315,1.7522012923463686,0.7716510019001317,264.5388674767068
36.3617935657967,5.088824118828937,0.937558330009244,578.6856209849866
15.473111832489316,2.940533948860178,0.9198462827663221,212.44606789806414
28.764676476457375,0.3028570323744046,0.9057763480844534,204.4225186579777
38.470249365082054,5.3630641389822955,0.7514749303758594,347.7550484214607
1.0066077101654347,0.8894599261410115,0.8349797208195564,357.32660970940697
31.36108268812168,1.7866340054201977,0.8277012302174795,201.3892968423699
27.717116563279816,7.9360923269596455,0.7186655938320938,460.8165153331765
7.631103042701029,4.520481258377937,0.7018071057929537,895.9883752926656
16.814139681065654,9.681459883118677,0.7992493296132055,850.6070906972242
33.372560797041736,6.189017712402762,0.8517059311931475,447.50634437117793
9.70045881566784,0.3901585426394695,0.7322718160163586,238.06460067174
19.673805186248423,7.037496908963353,0.7216147336529264,294.634027321064
38.91526669663929,4.942524433431648,0.8616759729755673,835.9288206417385
5.465332522756408,7.105148029849158,0.7699553808863644,437.9919400606323
0.0,5.176137925242959,0.7318370588176308,628.5321574114628
0.0,5.4189144161719245,0.7280531381739629,68.13173690050327
33.36407946221359,2.48705400476372,0.8436874564001433,672.4366757578312
3.712072873290758,2.3980628322628377,0.9014330069667265,927.27895784746
10.390305549312398,2.3655805375846986,0.8963318164558143,956.8834129787062
21.736014825168066,1.6703541720326387,0.8959850506099352,454.4986112834248
25.44945509983194,4.43284075113318,0.7284933805740639,545.1144832527298
23.07777748651893,3.315306422544602,0.7522155776370597,207.86901511664635
10.632901254434659,5.426248178114139,0.9321777587131499,867.743547064519
34.78292440361984,9.33961747346932,0.8908684117274273,270.8177342308267
26.62492696637468,2.6878896713563205,0.8886023368154414,779.7946130166456
39.18800123208909,2.8563055773267942,0.8584872266549839,142.89945482878025
23.646758721067414,9.032690338452639,0.9466045337065129,558.9092158090954
16.840729068889534,3.2385237949078913,0.9024728167694023,955.3755741693359
17.537666127155546,7.903359939682824,0.7951500245336488,260.10484746374027
0.0,1.8335818639595816,0.8562713611443041,58.96274466602687
19.953022070332285,5.026590347216029,0.8832937410357491,535.2344814494479
18.223233858172485,6.950642618888669,0.8498630024356987,890.5469473876447
0.0,1.3576818822211016,0.8085928797381535,87.00709496384223
18.829404674784147,8.44059916769989,0.7554564220193852,123.97595297886461
21.94256628479984,5.277347215248261,0.7618581968931528,514.1818351434437
33.446849676546414,5.5877197305427115,0.8550477886326479,281.24884349981227
8.546494230925775,0.9829083677073301,0.7333310372618601,50.143211201369695
21.997978981050547,8.888557311287839,0.8488056295158372,582.9153345517581
18.920894765672205,6.884840962271909,0.8689804408629969,198.77355427346282
0.0,8.767462053517198,0.7379643214847976,536.7020559426239
12.640518545178313,4.433909711123108,0.7229786176120765,395.9627719052289
26.19422278529418,2.892514238818268,0.7788146845849493,789.7784062926305
29.7134770665736,4.473966820494355,0.841351477651618,259.8662331344941
9.773736320940694,1.8397307289260874,0.8374489365890553,129.3331343135377
0.0,8.630631501966214,0.7408733624926869,714.6991059901254
0.0,2.9476869149480653,0.9011017449121066,592.2290187385287
5.941559831998309,3.1464590613615773,0.9472160083293244,775.875386821843
12.191467702418203,5.117418681701112,0.8211765497880741,381.4032664314728
20.332894371932014,1.0307426340728862,0.8949773749680059,533.4612205853416
11.503426821061872,0.7916597325252278,0.7931530922576326,390.2782470128956
0.0,6.838649069234647,0.9169441897423201,153.72259396806328
18.615539996735194,2.19805041892244,0.8314947956192199,239.9928199462488
13.606125853961307,6.586915447782991,0.8606248821261335,412.6627275799133
39.30164739696855,0.7576141809053141,0.8891358631763002,915.6068919219537
8.66044984468333,9.156773101572359,0.7775746911698536,321.3231642166479
34.31249982576811,2.6217335327108042,0.8892099004658773,773.3618009887567
30.09247780844743,8.72718373425704,0.7560155430430031,691.3991187556676
4.553210142282372,5.389281493052138,0.7279558318447245,514.5447754197697
36.835506594604304,2.5401461054783625,0.8770055304977771,473.58123719756986
0.0,2.3670387068224854,0.9081426147576017,280.1544766487531
6.4835139705117975,1.2034298941528372,0.7719987095310924,861.207509019255
30.05468931867776,7.045934335520621,0.7497083081257827,755.8775478700718
24.838764741550253,1.8853240123236303,0.8712473970471648,419.60015877520567
10.59923658280855,8.287539538897907,0.7887671075977736,121.524527130542
12.20548896418566,8.286695542145708,0.7072398576792238,681.4524871611635
34.95644414039397,0.07591547220192138,0.7382883252412982,165.70192752637672
20.274711307996377,6.176733081597287,0.7334531980521012,267.20728143712057
8.539472035141477,7.976015998226168,0.9461319149028418,85.43159840090752
23.44286739507072,9.814809413709506,0.9291402484685052,716.901842509733
36.678435828344696,8.860874846680588,0.728908820693368,621.7765610825736
38.630618645567495,1.0131534773134054,0.7629026968126178,416.99041914226234
37.27410124161309,2.0872720461161633,0.8261551111597234,951.0665641383421
7.655678302165822,7.761038322040288,0.7843402949654178,412.2683948280037
34.53522144032048,7.834040599847572,0.8300199518062749,482.10476149698246
27.65770781467977,6.749002612983325,0.7171786401711591,956.3894341578981
18.576404499698672,4.917549716132244,0.7564332363964034,62.01277651147784
39.52833711759507,4.362934770764323,0.7324414572459945,327.14798226327025
35.83627678832171,7.259892572713546,0.8891961051273862,448.01182967353037
27.083236740527706,1.9151084811104748,0.9456505490400953,60.46329274162364
2.770173541081655,1.666825276722735,0.9375925625873267,684.7942470599523
3.101087113350364,1.7727966450028043,0.8734824871195989,254.03951777846714
9.803480834188457,5.744477688440595,0.7228017179436638,450.31884336667105
29.143613145514816,2.0228291436185803,0.72552802781892,897.6384880929704
9.546487870355973,2.542706106101176,0.7107186408086461,586.6104127771075
2.592070985546354,4.778054597917565,0.8383663549940495,405.23203015574666
18.560053900237612,1.5255038579327687,0.8766599936679114,521.7821783851284
38.043370942001104,4.937873284759836,0.877596190584935,708.8512924811431
27.610191260099338,7.184952614433714,0.9402122020682316,80.83880814612449
0.0,6.821908990513821,0.8537390309581511,365.64092234843315
0.0,5.487488259597883,0.7968003307211335,862.2390926788509
32.89036155497794,8.039549613681551,0.8050583629694994,245.8626426545489
18.76140195630272,5.077965549834571,0.8555265474588958,367.49258769538864
10.53921956189815,5.7847957672721915,0.7925576236691396,165.499843605045
8.487174252217537,5.37701619842272,0.8449596800585661,550.7880616832795
24.18195205496041,2.9675441703623524,0.8300961358207609,930.2259656736857
3.569300136946922,1.9937712108924313,0.7074479967035814,208.11467378356502
33.60866250945272,3.1815131165046586,0.79694310345012,128.3465863373877
0.5224112891057795,4.645673397164106,0.9257009682205628,466.36173854524856
33.00097769324467,6.187644052727459,0.7732020728020771,756.1940774034931
30.04016511268489,1.3847034737460537,0.7855468348111541,190.7059959190319
31.72988076589565,4.4552866578879,0.8634580125228444,636.3073684063922
0.6462606174545016,7.769276446303168,0.7073844936529539,392.2672989277156
0.0,7.173400575753963,0.8613565824044223,801.3621933337866
3.3179429482989398,4.581320635449046,0.935418140242076,277.38924593977106
38.91226186119258,4.945976030715832,0.8918259300989648,894.8186356317806
0.0,2.7103114413649916,0.8501337085996364,140.2322618629893
11.101361980082444,0.04680308180114035,0.8252432657862452,855.3424539677833
15.346172936936032,8.717049044713658,0.7916167185648639,651.444325459501
12.049883272370282,4.209869223454534,0.776089780686299,817.5798154322266
26.330947444335585,8.05754648592045,0.7309322537674834,691.1556235309757
3.860890336267829,1.0766809875409593,0.8045030302004748,148.81759922894528
24.240543109343307,2.8613868254257304,0.7132191276200643,911.6359430088138
26.908416290589063,4.0227860397437505,0.8499093077008807,512.1660400275506
1.665630984857798,2.7007180547176146,0.7789260864813918,304.65373430025534
23.60749252417454,9.333714159841822,0.7942972817920928,585.1633315100088
14.36512118830643,3.2217441477428412,0.8464944350648218,467.2513080274695
17.876727965649245,8.22822188876679,0.7948435745080413,866.2675788447901
33.04719278858099,0.32176466745833376,0.9128720728558339,833.9253961026402
33.8781581756779,6.6103908716822835,0.7901600537021133,852.0913909733963
7.900178941837261,4.632941842722801,0.768778167866668,263.7923057116881
24.129211925983196,6.283233578636814,0.7817256229071549,819.5050360718127
4.842728112742075,0.1548231424078991,0.782366792866935,366.1839248414917
14.058747355467478,9.492136997607368,0.9079289568066614,745.9667121926026
7.160242764971316,6.417067131059228,0.8068370903163655,874.1137848406327
36.564158974962574,9.570474612808928,0.7972795770782894,874.913174278
27.04689545194512,2.991842428601886,0.7368925042793023,857.7541337783805
14.130408102873151,7.755881361745484,0.8990249737605256,691.8345279994162
0.0,6.46757218121732,0.8085009878965268,949.0039750602992
34.36736614767218,0.5181730635368469,0.7487113035435848,401.767979501796
22.99722618972323,3.232102656808101,0.8815068305027268,756.6548834649478
24.471728415878953,0.5724538036289651,0.9281022571906097,473.5288021739945
0.0,5.722106549351732,0.86095049893141,564.2495579711627
0.0,3.340498597077848,0.9447563552036589,963.796039424914
22.777466457537574,3.2077891197100867,0.9067994063867664,435.5803892292421
35.04871863631414,6.83248515154005,0.7537350100512231,475.17618675316714
35.29511184232479,9.54028909752531,0.8663511502764917,476.6239234537874
17.362435477827976,7.384167041726131,0.9353744275011338,121.59328232354667
30.334313308697624,2.9511935711908115,0.8189554215614305,600.9155149636406
31.301527709093616,3.0897763879471487,0.9278581177622507,496.1965994154464
28.419187899282853,8.956628766224465,0.7379069224040729,891.8881904332524
0.0,5.007349930302568,0.9282849482983209,148.42866280589993
30.139136261389787,9.869473865454918,0.8515121021101278,184.542359883713
0.0,5.100604281289523,0.9178567044761535,831.7505396007623
3.6087646715420156,6.033847074573468,0.7005519342050512,845.798296645988
15.954819989745689,7.413686845732215,0.7435470795384501,69.96884922274984
22.262835591495328,9.474894062215244,0.9486776292202765,331.87713423521836
18.649119843398115,5.981771516293066,0.7550611024127065,862.6427824902111
21.794736655882943,1.5974176722903177,0.829910567173688,134.73242072470913
13.318934957552353,0.7176303412184399,0.8462385159617174,69.59675991882996
0.0,6.437381403280503,0.8029233315545226,47.03580391835196
31.142731859594235,1.7938508864859177,0.8506372799466992,84.88228250605783
12.59419423128523,6.234530424579136,0.7493757122157698,82.56899094198016
20.374468194074865,7.1755478404301485,0.7586620732903661,369.4146551906997
6.131654742588727,7.201737798804229,0.9397263081601114,85.29177781606091
0.0,6.011700492453179,0.7656786421817958,787.5903383707325
4.784284341502752,0.3874784870646803,0.8573718056550415,218.6506872798754
16.39606023386586,5.727906176271081,0.7771569658724723,157.6916264666949
4.46823229807348,9.183910600080065,0.7159602202212081,943.6026392846745
0.9649441624419494,6.704801375911617,0.8707294010076092,398.2000124812294
0.0,5.748853288897065,0.7137962972303822,695.0019465071822
24.91680914956042,1.9449275188750972,0.8377848061521029,139.28429390569056
0.20865336255463895,0.25368646794133043,0.8022800210305738,945.0991822988076
32.22054228617613,5.497036685812899,0.889467065972273,549.8336211380239
4.815874823502899,5.467182280276113,0.7356441867052845,181.64756649327333
27.235862949218042,6.044230177207446,0.9031833397837921,310.4179482336161
6.770271566365562,3.4469317752059845,0.7924180434825528,667.6991812643842
39.2153438572937,7.053400479580316,0.8465960506434891,257.9390134849764
30.290108128391164,7.494932562314205,0.8181739638412662,950.7480357077799
37.53684712633643,3.870136185078538,0.9413682684525443,938.2064208755281
38.966272582831316,9.42457098251177,0.7909472646318007,539.6265106256716
0.0,9.274631656221237,0.8949811677035217,290.3453411113974
9.938637199045585,6.481720388243114,0.7388771493558344,977.9236152912463
14.304741890311794,8.060556404802742,0.8305375630780825,690.1702062292001
25.290134916396134,9.304895271226519,0.7336249489797425,107.11217401152958
8.25599024630496,9.553345056074352,0.9248376560255711,654.2440351463911
5.095724174470198,7.837792603165571,0.7506996456841273,711.5613159136661
29.90319734377902,6.5250845648913085,0.8729609443759179,761.7596200096744
35.979607176954296,4.549836121527125,0.7325669428546026,259.3560270647738
9.046851599942277,1.8120829480842404,0.7804793684937856,175.36288618122896
10.37180484305466,6.7896072694408405,0.925269943926892,624.0857274806243
10.609887172494886,7.858814193882496,0.9385674579124917,905.7381121186951
33.239326783935226,0.03145891749071496,0.7455054676192984,887.8075246127994
27.33161597696343,5.02718162589151,0.7022786580907563,946.7132693211263
19.986133762779804,2.4575341797268044,0.9412597364609518,80.81291325144136
25.621110209855516,5.25155339055305,0.817355929558242,148.93510148250928
27.443879442175742,4.950301705573098,0.8084099885257594,887.5411149605957
2.936910825453343,1.8774886947741944,0.9311242907966545,717.1491432734455
13.633051869348808,7.367860897122983,0.7096619617446376,360.96104603462567
1.3414134288420918,5.8339313729667905,0.8511581802712562,600.256367455496
23.899915387346457,2.1949893117821975,0.7409841705120008,439.41640911842893
8.505117395610597,7.280679097000652,0.8287632951450401,804.6595132603024
36.03103870409112,7.31907700820199,0.858265481642029,518.3577294599756
27.838701720522682,6.880194264668615,0.7874473331235651,538.7335551516422
0.0,2.058744854898776,0.8650340653712885,782.1857835020396
21.319376432360468,9.93881842305808,0.8046738005748032,822.6256454877223
8.681036315079016,9.20068116685527,0.7229478510593201,148.60962070125169
11.995365591323134,1.6610209893774865,0.7811172857492942,791.1838478819842
21.71678712037608,0.8288079782298121,0.7725068047058075,671.3277398223439
25.901098276720194,8.768716218089962,0.7702975311803687,979.4080843922421
1.435870177143649,5.2019934011634215,0.8645635617096317,863.9649588463305
20.61238426922955,4.043460400409132,0.8330717253935522,223.74756952605372
11.442005267759772,0.04992615151044604,0.7582011812381448,607.6191518931037
17.699641246789824,8.547746282171962,0.8463532086028231,335.71592101613425
28.192958247423707,8.992106892044376,0.8051180877905129,808.7045514815393
12.842329996702148,2.5318875832485066,0.7451228301659913,542.1648632354501
12.653529879050046,0.48500216535714713,0.7575315977897346,428.50396395789824
13.0492417326599,5.12122029552869,0.801670280640733,309.4303249911743
10.05849096537978,7.4851862023825015,0.7142674406246529,692.0120450230771
0.0,0.15210582602323355,0.8224364320259818,480.4582296359415
37.006650356714516,2.9036108029909737,0.9046049700377158,808.7956075348276
29.392657577386597,7.250539208724868,0.8866353370236296,68.63745866584232
1.6529359304613371,6.008249416932869,0.9452635315060416,851.323577009904
38.7660801418837,8.597600387238412,0.9441615242993197,583.19398438928
3.258943486319055,0.3013461915217147,0.7176701030026994,186.00332051038868
34.152488169974355,0.09465666577902117,0.9165154474529031,477.7923627673189
8.30761531007287,9.411547166568075,0.9083011069561814,277.4616879627321
39.031153901826784,9.472737679770688,0.9201152026447073,463.01909135731387
7.394652723368622,2.2155030268401172,0.8529738457574915,335.1470040678128
20.126059492999563,7.266604377221735,0.9391303251070489,651.7513277600531
28.407408838670513,6.872702854040889,0.8977105417114037,937.506904922095
30.572918548823164,4.4145717783121,0.8826744405217929,58.8081376684665
23.876831753053615,7.708336397555986,0.856436452769275,752.0406925759033
37.808188135352935,2.810081287803689,0.8233418330520463,208.42626460340458
10.944717751469014,6.975435439618462,0.8450414996706674,692.681158631589
20.140712723676558,7.939898876562733,0.7951370247011411,100.73806970022893
8.649756616189427,8.66791490004085,0.938869697738842,108.47056149886384
20.702823904032996,9.470173272870811,0.7886361536365881,725.537571338539
21.87491696329534,2.7821346772588353,0.7717877572501393,130.63826316268543
10.484633347944806,7.91418673676685,0.7493958943225189,223.24857364384727
13.367012099695692,4.992536888816696,0.8292002810156952,534.6096168725245
4.170893146981499,0.7068532674443851,0.8696635566566665,229.7794121581071
28.854111288584807,8.05295549258809,0.7135229203288268,952.0239939599128
6.500494431210321,0.585846540588456,0.7996215884926041,60.57412941679868
14.95517044036537,7.145856803118881,0.7438369622107963,341.76225720130236
21.96725250454718,4.555663493225607,0.8808053955748545,199.42245746139128
13.1221319823152,6.273884326075761,0.9057971659031318,281.1028928423754
23.54911791737871,2.9633011593861602,0.7792946107389347,71.80208373411193
16.250936418967687,1.1830474057662688,0.7807278867485145,996.168745794082
22.69421606202448,5.162577996069642,0.7921699264721255,403.72081130629135
0.0,4.701304783151709,0.788271317046418,602.5853577822502
7.821026531746398,5.789681776658599,0.8609267727086611,705.8947162805761
17.727627823587767,0.16825146641890723,0.7684263498601349,781.293337327773
22.306394021106303,3.347644713889746,0.9237528044072267,512.7542970554358
24.73253192640464,8.502646532971475,0.7255840985121746,960.7734763021606
19.966043933838254,8.426094359560368,0.7419082960133149,118.95156290726838
22.470092882001605,7.790986643870424,0.9386937832864534,753.4482349238415
31.592612413879536,1.123535904111313,0.9123768444733342,884.7677455534622
18.32435474928416,1.423031891554836,0.7873239549824711,282.6063670328774
7.461826632852419,1.8447495728913292,0.8052411230434189,762.8394125054039
15.25729549789694,5.222650489470858,0.910074087920497,593.4794081910746
18.570376226146898,4.061406385208959,0.875772095225818,859.5924609800777
21.03732115114923,6.330784579930028,0.8205014124081034,923.3058044393564
19.47205355357594,1.1697507551077855,0.722554087353204,890.6892349743893
18.54505700540303,5.17219272810008,0.7029458921533897,373.71140069716546
17.586610188791198,5.5248024700412355,0.8356320936159836,873.9270865760419
27.24499514242579,2.4238378719735123,0.8895081029359482,610.2308737721116
27.43749693748176,7.477260846527295,0.7793824724516067,733.8755796020616
15.58870694186675,7.090781038200929,0.8723978018985569,367.5834857857965
26.44871057597365,4.909505256122306,0.8452004604251081,809.9036595666237
12.174909235305046,8.251898872681949,0.7099147119884053,994.0121869723105
5.070431911188377,6.109429638425956,0.7189441337586514,368.9906284907504
12.909005853716225,2.249825857983931,0.7070123551244536,288.3609467824376
21.299492778037777,5.784770493066691,0.9054000409511878,168.7649475887701
27.263390698102448,4.0100472388132795,0.8337322571249053,275.5212919564542
5.074719731907637,3.9475913771826394,0.702146210337379,136.1130179231352
27.182101412584206,0.3891230158523228,0.8725484797831046,802.982469236889
38.00203336910806,5.827669674523289,0.9371722908537181,87.91113945516429
15.275448764075762,6.360718807046007,0.7278261355023905,297.0122485112871
13.866151697497116,6.657721083657817,0.763780748874407,193.41925067397705
31.19730821290656,6.168577379820732,0.928774140026608,102.33307249652363
20.727889725437166,9.378530347129836,0.8080604013172267,277.84504515687746
0.0,1.2694630240217049,0.7627523257086253,260.137597935118
14.11649922360487,9.187166193039385,0.7833348154194286,544.0963622501276
22.661693914979303,4.793772551524479,0.8786304430250369,252.38430952158697
7.842431955769545,6.654948085543095,0.8357590565213099,940.5992228271728
35.88382414987538,9.578389034151929,0.718649453156917,681.9994217213782
3.1642275554888615,9.030995310859543,0.7415871658541678,527.6015367194633
2.4060907142821173,0.7596936903016519,0.836415927627024,536.8785283172467
22.247958996186266,7.486813303160843,0.8383880452547846,304.84618727973225
35.70651722834483,0.2403758687928067,0.891255233715247,627.3259629349164
22.99004481547443,7.2563948611578875,0.7535089314615263,924.4594672595243
10.733682054761138,1.5033659049634134,0.8077779031137582,88.42740146795322
5.857391350960937,0.9829655582472162,0.8323595996908422,903.2211765323428
8.51549355789471,5.289341730693754,0.8954481237085036,226.83690964143037
38.56450678641491,0.6005647309086116,0.7452703859768375,176.36362722158322
22.65327318322399,2.725902157672359,0.786406569531184,45.21818499186612
0.0,1.0320335975568464,0.7843734129410407,837.9478529030774
10.199434166927475,9.052997300878616,0.8497263562602275,733.137047470738
0.0,4.189592035724079,0.8798343958477138,818.3771115443407
9.40037033284492,0.07634586957141648,0.905989837288877,555.6350462967937
37.32446067811252,2.7519796412573294,0.8876684181256985,365.97909045651903
10.130780021505826,1.1221590702724675,0.851237480261825,953.6623367659071
21.316946329550873,3.209430806090922,0.7911486357165396,183.5492471486259
7.845321592959873,2.0309906586208006,0.8836167805269638,371.0341828312682
27.20677349592185,0.20391210288406242,0.7224887126790431,495.1902787931482
13.597452522119292,6.6635465251706405,0.9498943343645132,860.3715693460472
21.939759311401055,6.027917876245719,0.9434573060383794,422.2716110137143
11.30189925042704,5.686003996330662,0.8711902170506698,238.8909049918816
17.8403688912446,9.270854951198073,0.9181060950963069,555.703168684214
0.0,4.735187774242995,0.836371055515764,577.0679415263083
0.0,6.8615590326512805,0.7113445479666345,439.4912172016096
8.23563958482634,5.201787664600966,0.9424520640855022,677.1847450890259
36.70168751256015,4.00273692232741,0.7605785468613407,117.02749549624502
9.247643138232245,3.447665319160709,0.8621284416851432,453.93783828773593
26.1504429122098,7.917939006733314,0.8867247274681189,636.3290429687349
2.5863020986951466,3.3378616498272935,0.943633857120127,800.0628164411578
6.735903815118314,4.3489648010106645,0.7622322382684713,214.9857705614748
0.8298511863336016,9.2647628223528,0.8100499489375363,764.3571955141812
0.0,8.032510745387615,0.9290548774178766,391.7007564587284
24.16058183135538,1.7061130264770044,0.9275351466277013,681.7169353794751
1.2500896567651831,3.7979696902799227,0.9108749742797047,482.49750992272294
38.28789895504342,5.947244077070731,0.9128018493248921,391.87676139689694
3.371808529532708,1.2039613546506007,0.9200330806827297,880.579114388124
8.038665738111616,0.5918128826761556,0.7629305506647157,99.6162067482431
33.882281381590815,1.115033081766802,0.8128989692640403,403.031179634556
24.057500214445604,0.8505169293258505,0.7950185297666585,586.7260977456194
4.933544431055907,8.816349291304581,0.8292060224089641,747.7279529411489
13.463690920521122,7.781100339224576,0.8791596140371379,868.4331916004986
20.395231529120874,3.222072573081658,0.7486379406105641,127.80821091349341
13.519821615725855,5.460891166502586,0.7205821991803982,51.54517748558483
10.505069555782114,0.5047691997835011,0.8502480804540694,634.6331480022626
18.341655358878207,2.688354307020551,0.8672322604445656,447.57686024001066
7.7551394055184515,9.39944067614364,0.91657528792944,871.2469730074296
34.07313151214603,8.687574123483309,0.7714907204633215,469.31287064285897
29.87807356148178,1.8228857532164915,0.8805404429744879,879.1019594110091
12.344879825451075,2.9424066492070478,0.7684786838030386,995.4039636937935
0.2709448148643603,0.26992418693998704,0.7828128081775334,412.6455501367295
12.209132317193406,6.130738991434697,0.7566666821544841,594.4127141522509
0.0,4.54431339529992,0.8694909892141909,219.42858991769367
14.525736795006917,4.977325508715455,0.8824299658774474,418.99644688808064
11.848338196116536,3.3649595543730304,0.7691129958921425,690.8402265866105
29.6436469783116,6.795338081369562,0.7710146961630668,242.5026238460618
4.922066007636091,7.530193324942058,0.7588992407232411,509.9174595523517
0.0,4.747052824839761,0.9448306827574217,703.6760976328424
8.441029038596428,2.892286769800313,0.8854789285659235,446.00861404026386
0.0,3.5196393002556707,0.9167254894690666,750.2707118783543
6.909782395848578,2.2883506405251666,0.7198317261341742,996.4902376307238
32.7420783840887,0.5149363019406518,0.9307743014390037,116.8866671153678
15.367350451607166,2.537802614916832,0.855527826112958,674.5342671694093
29.340623150121885,9.816501611356182,0.9078141690287787,135.6843283145827
32.35990157771479,2.0427750313737922,0.8947621723815803,105.40459968374215
15.2239185413913,5.20212100290884,0.7394904762784595,852.5139944708941
18.536228560614603,4.645602719224601,0.7753520504840214,816.9324196366259
36.53237181804457,9.836305969454337,0.7610394190958771,148.31934647528757
6.194487326924365,7.368973037152332,0.9145675408124121,954.8619469616286
0.0,1.919644779320512,0.928944949683607,345.25096732412993
13.430465986251917,8.56975843516398,0.8597574427448889,606.4057552589402
3.6363725524443304,6.457557923804288,0.8310465191159524,530.5565967624698
9.450327165568025,8.530236929181136,0.8821621510252615,244.92456343430274
5.926578287610504,5.324251642438929,0.9063392684932872,776.7304099887408
29.099279057182635,5.752918717911796,0.7910763914027046,850.7522986844217
34.69348147044036,4.544208002003988,0.895108199021303,262.0927859033337
38.91828563017551,9.448678389257543,0.8173469599286866,729.8858635452071
17.947402356620024,9.309287095449404,0.830727254585547,192.0976474371989
0.0,5.565711185662718,0.775492049646873,898.1701667986989
33.858355264238774,1.9042747960635134,0.8380389766253513,178.69153622061293
22.315242711903156,6.887842511950437,0.8988587342188534,111.28181903890663
8.72448311298302,2.407843032687213,0.9025331395391052,160.0132678868243
28.176518826898945,1.715885447853412,0.8270649110699797,443.8395388699616
27.391667223739518,2.4052106312813613,0.7982101675710611,328.5833120942151
15.029370194731206,9.594201527705302,0.7148667541926981,164.44703276858593
37.3197174848615,4.821918626312426,0.8138115721244801,748.4135846332408
0.0,2.3157333177695842,0.7442667270057601,324.637548461364
30.45762508614286,8.139110758218822,0.7736720401029664,941.7588753617362
13.815002344433516,5.328622106987998,0.7316509048964571,717.0779811730445
30.309887474658975,3.7311653724188325,0.7162716135592481,192.11022309382832
20.919134736482427,3.468545484704039,0.9376141434681561,186.8208342327642
17.828076025522712,2.335984855596637,0.7945735961488656,460.0389355438863
1.6456920924397367,4.166228551338259,0.7848149866090786,905.6570819427716
12.014884375812516,4.09039975674674,0.9048707751045324,123.3755355018426
35.34629931532091,1.7552159088803858,0.7306694686608768,925.4928417276634
0.0,1.4133159675032883,0.8339812279374859,259.38843796080835
10.169656206636212,3.1892377147622546,0.7493259208196944,872.3259241456486
29.796256647915563,8.713284119576642,0.7129994983556125,161.5116606343167
32.63520760872547,6.459274980896332,0.778475725333144,52.18080370855322
0.0,0.4101337691200763,0.8483045971184028,913.6818977483476
31.214196902432114,9.128667482893595,0.7921996936579387,625.1878439907335
2.825567040662721,0.6296913406075464,0.7582151798136472,770.110125311706
37.91824611656543,3.22450638690189,0.7194391319848736,659.4739522005611
16.848863471645036,4.082509499830946,0.9337920240346677,129.93082624569462
0.0,3.0477992591446927,0.7409989327683344,121.71975282390261
2.8393023747301642,8.289388420648036,0.8043558262585014,482.9573719230348
28.935162951344232,0.7208743324605452,0.7607949779710377,590.6275631330059
8.207229687407605,4.020929478702928,0.9006188069625518,72.01454071915023
15.64024149321783,1.8164116160967492,0.9467838156508193,679.3342489442554
7.072367661269897,8.900887097160371,0.9030342521903589,228.00511129372435
0.0,5.526002732896627,0.7374261174069905,668.0147482156477
35.62439111798755,6.612474654057678,0.9119444307323241,770.8821302051988
1.2244093302057586,8.67936443707891,0.80400035975983,401.7577956946348
17.225580888457245,3.3607279595068325,0.7498007745799677,572.2263567195473
25.505872230494333,8.23586363648875,0.7406365409584685,105.55957237637834
18.845916453466028,1.1841287700692007,0.8401051383200739,347.983236029096
7.294004744375296,8.935168362020363,0.7220739429410935,621.0350915261974
14.21567238832526,3.1458902870581187,0.9218412280968784,626.6519230348099
0.9233521861148046,1.3546127383055016,0.8804838119973912,644.0397560231444
0.0,6.609020964724118,0.8663423094855999,326.8073192566179
31.732673433792108,6.963559998923697,0.9237047321530258,715.147774340315
16.89892886215867,8.51328589246708,0.7856956704912135,300.3553955090297
16.444590087656977,1.6286900852702557,0.8104960025368164,938.8417910138057
27.710739227351933,3.1117420111634404,0.8085453364983974,40.28653538086413
38.979334951152914,7.563382719031501,0.8855457588502205,475.35478044573216
15.727665880625,1.231906408890778,0.7840791149664951,819.6291522419699
21.728573243946215,3.172204626122662,0.7005987586253579,454.774022359469
1.4250551991965805,7.554922092428621,0.7482842694952347,829.744846774427
30.286601381004456,3.5133699160080285,0.773897987747584,172.99304357529567
34.261873829818505,1.5973409943265962,0.914435002561008,430.4044483920731
8.073000834307617,5.8035569835568825,0.8625553063187049,541.597325219017
0.7558317875625115,1.3640591213776614,0.8630190701305464,217.71215324788875
4.106355877797206,6.815532088649281,0.8070748335184936,132.98083663947176
0.4477148094492899,6.783920608405566,0.7740172555482587,469.467169890305
31.90407316835003,7.870383697530599,0.7118239738562233,869.4384647096674
14.689389572352601,4.035294673511832,0.857936625881946,888.6429607840901
26.83100916434895,1.554169942179781,0.940749844846696,971.2278386779624
32.153277981120084,7.5753211468812935,0.8154311314458642,779.3081193448436
15.216934452880253,8.560994024944515,0.822714315294766,625.7280644236156
30.1212731044263,4.800684496385462,0.7215667293663846,913.5582215501767
5.453744511929349,8.484530476959796,0.8250340029844083,85.004080432467
2.110847653108467,9.841457727721545,0.9463922175635222,147.2561657695768
0.0,2.917953293929759,0.7645961510152641,260.11514390044465
5.171627114476598,9.800436843940075,0.8528814922785296,212.91944372247642
20.502264230346544,6.152097575771134,0.7173661574330837,307.7951914580635
15.764793617928392,7.508271080994422,0.9336403264627745,682.1505093268653
24.651826553598315,3.5356644671881594,0.8316864289751081,615.6647572212117
38.87973217182038,0.06403689548718795,0.8740964458172751,187.19840972848147
9.833654340318873,7.9499440328043125,0.796443528068432,165.46261789179505
14.694851705303819,4.481876046160891,0.7935390099991607,461.5647299019326
3.9193955027681655,4.867147719107162,0.7561870086964311,971.776729896253
21.23600850251096,4.492682196411911,0.7730362295294747,743.1940517999343
17.52375092368142,6.918586323222113,0.8427733363383701,142.96278825353403
14.052969528730706,4.0004132407355835,0.7183547141949248,940.3896679348296
21.06224569104159,7.583424292209182,0.9007125060860381,682.1097277836185
25.09638944381898,0.9043032821789296,0.7771049718924627,877.820419997006
32.61487938463548,4.158574971942671,0.889747931748265,788.2161128406988
0.4223878428175476,5.112419802395124,0.7191548022112795,85.94012167070827
0.0,8.753932543478502,0.8769108412321512,270.3684002606741
22.876454452816873,9.892416546148608,0.7074784292486331,681.379098782584
1.4400503549305559,0.16976107275845284,0.7143101088187064,356.79943138997794
36.27553991899315,5.92513137813846,0.9254919599447863,259.2842268599694
17.66141622030386,6.032509508471781,0.8155626697843552,521.1787127335284
10.95719633434371,2.1235450081327074,0.7998681300074884,493.9937450081603
29.60707726547767,8.02872299685007,0.8560794603156584,744.6675058940184
3.3516264577567716,1.4796116662478513,0.7611966327214321,755.0765930307325
5.462578046337691,9.354104248129792,0.9132589164951338,245.67566461803898
22.819066105547936,4.160673591528625,0.7557070381203108,491.2971475769984
12.81419539200957,3.297715502088455,0.80289694313886,576.1889729499374
0.6857759713366565,0.8308453334322682,0.7456278056601069,108.49879211726841
36.51426278524327,6.385473511400222,0.9341940162344768,793.1543451406951
0.0,9.220566707257968,0.8067628793814241,979.0636624921214
0.0,5.997165596569907,0.8965548829655725,423.41662427828703
10.03206649941485,8.470504672364218,0.8739654278610363,997.877253988378
18.794790946923474,9.318720655928834,0.7774058940932373,285.5800092548804
0.0,5.504709672207379,0.9361775081584185,258.2747019093087
0.0,3.5075883555997067,0.8802889005581829,184.440104256746
10.579882865664324,6.157138485058912,0.8477931690210547,527.7023713975724
12.464926699523264,5.304090475275448,0.7023295820148585,588.1045311626679
31.43171638309477,1.1035300925170284,0.7202918297440312,506.4248700328546
21.383489379286328,4.880526173108693,0.8755300931921897,236.28854417613542
16.993074403334933,8.614445956796777,0.7450619418386512,417.9999949334743
27.38515617639877,2.8900930013970703,0.8231058250270807,43.779324739877765
34.92860300897686,1.4737816854002408,0.8613992236602844,434.9939836788493
21.663663745184234,3.629661130723852,0.7203635876013997,862.1498241237497
12.726928737307274,1.7644197244685405,0.8324776287440611,566.4772531574812
8.27480307965522,1.570386745174209,0.7973289113075324,113.87993752419703
27.54323138302982,7.863023896287059,0.7279364434426255,765.1031749497331
14.485741564088453,5.565687400028343,0.9041320127975623,618.3891032427854
2.3379082440235925,5.172316980245693,0.8619164568704661,574.1541877794285
8.119771102738763,0.1498371534461017,0.7726397339573199,859.5389544017507
26.551788093733318,8.873132903405057,0.7711840667608668,258.3371345632942
0.0,1.9497331916774692,0.7083414573153352,182.99233528149006
39.31099098109825,1.4469059575327021,0.8606567641668801,107.53208388880748
13.92750283348708,7.576572371383604,0.8848885211550274,215.0425968206329
0.0,8.413662595852538,0.7659879646294413,595.3744930958132
5.932566501862289,7.063853190162675,0.9156291875472227,95.6748678460886
32.34764793280165,0.4318523139072755,0.856554682293907,709.2942511488974
0.0,1.4898179176124313,0.8714224211262004,753.259681494525
0.0,5.522474154996764,0.7710536376599139,538.8281285466551
29.17694351114628,3.9650184089769196,0.8210982827457722,142.03891580630741
31.358998156787372,5.4251252761948745,0.7459625282153429,869.9645924009002
27.035575107385743,5.413121916456167,0.9402350671330595,244.49392835871936
30.703407525173375,9.746741061728843,0.8327933561524874,383.32541301741185
11.833240727100657,2.1746882145436195,0.7002254983335682,983.0195106304981
31.704942732640898,0.03677576604725207,0.9350900859529551,105.78604731687417
2.5875812059723664,0.6541443236501506,0.8853871999757943,715.6834594452192
11.667927624883186,7.659196554585605,0.8208316344381679,67.96950095971567
22.611870108228477,4.453053718436242,0.9022566020170281,729.2349655727656
19.516503493196357,3.4488242759396286,0.7990862662725451,180.01185243994314
32.47047980965275,0.35019316187575983,0.819772186839769,163.22429126380052
1.4405623288067262,1.0571920334915343,0.7631771418974443,839.4776114634653
23.40716002497783,1.2401661660245797,0.9177861417098229,706.4942255575031
9.578569315191025,3.2906108242294976,0.9344537309842871,304.4979596215144
0.0,1.6413358484332692,0.8450567073182507,711.7205396881056
17.05083129846642,6.67100395189448,0.844258140499044,504.3971701327609
31.060250096732606,7.623741984198079,0.9193668593426738,718.1954901909933
28.743333611365962,6.571420184603377,0.7254179690453241,917.9646411994079
0.0,4.5104851329089595,0.7022727084988383,637.0203757127985
39.20152855818922,8.806931061338194,0.9357751176333914,713.5358350189745
1.5235809057475818,0.8295398656336039,0.9153902606177571,320.9668617269822
17.1278068121079,2.3920538437552086,0.9126296644272157,676.5504243814936
19.719631411943585,8.665210358741726,0.7138979150287323,493.788632455973
35.452941681061496,7.9889446811102145,0.9054065891001003,244.68273885932547
32.47032845677049,2.2737345386550465,0.9490935961780702,849.9422322243721
7.254838458512913,4.551125270556754,0.7053534239615562,43.23672972880111
20.108323037028462,0.709131724415608,0.9195843397103923,640.1515504577801
34.640972683737026,0.3923660105287982,0.8472198539248447,726.6696522967682
24.641632330855632,3.177192319045424,0.7981448206970365,801.631519815269
11.91105317223772,3.548107424495481,0.8562125180128375,354.5113318655184
35.80258053720406,6.281931103701048,0.7763613978197347,778.8744628435912
17.661430088572697,6.909084449189358,0.8784921047371741,291.2978876113235
28.25708843981666,7.379965130126881,0.84595169666397,871.9761451637903
20.248146899072594,5.684009790267344,0.8213287208415969,375.6940507093095
18.891383841131347,9.464883179444513,0.8516481063840868,423.71766012044344
4.496864112441624,5.312356028659433,0.880019328368108,311.2807046131211
39.61202129257373,0.9766513816760172,0.8505982620428041,224.83818652922236
1.0444172120341526,0.7542885909515796,0.7745352218862522,346.28796858697973
15.585940696795468,6.181890524102448,0.849937750463908,699.6908612768532
27.109259176267123,7.9565439554699315,0.9144846654129395,699.9434089500883
3.838773846652005,8.831018078107368,0.9310667896438576,336.83738183194384
24.905350409644015,5.117072211305029,0.822995170685765,419.44400305129045
22.807382735713322,6.3102577611213615,0.9241102295994842,683.9424940733047
3.05211353190008,5.4102751419035,0.8938503547196932,977.785103277687
18.00454425461892,0.1614850037529622,0.7100042331913574,562.1416346577483
8.60627266616435,5.303361537914796,0.7219152384001541,970.4763030237402
35.7716475247708,6.586648941339638,0.787648813294518,954.4566814587209
18.74234715258989,7.9778802925690915,0.7206919812590896,989.1043549635807
30.477822228156768,3.5929593012818324,0.7600416989666722,731.172736858955
20.873074515692526,7.201495324764842,0.7243199123426064,250.46977588118375
6.270290111752438,8.018447976185366,0.8071080693916898,67.42989300674677
0.0,0.6139164754259429,0.7401087280128079,595.2077744586802
9.56640064087299,5.553358572817005,0.8262378192229725,438.9417212933575
26.479855189121363,5.934602120053253,0.8358203128187143,465.365340073644
18.932324507179484,1.3819363820605823,0.7927838852789706,342.823462242739
27.63744946126004,4.4143648829658195,0.9048472087796245,755.0433345719409
10.364397672027408,2.888840841675525,0.7743437054776541,44.131756512243
2.525619241214214,7.629961472268575,0.7923323662596903,284.9526484711026
31.80274561734795,6.006659213727349,0.7489140876236655,207.17154926521977
1.0884806155089473,6.42443333099469,0.8847805750492281,801.5215853315323
33.83932848474992,7.063138757715656,0.9109609745168632,502.1680129043403
2.13163139805445,3.463892553052042,0.9447124130190763,607.3672200724378
13.166056255748986,2.59537045892531,0.8320576991355502,394.71878008736695
31.41340380986817,2.038536983318576,0.9398063026670433,494.3489195455684
26.327335072997734,2.954378833941502,0.7609954591671502,282.99875895547774
29.825770296597184,7.321084293987284,0.8473075996045317,535.0194111003295
11.402181033048242,1.4002611659831365,0.8526191326748872,687.3225953235269
26.824485485866578,0.03562211975057075,0.7232833093819748,403.4672088946704
38.493591596371715,2.222177821630921,0.8411492480247017,579.8147076266406
13.662451237911093,2.1312319300873606,0.8816141227477929,366.43924882086066
11.532024041726174,5.885478595998089,0.7470954221684319,327.16411247355035
22.68381411987701,3.8716263080888718,0.7784343272571788,183.88988062959055
10.361451344808383,6.252399274668952,0.7514006832630818,400.6751256205985
21.158684377442125,3.9903238944361257,0.7657591753736634,796.2469600108889
25.459201750267365,6.785958331927575,0.7558652186148012,819.451644454728
27.418661833210916,3.719093157837329,0.8161866562341503,370.65715507819897
0.0,1.949403479845601,0.8685206962682847,612.5950213911138
6.09051180499494,7.197120446126253,0.8143270618738494,636.9949147267458
15.669558279075439,9.949124538223465,0.8870266770536244,852.8618709007944
0.17657879853049802,5.999398114299558,0.8744870286528417,902.9074799369394
24.222303007798978,3.2427797443135105,0.8667665119428511,318.8869627733455
36.66440141813558,1.704412176634223,0.89666554239485,319.22391300537345
1.727086723205192,6.8119757866506205,0.8406618960429783,99.50851844191924
4.158126174106355,0.3300816954009793,0.7129622481909311,203.94651474664218
26.581578928493,9.912089091565191,0.9456463460532337,800.9997473883923
0.0,8.762774167134035,0.7035078699824234,140.12093636543565
0.0,8.547256027657713,0.7435741698887772,601.4241496441333
27.99032167130209,5.728263786835492,0.8387007618604988,417.30361904612266
0.0,8.64316001662256,0.7241517434581319,603.3419116542642
12.422179712477387,8.8551339027488,0.7828944597503659,560.2441932182513
