region_means,region_thetas,region_zero_probs,region_lengths
36.545234079235904,9.795120681487383,0.8382212223256312,791.8089311404207
32.224766424689804,9.45683819964796,0.8131186167509871,233.5717490102147
23.084611433725563,2.259214471327415,0.8742793131795685,884.8881349355918
15.693508880501259,9.420403673066009,0.801122822380145,130.5612906731812
0.0,2.0196992461821686,0.8926476731829006,261.7780523994426
10.14426609167328,9.773737389829899,0.7955655478891477,203.34094036929167
20.580083969925642,7.915371454604926,0.832527478328929,750.7073027566721
22.813548629341067,1.268471696613499,0.7824773342907871,945.8144085588293
28.35533119845812,7.559302417133415,0.7512028476323012,438.77996709373014
11.09642934867765,1.545882906002885,0.9378788491464731,837.8891828954786
11.844329336101685,3.9475929874447155,0.7825568942238185,576.2617438273443
11.356982764972553,9.53393104818053,0.8003444018449328,751.5354349138055
28.370429339673823,9.355866087396354,0.7075228051259637,65.01528911056315
0.0,8.072510205136677,0.723537923181407,73.6907285971289
27.507357696837744,8.517034169843795,0.8437618088191591,276.67763840805986
19.18668618137163,7.54773839223699,0.9033035545020699,406.9636315153913
0.0,1.505074733334924,0.8706092201943176,950.5681717531368
20.861139954871593,7.376914613738247,0.7212594962214887,502.5991635892971
1.790927529140006,7.068809788375716,0.7940156291906058,949.7864566793808
39.71648792646626,7.8852829750382085,0.7683703802679487,613.5825087600424
15.618348370147574,0.7772530951388525,0.9181109985618178,125.97915613297424
13.120308607754026,2.290136982554684,0.9174937361895573,313.74336308343413
37.21368326220633,6.357015672147317,0.9126023114897104,808.1802415329511
17.968934484847825,1.8823484249573268,0.8716191248166806,676.4582412483921
23.701252675740214,7.77775819435282,0.7806824917283737,415.3379301299268
6.809031430543781,7.3270110367170025,0.9027432329493473,199.80178347228178
37.365526807685306,9.391735270479929,0.9274381475949958,797.052416584795
15.688538826520755,9.397611128020728,0.7867433484889095,725.5776561173149
29.238856594461215,6.416889223659558,0.8225712699607117,494.94867651234364
4.642238946419482,6.80427820356244,0.8814158494125087,309.73668736682305
4.204254146542366,8.368435427563043,0.9341867073205343,391.9825064773228
22.892235793912864,0.4072262541045921,0.8492381406086463,163.38693496189228
24.73783188322648,0.38828740222199176,0.8445517534015866,398.4203832671505
8.142368644691652,4.796519649967485,0.8342096634995732,108.86721920000778
30.231217888618968,8.814942375530078,0.9226300324954539,474.87763797154605
14.526733136931995,3.4215388524660337,0.7676611894984008,150.27379779422324
13.274090532220358,6.971367797412392,0.7918780699168336,42.654468286260396
30.885997983697084,5.317948551300978,0.7119346300170566,223.49004003470077
24.75699935088315,3.1054637307069215,0.8031121133157546,332.8491741109056
24.78253699133054,1.8226168912438911,0.8942356460578595,378.78723875678827
21.250774920119287,1.9004863778419776,0.8223498852835911,100.38987099865594
13.457669278383666,0.4956063987569441,0.7147258923513728,757.2077574229612
7.78731562232512,2.579485758028971,0.8596856397867577,195.38034455395865
26.360228967384696,8.278636401641645,0.7229445192391203,763.193325795468
34.38845015280887,8.020979080133458,0.8636339437085158,76.29328821415996
33.969168884447775,3.507194910758363,0.7407037267336798,797.5230074333911
35.07886711736517,2.3176002816534518,0.9350316548863835,878.7474168782354
0.0,5.522584119992218,0.7734634909780778,454.7622829303483
25.07230569313886,9.09218739495796,0.8606142170244278,460.1195394908235
11.871533860129587,1.9149577471996926,0.7792596523205537,113.41696451296727
10.662807764999958,4.792465574589854,0.8846402345436681,172.73081834010958
5.46426428440505,0.9676173629288773,0.810132584029316,853.0324350181295
11.209687883375905,6.870014919311805,0.9166396355718482,134.70837065554375
37.7290495755229,8.170656455062305,0.8446965288898548,768.5116804963894
22.83473885087816,2.6137930289461564,0.9072167894634047,372.42590114964963
8.834066359920975,7.221127793671229,0.7673040811947061,873.9308489856921
6.329102846238943,2.3844591266745234,0.8770911044376437,872.0212607748467
34.516160130289315,5.511566534627711,0.897244175656701,513.2867063286842
0.0,4.574107550325015,0.7057914843445595,597.7115176057988
29.059911642153402,7.785457689170172,0.8029423734512378,991.6750543722842
33.3664439835867,4.368587291231838,0.7420015264847069,262.4131688601388
39.12585089669223,6.917512777904748,0.919234217908763,90.34127971997225
36.73139398720299,4.592315423986251,0.7435933887287897,74.27479733883328
34.67392483730885,7.060858425111699,0.7476221112884954,989.0313987874832
13.669970172499708,0.43515729700493233,0.8047870968426263,693.3562051071037
18.78631062660889,3.2531495790896483,0.7411699015814528,271.44698427448964
9.992146093431291,3.227974676322312,0.7375054649070876,991.5445337733045
29.66190697502714,2.8297106268188084,0.8991240840987327,825.4409914367868
37.76086361337226,9.75354833808417,0.7616717842047293,70.33839431253614
11.762556274989235,7.021508204723055,0.7755726467062304,998.8986965968134
16.191267714690806,1.285212689857992,0.7204640031200019,66.51551959221784
27.23277123865389,1.3667342016274866,0.8555455414946125,349.2120150697052
0.4132115939499249,5.102321266693506,0.7611220196261599,562.1636289232459
6.266636714211819,2.319430941013057,0.933393557944139,816.444352226877
0.0,0.37565281891230945,0.8385704686605717,506.5506856133429
36.270628086827614,5.3017943688311195,0.7450059747440776,968.0021530686216
31.98278939910176,1.903916343800762,0.8287966902080139,715.0729415789007
0.0,6.623342881934088,0.9399483948457232,849.0776645246331
35.906817850984275,6.793623041875674,0.806977794942267,575.6459190778062
16.70173784469373,4.893839134855415,0.7554872217312085,330.1604926168912
34.71970645064005,4.495803641318989,0.9059754915310224,453.87390785095096
10.55653247875673,7.1466937319562795,0.7243524653666645,998.3417692097239
24.685993579042464,4.04825543806259,0.9074553171413089,175.50548027789387
18.205022782602203,7.611082802785088,0.7406011275968174,970.844275493207
8.354197008687422,4.351931477847429,0.755322704633848,821.3785391627945
16.65336250081876,3.2814784514809143,0.8671375983083196,696.9848973646131
21.302909556592574,0.5150577164588459,0.8405928786591529,213.19717253272637
1.5163935883375737,3.630363412205434,0.8518907900097181,511.84353312111307
33.66140197227375,9.399055304770707,0.8586261325945053,263.8853755746323
19.337423768677322,0.8106878242946641,0.9027550688116392,883.696283844909
28.40507427292201,0.14200483923314558,0.7614603747672869,995.487745663782
9.984402887469559,2.959129289449485,0.8229006782759847,754.3280667023812
7.370552626916864,4.451610717524565,0.8766190601978432,248.3671416810263
10.761537829012902,8.925372779755756,0.7701551219570681,498.72015704839134
39.21164220175399,9.602399971896281,0.9271756422156789,61.03735201463838
7.5235667135228175,7.752824482403649,0.7327075568651437,921.9848436029746
20.896576868905957,1.8845825511399898,0.8360132140638444,150.32693985212177
0.0,9.322167223759328,0.8425877078529826,961.6148817819217
16.734375013552214,7.753903081111105,0.9039916745364794,241.92809274539707
13.84289344934954,6.884787797125566,0.7636818367583192,614.8343512792601
5.709884377160789,3.644255280098848,0.8018053555296047,216.66431393244963
33.381938399194425,6.726420672286418,0.9070700203639406,56.76199893992752
5.7562769509001255,1.9737223946558928,0.7471595804972209,904.2083167718918
13.635841180615099,7.227572098519066,0.8905177411206391,605.8344130397185
30.91710206570855,2.358765110577586,0.8437319962365706,968.7565926165696
1.1980777355550698,3.9678670657638806,0.7793050431349834,493.98647849230247
13.934875999141004,6.100758950082223,0.7468309851972961,574.2076522557595
5.763334595148717,1.4310291083057296,0.9304475238549832,585.1629702501275
22.034937529446164,1.019882211919188,0.7914557585831898,905.3209511287853
33.132429341917856,2.5300159520313423,0.8223702189714736,104.86547388222544
14.111634295106974,0.02039211863271111,0.856112255791354,411.5047171554428
34.23471639744363,5.9306746344317975,0.881909245542492,976.7770237704801
34.43394734700317,7.929412860374227,0.9457505217422775,427.44332077604685
22.921756391199377,9.627008879571099,0.70165215444357,973.4427082377965
38.52995013019303,8.573616269927287,0.8145589327778237,381.834145555673
34.93174069248245,3.8286749317269795,0.9182817971686317,688.9374827835311
23.75262501829773,3.295597943282629,0.8801609721359988,676.8993016459935
33.06740209271793,4.134416108676983,0.8721878105312821,334.00363155063144
21.78686891746006,9.853319355002322,0.8691364212327441,650.4404713422077
20.599052445047818,0.05304544298367669,0.9393234983640568,138.45723644678515
33.17517441250652,2.9412611203972125,0.8266116337249357,117.997483622776
26.45886420701444,1.7008569140834282,0.7519103880871685,68.05458153887497
9.156680975209241,9.967904426159441,0.7053523467467224,710.1396867333922
0.0,7.13756316369105,0.8316016977540099,907.656957306078
12.20583283013914,3.017057046234635,0.844546091059031,973.5315952773072
7.15386727412952,8.341296316349023,0.8442592652465897,327.11647130541945
0.0,1.8485831661800787,0.7350006678302998,578.9140787718154
19.99417297064351,0.05653811752024944,0.9462430553016155,131.07850290712008
20.209309253324903,2.029590125561258,0.7236828595448166,191.5766027995143
32.63797456043923,9.990303366358829,0.8431247010530912,658.3779041110465
0.3197761418597967,8.31241501713302,0.8528923889525737,329.7945451169561
35.94358047509865,3.477636533496907,0.746818708355302,662.3483362990089
35.30846448819874,8.195584280023654,0.7128262883899165,545.7354749968388
0.0,0.2738411792190361,0.7467664826532134,225.0428608902659
27.786626382317483,5.91366761651356,0.7190698794541099,718.0981499377449
6.232951001555997,3.526216082975169,0.7969402924511013,569.8140440117455
0.5711584086969075,7.714984961444379,0.9198456342780486,476.6073034516745
1.8072558983159699,0.2666548079990355,0.8857467031809848,362.6327013520538
28.18707545659087,0.9586296835167922,0.9217080025835885,208.61399249583735
18.529526154033128,0.711122162060628,0.7773390962080634,637.1299484912769
0.0,6.4853081402242205,0.8408876367520768,298.2814574710634
27.1668164360254,7.877012510305681,0.7859521818322965,441.23110321944705
30.16394067884305,2.4743867738087624,0.8894124393646068,319.433990401219
25.41956489495783,8.801299781722676,0.9384376344963985,41.17136558770632
7.220726800669506,9.929633636949537,0.9234747599664376,118.937579706236
29.427319053084993,5.546723942052061,0.8031973830731917,466.13104705112625
0.0,4.784528217473829,0.881195676366235,672.8706038244234
29.517959553713904,9.589800149583457,0.9153777379808317,980.1836273387595
0.0,4.1273310418640135,0.9117192832516882,363.7406246380739
28.36641589025904,4.870502969447446,0.938064534017877,828.1684532546914
25.64233641569322,0.6401293563214805,0.9138523276419531,717.6031237408043
21.705310807695316,6.209700232499718,0.8145391498417833,520.9207604420575
23.722860477637216,5.355641295828899,0.8780604680254342,260.50500733231854
28.585506528623227,5.870289609568574,0.8006881101912176,330.57070043062026
32.15726249632928,5.727844598419024,0.7316307041759773,850.0741525815351
24.248606044327534,9.485424590943369,0.8867007368093129,819.9342776565269
9.016167550975911,8.09907551267079,0.9345803577267814,870.7810354219602
7.760770247261303,3.917615078795689,0.7746909878339625,170.24617692144787
13.655748668107158,5.54587557081165,0.7254356064708332,728.0396500211305
21.163768524238595,9.553577453391739,0.8037376937817895,749.6688157400584
11.897695930525758,5.1484452089029125,0.7642785666756082,853.7380152346408
27.533903394714784,0.6608944638753735,0.7548872142892242,839.482938240847
6.475892666456544,7.611950699727423,0.9083605906744374,243.008295403324
5.973209408410975,8.3953053455831,0.7121344355874645,265.96166012966694
16.2106278109624,5.49742159064591,0.8129852433169328,259.09720244540256
0.0,1.7570137074425813,0.7327587596404282,88.50546256520116
5.0591269613423,9.557017950433735,0.8627753330214174,133.31302536820778
29.58849240837799,7.533090944063861,0.7858715725206089,633.6267227200898
4.639229469658698,1.1789546867573344,0.9445299749907926,770.496131265193
36.48081158963625,9.73952831068499,0.8016450812740156,493.3217883106461
3.2131518572128392,4.570523033280797,0.8699062786047018,144.83151649916667
29.768135767522875,2.3191385742224195,0.7525921289316422,413.2870341644304
6.06260496510594,7.630248951640452,0.9320066462650913,635.8236511762485
26.251359279766017,6.380387297976039,0.9429291163174691,680.3536822123782
37.85949561291434,2.1220146634390358,0.939784844587944,555.1218619241157
27.426543539323475,2.7136636014859645,0.7076489704529252,67.87856994396788
14.428921550425331,2.6255207047467595,0.8160400588284535,989.5877117611875
28.788194734336564,8.257497915217286,0.7648127112864638,902.2760275751612
29.688334078103455,6.107169431485017,0.8550070516111874,303.41621706990287
30.154919235044563,7.0793363917850245,0.8242953078752016,724.3285226794983
31.624450250937933,5.613674127439815,0.9158469604940764,497.49704550787226
34.037775802771726,1.2149658797922147,0.9076656007674474,621.9512867419332
37.01928557863609,8.206802001661641,0.8459888178036145,60.3510916092198
22.442926093390174,2.2140483128344024,0.700421228351427,450.7490478125118
18.321442863922815,5.202343491424993,0.7277352436411805,657.7419845646484
26.25903659316343,1.1764533641323738,0.9377696518902545,606.7689933213566
0.0,4.724123693648864,0.90797148859613,855.3916307957785
29.331447961271028,2.5235685885938013,0.8608036875114902,453.1105907411542
21.3708794128217,2.911017764484745,0.9371814681247044,268.2523381401476
0.0,2.152357432493192,0.7814580388687349,130.0227561053689
17.77841799871942,1.3298835036358305,0.8195164640116598,559.709596704579
7.8061099487834085,4.923481609108972,0.7562285751784619,119.9059548247725
39.101109341552814,0.24838238087163447,0.9300364969369115,213.11195781759923
3.68307845987778,5.630195362287608,0.7509402554266176,844.0704876861743
29.939422289854615,8.596401631025172,0.9090668552529975,969.2687028527865
9.35622135430493,9.147625130222918,0.700504252104129,735.5666933543365
4.6931489981539745,1.306161991946239,0.774966096815999,209.13974933417936
20.301714908036807,9.31679749135785,0.7161170603546775,347.1531846253636
19.197847292141372,6.774941626419524,0.7597424453660597,620.1049148641274
9.0136571680659,9.453313665353852,0.7468232613651484,262.20755072308515
18.572916917218773,5.641463815139487,0.7359021419466555,434.91638841206606
0.0,2.813447262372938,0.9116202328025556,476.52387664148745
7.202184387536622,5.221509880839727,0.7670939008635058,923.190102011208
28.200809244664967,1.7785957686079321,0.8137117771062472,117.5736295673423
3.993994205963918,6.645637696933735,0.7498471923037102,270.13058470715134
18.445549734469925,9.749276606642068,0.8480177800929567,349.9621326943106
33.517458489563985,7.404110273396557,0.7459763419235574,63.96764971585284
11.627884404653104,5.597106510445711,0.8656627111508687,766.6873757822613
23.265003408540156,3.392544005455499,0.7430119679718352,756.0987868532095
22.524704696593737,1.7356836033024574,0.8697613902967626,733.9416889725582
25.218598175069157,8.719517667325471,0.7228395196335198,483.5534973130232
30.857209217843074,6.9488983749667215,0.8764997163196415,899.4169140779499
0.0,4.444947640120815,0.9361223691297726,398.9078022980528
5.9505510990168835,6.794327736529589,0.9497877105501344,360.13401885003464
16.88386304581103,8.610289358383913,0.9430543179807417,576.173828310784
34.44073806979804,6.103086973108475,0.9103017278259766,187.57358499706638
32.20144592609167,5.582351875562479,0.9418828971930853,395.78148774213935
30.845887847502762,7.135722641709775,0.8781346540098479,587.7705859125936
14.298338589713886,3.692524204967007,0.7688985997724758,859.6125267392953
22.907348983392627,3.7234568545337177,0.7104544054759421,84.96030902227311
38.01424014898668,3.7380892637200844,0.8182160118896943,327.42993820399744
36.02610717478006,0.7480511781869518,0.8260244857392485,322.13419635326363
26.900991544164317,0.8987139432886757,0.7077944621925607,829.9414761281242
5.38996867574565,2.3513459247520934,0.8241982462490249,451.83872968750103
36.34342374747127,2.265502512025015,0.7064853253955201,806.2614342869373
1.6951766904535788,0.1702968686126658,0.8682141574833977,851.237119035081
2.3165146501552107,4.138346705075113,0.7584733379749206,769.6122858808578
34.38348523615156,8.151586885542393,0.8514417674067696,682.3424307131156
8.778617806584844,5.004964734670528,0.80539503235279,737.9219457528718
14.249065957400484,5.0698603172003045,0.7390254985682623,603.7034842014189
14.107976537609577,1.9086629031358193,0.8214300787680288,98.67046419983524
32.05042398798046,4.9703956771824895,0.9475598632703092,898.0454200370104
25.38182161569088,9.77937356535256,0.7704154489728005,84.96077713705908
0.0,3.5302416656611717,0.769705822608094,944.1968617493827
12.20865743495896,0.4699223782748942,0.9223000538931365,842.3116416585096
30.29429566902485,7.217551887678516,0.7525371241095367,943.3216458005317
14.116961473872461,5.662507232813261,0.7096736692554231,288.88281675326914
27.394423549971936,7.874652284285028,0.838928121000336,820.5047239760167
0.8481290649651742,2.880043859617736,0.9385186837685668,658.4968329925606
12.53339440713872,8.741030661481869,0.8083056277252099,935.2244521932355
0.0,6.098233157093793,0.9079090930488474,325.25382016239644
39.09775321204546,0.5264621537275908,0.8331669003430443,636.7809977724118
25.662705273771596,3.0363487906320494,0.7628386002363924,606.9738615889278
4.822154558584551,9.047570691662747,0.8295790553413436,104.65744695103228
38.04923440809722,8.538807850762312,0.8793725741777125,854.2012202041631
28.423190803704852,8.308118802324286,0.8857989726706359,642.3068970526472
31.12738152882284,2.174265402660435,0.8262704237805548,868.7438216095284
31.809161025919604,3.074980654838823,0.9121784021964692,731.4668122575207
17.067491380832713,8.321352283295715,0.7301295228968779,532.5103392306659
0.0,0.4461707521378778,0.798513918141162,385.3681811749953
30.439563360587307,1.915651028479558,0.8885975154635475,511.02444414075205
30.832090588828144,2.892354038432903,0.741663287468793,494.7195843152646
11.732361415309258,6.384451392747707,0.8011186271347662,697.4287947855871
13.961685439865752,4.258877205742464,0.9469389321064671,987.2181072726033
3.761029656419921,6.034599404467663,0.8135539974400936,231.05239144142354
10.06639234007557,3.940051735917743,0.9182725418977821,970.6140858416506
25.136941722470826,3.8288124003484563,0.9186062875860965,853.7761455583254
20.179891218753188,5.24657687805854,0.7335310651833435,112.03904471446336
4.715223502901262,6.550539506467441,0.7026191782446585,928.7839827357442
32.68032431205129,0.8400696429485803,0.8206711929027384,869.4257532123927
4.011227414491281,2.6097535961381926,0.7367414924021881,332.39186891427954
33.373200127393275,8.243377529641204,0.8162743610333083,213.7981139141204
0.9737932440787687,9.756613451903442,0.8390677886503924,135.38789487679398
18.388260116613836,3.1560965895663453,0.7084972937572127,145.54580919719797
16.13067487642701,8.839213843202167,0.8130571978876644,769.2205730675291
18.359309616708757,7.053469909003213,0.7268370031474305,181.3713546738677
23.988876903789226,6.659657641620275,0.9040523523341908,226.16467089147451
39.82332122342413,8.420219151484732,0.9181164620705881,304.4859960660156
7.58289842937829,4.411479767381133,0.7806558203456043,683.873639081917
24.037609327766795,4.557062750547027,0.8611999210975184,613.6859034148831
35.89618720798854,8.19314686444978,0.8186067491350597,384.955781524852
5.736636516462664,0.5056795112462048,0.91090342441698,475.55577178756033
23.08596988544807,6.662494616534062,0.852379202188633,798.0320640960982
38.1911754786326,4.0576667319490305,0.9041525327960879,912.7731275670582
4.0387231768929395,1.978962501293695,0.769676134592631,71.89827564347574
9.87685660126031,5.182224353096165,0.7950835674115944,513.4509646331521
31.736477406744672,1.581723949136162,0.8348604962183268,984.7714125543749
15.5976717563289,7.391651292416711,0.8107352706127671,993.0254601279922
32.519883906229744,6.016600418682901,0.8231939760678406,492.835884673838
11.915990479373022,6.897050240182011,0.7308637834830402,256.8311551356599
13.937096758854807,3.7456022771732207,0.7592774336310675,378.3389540366513
1.9359850160695644,6.958809934791504,0.9201548060502723,525.8352481370345
28.35165818182164,2.171311838606799,0.7310148650963613,264.7953057242996
38.660279517955615,3.7435171161210223,0.8728047061062112,710.2004435478018
6.002192292870575,5.400322016577285,0.88683075894038,354.62643890756516
9.868186015363024,9.093276702781585,0.7587999414613353,280.20467552094465
25.997138225237904,9.164716775765962,0.8807599862018022,314.2490110041553
0.0,0.19261689061638196,0.7847458743937371,970.9047937217642
36.39665301408305,7.86733506908495,0.7762589594499749,230.95606121787603
6.017073916838794,6.441977036457296,0.9355738116271433,625.2480536955042
36.59278631087162,5.403820735735708,0.7408552927126005,825.1507782917515
21.19514003102004,4.016568833331351,0.7439001156582028,339.14056107833284
32.77226479153158,6.911649001692956,0.8661936668461329,921.4399484677518
34.156854922991855,1.4941990645527932,0.8969199250575528,67.96875074893353
35.23888364096629,4.700618759868569,0.9447628332153751,354.0518300928536
32.36187719301808,7.274240998138753,0.9398817061264959,328.9005301558551
28.66040758085764,0.5507218467273872,0.7553898005651264,909.5685686632057
13.66224345659685,9.859242416760155,0.7523057124310102,264.7840327164176
27.093757387761237,1.5836127226475698,0.9242038389978988,651.9819925307132
39.8998768151855,0.4585370615461409,0.8525722018979427,806.0525948346844
1.0883929643628363,1.7426232896953908,0.7042648326836631,328.17204927601676
27.218269365614976,0.5434657872689971,0.9462294955805374,359.2416626074046
23.60589842920422,1.4814265552763126,0.7607122710719544,318.44300412138597
26.58269524328484,9.35017734132571,0.9305608756729497,368.04179960163617
23.428208506442058,2.7821208190209776,0.7439816907973342,537.6999630045237
10.289001371272532,1.0360711920483907,0.8519304219686074,620.2207895254003
14.412252739305464,4.2996964487054425,0.7806116764510131,293.91616751918906
22.07502478633328,9.010723347473155,0.832636347041305,894.4037723796478
25.408259639364143,9.298927004022106,0.7632577126611578,189.37165899559614
7.349965452250384,6.307983800328972,0.8551216153714665,666.0015485445385
0.5857316813103861,6.330953030565763,0.7190677456589104,419.1104091770833
19.061435178308468,2.1664659626590597,0.888063407462442,495.18487047832434
31.026626531731104,5.254614114071562,0.9265535938410744,381.9526005043662
30.13163787542815,7.3601942630552655,0.8175242368294313,279.27305918457114
0.0,4.541157516083061,0.9240654172861897,60.09270302517056
26.539750257915212,0.5277853158629252,0.8241714652227448,753.3690241662808
6.969883415857927,6.888554317208308,0.8101582663336679,131.1307830690143
25.819015985307118,8.511946764597809,0.7394159211417608,276.13076645510733
1.8028214854985567,9.127839913850133,0.8286875006082642,315.713131725568
9.726961615380336,8.030547442735577,0.931392641762152,462.5644693064872
0.0,3.0402043000809997,0.934401597049965,607.2422179902309
23.633582092668643,4.344187151013608,0.7802296104441918,973.1059407205571
16.272449067602707,0.2756639670287839,0.9140446087725539,508.10049348322735
8.752284199170514,7.9015249377592145,0.8197404396473781,412.996275116535
11.940432728095402,7.961800725233026,0.9320961095239172,501.99611417390963
16.152851907692853,4.945926909780884,0.8216897174006808,739.2527521255681
4.533099757816086,9.627623756247068,0.9383892692660032,275.6183428265531
7.559072452594212,6.805663732742121,0.9344209258169109,681.4640088231986
14.50588639113937,5.126073820636394,0.762847659532915,676.3750609625041
0.0,5.704431490109175,0.8795148781874851,118.47180429772102
37.91373123432752,5.094792042780795,0.7843401315002583,190.2281283587131
31.51837726226743,3.5823324231525495,0.7085290465438936,105.83093038640044
32.38452861699724,3.5486218630647746,0.9110409766909456,263.95082692983385
23.27463282632605,8.46252354432409,0.7428863060274371,881.2534927519575
0.0,5.944570532164498,0.8732184064412736,95.24073461765508
24.77820643698059,4.6870671346290615,0.7219389727849553,635.9895073624509
0.0,7.767832761138076,0.7311035773804173,324.73378575545394
11.595392327693169,7.753177537631087,0.7939564297605194,101.473829925961
39.71364333190207,3.4135438948240755,0.8640159793861278,327.10152456924664
18.742290639587342,8.380853937934903,0.7187621127481744,196.38834056518328
39.69737385996183,5.28906224064013,0.702204195404131,521.6551166822869
19.069862586537596,3.493054727774183,0.7571765658655178,214.1691661655613
31.649508840310485,3.6202698032908236,0.8599108163734488,168.62399575358197
21.478679507113185,8.62246912875616,0.732105089279508,529.6681310191209
24.355479831306866,9.87240458085732,0.8665668412660561,458.15145199126425
6.573341013158935,2.21102098331087,0.8501765774621489,838.640404957326
1.490148439141104,6.3251625588302405,0.8934883207422488,549.686050577148
29.461942938471996,5.83957151053961,0.801403457210171,943.4944524977695
30.022873657913316,7.183678519071606,0.8336373346707724,48.353713571379764
6.817356912076861,0.3653633254342685,0.7836583862421502,462.6431647489775
31.652254699651007,0.661719807473243,0.8012090598346163,788.8587157274744
26.661424907896787,4.448792605661396,0.8417823011997427,565.2222049882998
9.94298249767301,5.031617630018415,0.7036569904087996,293.46454223278107
36.466996194292655,1.8174184836386644,0.8434140798999634,123.57147719058013
26.907056620811645,7.353048638165389,0.7510472048209409,429.6381909853062
17.950210900329104,8.059229118904405,0.731180593351241,266.3034425159915
2.9965837653755236,4.90463617527358,0.8823378763150921,609.0534114673311
8.92861985086703,6.545195408076892,0.8533209380971507,701.6847909114374
0.0,2.491888469638906,0.916344516567553,710.8539722853297
32.819937912281105,5.308529827689127,0.7887880975479575,549.7214081413384
0.7489146247989504,5.593885417651225,0.8207219371828129,801.0811460486406
6.108471712665412,2.2486408999672225,0.8840024292984843,652.1324055216916
27.2421192798406,5.070714318591521,0.9219427416900247,76.6065500658907
15.348132091918552,3.699639798705267,0.8812868593911789,756.7438512018199
28.093991349351104,3.698648567390415,0.7259899568613868,93.23314691939913
25.705014526523737,5.453925998867761,0.9194868726526246,192.7566542657923
25.783344514924096,4.269167253103365,0.8528934663474057,992.9700825481526
27.811575387758836,0.9258106810659316,0.7940558904316724,668.2262724262715
27.33549114387798,4.88193180130764,0.7014641068837566,76.63847935432673
8.972233917671506,3.194240660296542,0.8709778650100954,735.7509287649674
11.315029086248341,9.808364923496267,0.8603442094200442,265.798349089361
20.867715576388864,7.7924284711090515,0.7709351310083388,381.41785694969434
22.57300621829618,9.344168931769493,0.7790409913646721,566.3371462597967
18.000534893047416,1.1810126796444627,0.8823225146783289,325.95274213063317
5.3071458342201225,7.116416294570191,0.8242845159176725,660.5043399024928
29.08349845022553,2.9769306212531648,0.8282253163438176,641.8690507296784
8.844838490814391,9.899879718433384,0.7353551022548672,50.41243946286812
15.310149920154709,0.6726113498783315,0.821654783440318,694.0806236917035
18.6282233079063,7.832345150355871,0.7001849823956983,719.3775260603729
23.278703793441487,9.943680718101273,0.8718346299415034,450.4654762570776
23.013905600707883,5.964645813611457,0.844622635220768,776.5828505696894
0.0,3.8740131977446106,0.8337464844497088,121.4336703878638
11.517244766391391,8.607558450852702,0.9145805522993171,886.2745232452693
0.0,2.8839126926783907,0.7936818124279098,302.0820883712979
26.17040689521185,0.9245785945825714,0.8403084081862582,742.9515529762165
9.800075141297333,8.76094208770067,0.8519369806686803,218.08601203817418
10.121889647165393,1.4421441134245683,0.722472977702236,279.24984390716696
25.71804688468136,1.5472392197654634,0.7260578294194392,62.10049963877509
0.0,6.227205795255066,0.806320486851684,372.3290878653422
11.079740141703502,6.486247642366823,0.848704058773818,288.18918935927553
29.785720295481102,7.764946938972143,0.9456843224712396,107.40325839337973
18.062382933353124,1.3525776489001768,0.9385613542246167,822.8568880039318
31.778994501009066,6.413552083876219,0.7181790918439352,924.5227271836613
2.13621482381786,0.2923782848133687,0.9037891846932475,185.51475333884974
9.68939478268725,0.39580160448622437,0.9485150623076699,942.0351500700789
20.23984216413195,5.238911244687312,0.7714700100671587,625.5997186116098
0.0,1.8585933627353808,0.908716384119174,204.9009731582019
29.158700770897255,0.7291198012584996,0.8364741699449918,433.2133878920714
35.704212181618644,1.390379408809438,0.8768769202355609,162.98793896770928
28.622935983517923,8.97404595903457,0.8264571133785947,441.3078139201176
3.9062485478089624,5.124764476447061,0.9435723776990385,568.36260411279
10.930234826809615,8.65045764500596,0.7891940911677533,428.79452998968577
8.491885904729896,4.9599725530604575,0.8736801925436887,687.0100027330111
24.877557767803825,8.406733000015926,0.9352246953220669,286.6867148360024
24.101584958800952,6.545111659116998,0.7178430611265474,347.94663142668264
0.0,4.461718752986281,0.7592570616015194,341.71286578115837
11.464732699824754,1.409389014403851,0.7866014326017347,898.702205543771
18.644749883067632,3.3323322495577186,0.7877224524601916,489.06321564598886
38.958164817640736,8.190965315443043,0.7064386087938028,611.256603015746
37.18126759584872,1.6504978527373895,0.7377494775707953,908.3650720387999
19.502703363543056,4.303662445685708,0.8344227818287364,618.596366591388
6.860225821556718,5.421952029278027,0.794016850174994,271.13978707594543
0.0,9.240216576177597,0.7619006374512542,333.508419133674
34.91270036600285,4.459989573511236,0.9116165990676366,717.3243007597383
28.281819642192275,0.011628749460896148,0.8424229262814411,289.6388013899656
9.094989256991353,8.11121675760979,0.7720822259336071,669.9773944496194
7.400694905547722,5.956128719200138,0.7986253759790595,284.90913063758364
13.90353709741761,4.476749868661595,0.8741675134726639,836.6840337613232
0.0,7.1179951773464385,0.7528144584907358,532.3162546172719
35.58903275095865,2.306747843270557,0.9318156360011614,286.6122096237622
35.42875688287485,7.934573668524436,0.9079694346667468,621.0080126504279
22.6833007947399,5.475071352139979,0.8749297879678375,188.59336124950846
28.841378444102943,4.089772264027485,0.9337052152377913,663.304572358557
33.15709608780249,3.9826143195281225,0.8079211603582888,526.9398776972769
10.924301630248696,7.56736243628021,0.7586007661776488,981.1560237486871
31.36207150129489,7.211549039510342,0.8305228826082269,834.0333416996759
39.40378147830414,8.236298930967672,0.877790625285755,629.3775808331955
39.133398545937,1.7812033701529437,0.8245654912427011,131.35323963322946
35.22669260525412,6.702639833779859,0.711520093401803,899.8868503923873
16.393442522264476,2.831344668623623,0.7376623848413961,524.5869385916358
39.92962372696056,1.2834539604585273,0.7983787769914767,496.3358050519626
27.224527068375448,1.837607261425279,0.8174491010402865,424.06298660118813
8.193562638646597,9.9223295698538,0.7706273230849505,534.3270731845703
24.410628253917828,4.022821164490024,0.7827006381772595,625.3413496825906
2.4906948559543527,6.043096579075659,0.724741274845139,716.9115290077684
0.0,5.278488567737133,0.760421384585069,676.6601252599087
28.99589596113602,4.335565962459803,0.7322986943959919,386.400492170066
27.731286573260686,2.903059801488169,0.9475332168699162,266.30376172992203
6.410861090765086,1.0995493460611234,0.7953895777145317,925.8259892048626
1.1420247748283183,8.99583811691792,0.7829839384665525,914.9461209195513
38.57104867022011,1.5810633382384125,0.7700473113969499,713.0652164262829
0.0,0.3295258573373807,0.851034413087884,548.5672071229552
30.465062601648924,3.034769640829564,0.7585543526603011,959.0288757728326
33.874472916293655,0.9304407908713754,0.7698792839156017,803.2926621580905
25.396363062049918,7.974303919212779,0.7404028021474067,344.5196596183665
28.295388040301937,0.043419941677266906,0.8044126669022169,609.6419043433154
14.419162680687622,1.746241531259054,0.8255930236029393,945.5319911313678
13.780160869703515,0.028125899764234644,0.7984459287745239,226.96983823604566
14.99245171131741,4.055659767961429,0.9145455471676515,305.4396143371739
29.880117771937353,1.4734431115504227,0.8226708346778782,544.5198358560863
0.0,3.2894695344024245,0.8534839808158029,64.47546709360711
37.175262336364206,8.080613707382613,0.7195141643371585,707.5408495625665
22.365149568306617,4.988632765713868,0.8518984395411501,954.6824259546502
14.301675265351795,0.3879763977063139,0.7836326495617398,781.518851049317
38.61394435185627,4.68190746636548,0.7039762061751489,921.0334061246626
9.405275899920726,6.518971075805855,0.8637564371794721,337.9748970151561
25.328822741662346,8.431807640052877,0.9251162426656423,461.65889298079344
15.38835187096418,2.6478963085842686,0.9399531632764295,454.87793323386387
36.160692042117184,3.3418606931933694,0.8841974520480084,915.1769961935245
30.37770723179134,5.72501188563459,0.9107160119613922,184.7942118996272
8.882298890960609,2.2130413434662084,0.7923172051850592,281.4621541438138
36.1009497069562,5.033838272449456,0.8690508382644178,387.10738765697334
2.7951918333194365,9.076062143941153,0.8987090650506757,137.0724183959845
18.683278734845956,3.262429433238011,0.7040918104261031,249.7613129018294
24.60174304064639,0.40447107012624517,0.9050984741079635,934.514595593395
23.973244326826045,1.429160942550765,0.7904338881812071,376.4136651194578
37.1107736300985,7.899801759225096,0.7351407559335617,753.4078884655345
0.0,9.213798719603336,0.8526122144841507,578.3587278088688
38.68920664794819,8.186953306018829,0.7406008196123871,379.71845844517384
0.0,7.038863292322066,0.8631043532714815,418.0346089562785
26.258984548043642,5.427372627526004,0.795181716724535,789.0381092559628
0.0,1.3970459359106988,0.9375857887786612,873.1018420831773
35.69215440665097,6.3626057994121235,0.7297814709795883,487.918452593856
27.194040214451103,5.815006425548547,0.9017156917738701,335.11384632326894
8.912133094111537,8.750365915244856,0.7951579475523152,152.88899162932606
33.455265124918334,9.237831594666238,0.8230469784565368,837.2595414623556
5.495982968602638,7.996847862722224,0.9228921474675814,521.6431331464312
6.449690306267727,2.0778457204060414,0.755511115073263,880.6811233005084
3.1849467312319777,1.5245840341295553,0.82450501114656,228.32496304257643
29.864970100528122,9.306964028323794,0.8613878189667419,939.3564632011212
14.605871119117136,5.692152061737012,0.8761957515958084,153.52911755505096
38.33861708664713,7.1426303040426244,0.8222511333081094,537.85808950352
27.640491356857687,0.275566669263643,0.838770519758249,583.1650197978917
31.790057446398205,2.2614735646698674,0.8800989023189102,258.9669762122275
19.917350307794255,1.5355830746062473,0.7470488512185538,114.92252607745208
0.0,4.128428790856922,0.9330114583607962,414.24413246180853
22.74644135037513,2.265044837605741,0.9451988436791783,738.5296676760033
17.153239921636796,0.596406811941046,0.8561379739919082,243.94655435172882
2.439941006643171,7.343990131772972,0.806368336554119,420.9635353476341
0.0,4.514845200405847,0.7263181752005474,315.3731436692615
35.677753586338504,7.551554123170267,0.9450010829716456,180.61125816677273
24.13891102720884,1.3671372225448954,0.9231246994841652,348.1112257634337
38.5858923004954,7.418634783695233,0.7089337083703957,539.8015754616798
38.30397050282656,3.1694651011281545,0.7382767242340884,307.7122637867383
4.909369008417378,1.4629404421448875,0.9342297798265329,802.6253569272978
24.107557155708147,2.9488877422200677,0.744895614956435,124.73957908869096
0.5096500849559744,9.40701194556565,0.9291536915512487,985.959868542963
15.125607431030925,3.6215941691043625,0.838777615884568,659.4267872146123
9.944488313424868,7.619190396387907,0.7422933768152,595.2831019034065
0.0,2.3183640145653346,0.880273308959165,147.9656825649451
0.0,4.3283576442124545,0.8236198395678171,721.0851757249579
37.23745154432797,2.767011524733033,0.7266975717215632,450.5546591844848
0.46989207241905856,9.311821490620236,0.8150861916489802,798.6218220210613
19.942828471665816,6.7903956615757535,0.9463894410680792,302.54593758657234
27.22573707660121,3.5163822728085314,0.8803757020812522,933.1788165798761
21.880126980448356,2.250311910740132,0.7293990860483426,845.3721326858349
20.564909454768095,2.356352329891036,0.939512674709337,140.00071960351966
29.668087525035197,0.11097939190852465,0.8363427452455069,197.8221969182263
17.185136919880357,3.513031549494361,0.882429518377271,377.14190616727944
28.794435636097646,0.7568987646364248,0.7573851765458961,470.1040470117845
35.33996326435211,7.3177994544937235,0.7477626366884685,809.3088175964804
0.0,9.891767057372169,0.7903920574381553,65.6703800119265
13.621582530728256,3.130249705096681,0.946086840396206,264.95073913780647
4.215241348447338,2.698423639702742,0.7543372868333965,156.09972664525446
5.89641309922272,4.401674129153203,0.7512101696352622,47.22599141070333
8.413094334274522,4.595690262629893,0.716921877971338,554.7255700582868
26.61399197394234,0.02026441097033278,0.9252112353444235,833.542792284569
29.38130800000012,7.535430469746227,0.8614309579416829,441.7474987082745
13.175061282544014,8.400874210033916,0.8362671758882201,144.18435926260196
6.989036332277374,5.557166182191226,0.8325408812674031,951.3398680506796
5.5419334120018355,8.06888911585202,0.7664765659791926,507.9315476912183
1.3114358068274128,1.6700351684197412,0.7764993020586332,457.61831662042016
25.84429346056074,1.5610174759380302,0.9232210171802426,220.63206193830982
19.222433733329733,3.2510744357817423,0.897358593149849,803.736181568954
28.80144975974892,8.803395106276628,0.7177986203017568,891.5730891571283
13.431381561572989,6.920650540395761,0.885744873652144,259.2978816930689
14.50582233690792,9.714274812488236,0.7736358924802904,647.2613390837764
11.83081920323814,1.0760526220342133,0.8895471706939115,82.49919095553491
20.30177766490711,7.1806867110524255,0.783987139019877,981.7647155250622
11.411040920005469,7.0741731605567635,0.9358437306497771,915.7402109046554
16.487220777741612,3.425734430126385,0.7522071885924952,603.5762684202109
14.850382657848591,7.7212573824589334,0.7444396250966914,665.5464447964614
37.35439060684584,8.377708553739875,0.7618361051715059,260.815338025503
15.77046449542523,6.1711931089708605,0.8406794821197487,777.277255169297
8.62139512701451,2.1988477043042858,0.7280411703897386,789.0187484176975
32.20280963620639,6.01656616304957,0.9381560253217616,888.4923949444706
3.527009527812013,8.122869802325326,0.7298409726508962,237.22017478384984
25.256551853664934,5.924867103579629,0.941898790250004,528.8098348536698
33.652277491682675,3.860317201372773,0.7847342107161598,282.4060198005125
3.5729716563139866,5.954423896276374,0.8920289278933237,740.8964171393366
8.837295271527541,8.478368609900503,0.777821649517874,312.7832604603595
4.630412278577633,5.612869150999049,0.8524289657979047,52.125482173616504
30.32446648352111,0.017638662238803695,0.8630581278466196,502.6729152646752
18.690301815159206,7.365039264476649,0.7788394329228532,501.7253978911759
7.103488465807317,4.110105375015929,0.8773911640053279,539.3916610159838
0.0,3.149541843757853,0.8412397922964343,448.10124273992136
33.05072323038034,3.2185298910817677,0.849730498996289,352.0434022181093
2.0802334548374435,1.5863519367981764,0.7412535811477079,732.2268915043918
4.102162240259728,5.7283543830286785,0.8298329175123454,936.2157895249761
5.488335248709218,1.8623638427121734,0.8733882930068152,490.27041993265493
16.16350144778726,5.29775709833398,0.745856370919417,578.4170730337157
13.365989720528855,5.84108839184509,0.8615432679342612,738.4131078456496
0.0,2.9776001527196105,0.9201751610423741,215.00655559922419
31.76140688674216,9.051645280164683,0.772014354205362,223.87887762978153
33.267773384974895,6.652686101931526,0.7924576111008605,600.737350753536
15.041079483578427,2.401622227649245,0.90834690423661,793.6989700045706
21.14367951991123,5.949021675814664,0.9284694473085084,54.65263994171451
17.23723860967176,8.028662401359405,0.7406052392360184,911.0781569111947
24.116201649562356,2.966198235557097,0.7276843736952495,281.3160175710713
15.611472242406263,4.443965832253705,0.889814627662542,552.4249615401192
18.835984998833567,7.078020529609059,0.7622088575513679,893.8028587060928
15.623737009946685,2.0922345432016773,0.8399961715933211,866.2551743723245
18.121848434772552,9.173957068291076,0.9025749807883201,711.1531060239683
15.998198600570559,6.1524876017572145,0.7970153112083461,723.2401945642816
34.57291856455579,2.326528104678966,0.8590717961694169,649.9514763029231
11.137286055339219,2.1881843559779015,0.781360627336975,139.25909836764532
12.515924088906049,2.7625462800549334,0.8235440528468797,796.3898896712894
6.314428870651587,7.739916107488378,0.8787994679434141,636.2062510179986
27.369278162204704,1.2464055854668996,0.8970073857446386,806.3521963298325
19.35780396561247,2.3584422779172316,0.806631839755393,730.8426306394365
0.49899469787733713,3.4444653275282064,0.7674569323781143,909.0662918712361
8.779598411179922,0.24760743639389826,0.9416553929839631,997.0525849267736
0.0,5.26572127619995,0.8077304406761978,740.4697424050433
11.716576158318016,9.71788898269987,0.729114104866539,597.4037882229925
28.62090417121749,3.804110458143989,0.7392578363262406,654.7821423896048
30.383118714472946,6.379984444032828,0.8070715884425227,797.3787924890142
23.56187780462062,0.1490179881326748,0.7132594540447366,542.0685096012677
39.14635953584046,5.426829417150525,0.7527535759346544,161.17767384371444
36.983848610947206,2.534880068358994,0.7760987968387881,867.1047602272888
37.8243515773403,6.757209235266944,0.7737845738224138,841.4694404789533
0.0,3.5262087992200994,0.7665076311985772,378.95320579803445
18.75133810775059,8.24908676996178,0.8879629356823961,986.162991410733
3.385155212496227,1.4030983826328647,0.8114247147309478,376.5552650165056
26.167812891256798,0.23929084467863468,0.9033081035276022,639.7144352592572
6.762748816268625,2.9383811375304805,0.8852825956367514,522.0659897671276
21.081297189355084,3.5386469475306983,0.8966475031637701,915.4922956065243
25.86498282388631,9.52452845384162,0.798648152065053,980.3954417560662
32.19241171422962,6.376803105076613,0.7818315939767231,660.5124858121177
1.8909281348683187,4.859544393127671,0.7661814736675618,806.5643921590228
17.58751911570767,5.114997634979691,0.7012962658513898,491.45944882203645
33.58516749760841,3.055391936578881,0.7155502892215143,561.181350399696
11.088030931970954,3.8984723434381223,0.8995634709796425,386.2371503061522
20.995899529557732,0.6747492871736663,0.7808903885921982,514.8289654286084
9.782997063965047,2.919157252273253,0.7872821066494713,854.462375895812
16.28810789030858,2.728648916093898,0.7830943523621425,179.39444609037537
38.53781301519788,9.408384335087213,0.9028166711246366,132.016659255026
25.25612597693305,4.805276603953102,0.7783146155405942,51.6014972590164
34.96471791842286,7.605756310369482,0.8194729544877046,941.3155297146295
17.922402771327928,0.6225136491033976,0.7449399767473577,612.4319199293008
39.99397900043182,9.869017798579874,0.7346661023779489,261.038935937429
18.47319877144403,7.974453102569318,0.8280123781150625,979.5843099883097
30.652144706523305,5.738055281582624,0.7594206083342521,430.51575577750197
9.39758079506749,4.576033348064043,0.7219510501510885,428.4141408152838
34.84512090275319,9.92018308355786,0.7450297230727011,401.49587991477546
33.465002912658214,5.347293051101252,0.8001502188209229,211.4526830839662
34.81207609571523,7.369124806629799,0.9197617905073613,85.21417841457546
16.359210961277086,8.550342515310268,0.8083602330212037,418.12013362505064
10.506877837313388,1.9773652086942368,0.7315818537830239,919.7098728523109
4.332858690679143,1.2911390403041665,0.8883678511940346,150.34692907594845
4.295524474145265,4.666249764925918,0.7081510826166446,736.7438644372893
7.940556451035874,1.843585567622963,0.7981465027103246,118.57472472316545
0.0,2.5005239342453653,0.8546523768845908,905.1109824782133
20.301427531756755,3.723004798772376,0.8192806924361983,52.122227045875924
17.81840634784749,4.584544219443801,0.8593863657823624,579.9795182422235
0.0,5.878383217380474,0.8836130554239846,818.9382761304149
11.003378892629987,5.505020802817596,0.8516165447135573,174.1033618829868
0.9175347442551127,4.6871948947150885,0.914523108969201,256.05182353899886
12.569797151344256,7.994790219441999,0.7257288877252333,863.6831749731206
0.0,8.544855263047193,0.7319425333589646,904.8660638148267
31.484401252827883,1.986554756650396,0.8999771532834101,126.03093688244677
11.44409995208994,9.535510178379713,0.9192401657033448,666.9947893024763
23.760546543545914,0.2348415048777614,0.760101362270955,239.98092961294566
28.986575719308107,7.781704857791318,0.8836734240082067,201.57369752492204
7.830350621073733,1.8264147627743847,0.910049073946895,251.40469436146574
4.653694682219625,9.461713120738903,0.7380443211049451,149.34785267509488
1.091688791220758,0.32472022078847457,0.7393679688530892,775.7745765051383
35.45302388581691,1.3481269590426694,0.8524652016364147,852.8611228834391
17.15281787591291,6.823796089585064,0.7788353257194716,458.85688069701257
35.02629663051534,1.3969747837198678,0.7240816503118485,788.9693708671124
37.83470315242519,6.837694719710645,0.7704404135651328,325.3102295423701
33.915251483873014,6.446445057523954,0.7416391478989068,748.5148848831623
0.0,0.7854979740883203,0.7324517688521526,523.8928350100589
0.0,6.5847846694019285,0.7328859974717414,243.39322269308522
19.078009132704857,5.584114316065828,0.8116732407148188,57.726915079169565
37.96699981100771,1.3788248056061774,0.831080593829082,562.8275972029087
4.041615491118528,9.428432928554331,0.7366049614854023,130.23475851766477
37.38318957312505,4.607594096105999,0.7223810080547303,340.7286051816214
36.00565774003556,4.612880048268382,0.8247597834314417,311.7571323234945
8.742239768485955,4.986026409986012,0.8330467682527365,882.5247398826045
10.247355470139565,1.4606700475118553,0.7093980145837805,895.5890986762837
34.5422369349918,0.9403043235654812,0.9428925647929481,114.06729180041492
30.977107877102124,7.897975611545126,0.8667076172671885,330.6035454775311
35.16178514500638,3.7022108416598094,0.8814068312887936,867.5383047010034
0.5059760580128642,1.004678297102515,0.904820426904765,769.9346194757518
24.13666934888871,1.498016219262335,0.7971446647254545,366.1239361904955
10.210712844434473,1.0025041776852035,0.9041655587216268,484.5236482648303
17.926496275141215,5.001286753100281,0.8133160092757923,945.9798981117056
15.316850514308154,6.313823446070472,0.7368446839161449,728.26277394808
21.094139466433347,6.5891983946932795,0.7889292607882809,166.09730378983542
18.63501550988194,9.159279572766632,0.9190909367159533,816.293035538077
0.9443044264899673,4.622256113446193,0.7941886730023656,435.9616041355814
31.255105062100917,8.99786822011802,0.7486270531359855,524.1518330879852
37.07537283559546,9.939215735586043,0.9034541231649597,133.88885763006584
33.66615863152897,9.935741625654313,0.7002029903562336,812.5714311671869
37.9019050037784,5.877269511544356,0.9271757720277641,998.7599986711084
35.98540272529115,2.9467969425175773,0.7376715714084573,373.6201173663099
17.411190425622337,0.48749791667349773,0.7749805780967034,153.10528697140734
0.0,0.7170599871765871,0.7962513795711332,633.4752390178134
0.0,9.073165574531442,0.8499426490665731,893.8152311104282
35.714415940002425,7.246462071316617,0.8751904897725866,841.0035622932171
0.0,9.549394539282728,0.7680135595292432,766.9810788234216
39.882510081793114,4.011518628193881,0.9124467888229608,910.8351802545758
4.240380901979186,0.3920150388596156,0.7934798316739189,594.8835184461459
12.840506263823597,0.7933052717690412,0.9201160685198608,536.5545349839487
29.0629702684487,3.743423473878341,0.8311048421564674,495.2010228137072
19.080684258719817,5.2666156105028366,0.8002068981167565,715.3690039235997
0.0,6.9813125951406745,0.7953105339039377,371.38013662109864
36.65502971217703,7.5843640499391665,0.805918353394857,257.7266120213503
16.458587157548376,6.038284289060916,0.9408965974131325,727.5405285266553
18.693363032849128,6.9532801609219685,0.8225804074790932,587.9629184077478
24.491787778383287,5.967751556633773,0.9032626963319625,513.4098213607435
14.582766621083845,7.3712811039696575,0.7339309158776147,494.05106964567244
10.252021016348765,2.6695524884255604,0.842068259537574,989.9578103021543
15.846403670073213,1.8799942440354658,0.7339614874739099,114.75908210007117
7.353143067942905,0.46093635832207225,0.8592602163712543,427.5325888765757
15.189801987971975,6.078676526785542,0.7736839955702801,620.2734027932892
6.769728278175454,6.410190122650693,0.7161569619870227,791.7091154375568
30.97586850539945,0.4968532197296606,0.913134914892152,227.9889402026726
32.003334281452936,9.657100363924005,0.9042148382935143,184.88930393250743
11.636079548581224,5.16359234223987,0.885773292845047,180.82563009325975
21.599500386579834,8.93580491695083,0.773359643653652,270.47599519941303
1.5318658832592726,0.35951912335224734,0.7148212398692,547.8315283564912
35.49873334280407,0.5397654036638015,0.7275116189840656,855.7364394893757
3.7624290092038253,3.5351881272191057,0.9404471764088772,625.7147604915392
15.674511920750449,4.48349508375795,0.7878795874215251,268.35696769439943
0.0,6.650734718796443,0.8148102776254676,824.0409831753087
30.909572964633654,1.3869735860259402,0.7469692085575623,191.2351528264172
23.345841861221178,7.026051522104874,0.9073252368195583,299.0887030672907
0.0,1.35888487246136,0.8266790665648316,513.2401018452605
27.049840893838475,2.65581874218968,0.833453516623623,97.56803004921245
1.5778075129892712,6.644927728428633,0.7177659792277652,709.5115625612787
31.819834609483525,9.471387741569492,0.8925914831113699,726.1812617845179
7.981479949486377,1.4994906015389098,0.8007614460212249,674.4097900031951
36.844247585427624,0.5209435846786942,0.7285931399678457,877.5756736397245
10.229523016369086,6.035215969470478,0.8799321613396837,324.2819973294068
5.545891079854916,7.786920208680806,0.8653434578842105,539.2675601856142
3.556735709935748,4.829107256135138,0.7059541833598603,972.6311050543165
10.048642454725826,2.941569345650972,0.8009130659299065,817.9409870130734
13.487680119513925,1.4892640713397254,0.8892859117968188,238.7759826250955
39.43782825728808,2.0871486745405075,0.9274149765052169,954.5884940062907
27.80730259567111,1.983136471549184,0.7781220158991027,459.8566098212461
13.133924832558149,0.24176867601555,0.8674447053150303,663.9686608645629
4.797618207473276,6.596918230844084,0.7313862321035479,738.6146239953533
2.1929730730451356,7.791667171860483,0.8710482953763121,199.26711078119226
35.87367689156017,3.7068703993606023,0.9063099327403521,652.078692848568
29.593833020837874,2.3765326659310286,0.8251766913998299,649.8449155251756
37.92622206310494,0.4142881965516928,0.7893725963214172,957.3034097718153
0.0,0.4333913575173862,0.7651367828231002,414.8756483165697
35.01535915010337,8.298505868580056,0.7982827482004672,657.7547317662055
36.53823332016322,5.687920151671839,0.9458054344165789,560.5676950491886
5.166003197152727,2.280877127891084,0.8812871635454064,299.2317376775538
8.098071931598636,7.083545302866536,0.8771097554595941,536.0055859718996
36.85198468308271,4.79135100526149,0.9096187785409806,455.46860002750304
33.41262016260484,5.134903593657449,0.899957670708873,51.280796099209205
0.0,7.328750432392557,0.9309336440158247,549.9096502140957
15.022917015789242,2.4268536504471085,0.7888467906831742,573.8200676541409
25.794260090342984,9.125537605311303,0.875915311459165,209.58513464354218
31.960885066096658,7.540823208987795,0.8391466915842054,669.3845582865498
36.949792743462694,0.5267994045354454,0.7484663346675227,545.7163050580042
25.64201834830746,5.243855287552989,0.8144826868187202,406.27043462816823
14.115918063565893,8.082955203088764,0.8040505747893003,591.613900804326
26.975129184439933,0.4122895270487702,0.7992654831021099,912.0733387559796
9.846848410791235,9.16486298845035,0.910822415902047,294.47862209573816
1.414178099647642,0.6270714958717177,0.9444599249749083,874.7312020754347
26.434870481117432,5.742162090324266,0.8028626343315952,837.9361723718638
3.2621664699450976,0.13898977772265317,0.7656998582553847,750.6124902348255
25.12929013778286,9.679547554058367,0.8330446008845467,168.79717516594957
39.398978083488885,8.245032692237043,0.8550945898383817,544.0803920157665
22.97191665408961,4.802138400412086,0.7386964209799471,511.2911120866337
27.560501004924355,1.6045971698180619,0.8800224136673578,657.7235394580609
11.56672147263704,7.712776478962558,0.7722556214789786,740.2360851127091
2.1866463915783227,2.354586556843073,0.7933834417157255,636.5155537396226
0.0,8.953778024462542,0.7118615273950477,396.5500638674523
8.076863971210408,4.914669052876899,0.7937567197137663,803.0853994565192
4.731896180466248,3.3646914473302987,0.750148099035286,676.2751526047167
39.4314964689558,5.425870864551871,0.8948511936869676,622.0797347238916
24.154033756565706,4.742857817299656,0.8753572922711621,316.0135879761391
25.88270667850526,4.0282715359253105,0.7663586325342515,562.7452196384836
7.772973965654198,8.380479720036597,0.7507417074755247,249.2871722344653
35.89439531960609,6.589856615947585,0.8894374895286203,901.0235933928025
8.105354831563757,5.585693940711241,0.8662753148148016,572.953862301803
6.846310133546492,6.781803345854042,0.7970630244088769,446.51146634235124
29.621218663886797,4.7836286472420415,0.7308407827744308,52.164458432128384
23.484927106369582,7.49629799214358,0.9234854326448136,909.8129374851521
25.112095842869582,7.300997503324309,0.9249642895296399,85.65158375194628
0.1358978516404448,2.3617826590741453,0.9420312598845305,102.10706166868448
4.491197423873722,7.128070558034907,0.7494186908754933,762.7863660198612
20.25273884963559,4.319508124362663,0.70242651330252,811.8717979444582
0.23274351684435204,6.226429048145094,0.7779787113855026,176.06867189822663
0.0,2.1618440360607623,0.9293132613978969,950.3381100080691
37.331080798497766,0.6933942108122473,0.7904827037479674,101.3241606185813
39.17028755515864,5.636446757497325,0.8576735952370601,884.7408404154188
2.4115590839904164,2.4423466781989296,0.7660925089264401,406.8859001229568
31.110963565789987,6.424331478672522,0.9013183327314677,735.905827217698
34.40584388645968,0.878341108419631,0.9014911756710557,556.2456318108476
35.464299429901914,5.819903894900241,0.7908201413653841,468.4066144308775
5.589843050790564,9.335713399122064,0.7711699682588777,213.21993480074178
19.790547611302653,7.137333921018303,0.7794070869046357,178.6546575079024
17.274675274402664,7.578825429573557,0.7996532801543644,582.8578097515702
0.0,7.7975222352901,0.9000896118182046,432.62765400729273
23.658012107238825,9.058116910135453,0.9180595996645827,506.0074594814087
20.314448634413644,1.882042451098658,0.7181458115045021,490.38948871342376
21.324986475089748,1.9889767137029317,0.9159760306638213,383.4878752118766
18.543042612685664,4.75409836954963,0.8679811274526067,237.8101538971908
26.62394774690292,4.443955920268765,0.7606719220391807,308.1792263805091
9.64069105294935,3.4508152720916128,0.7880970884385905,530.4107314198495
0.0,9.423697178383213,0.9299941247393473,828.8460365204966
2.474394624223861,4.563036892571262,0.8626624834969632,196.83233601753443
30.50418152600703,5.870456716638444,0.7094342114157701,973.545400321031
18.10360549450904,9.906417648536971,0.8904735380531597,233.7298699488333
7.1815164761185475,7.372928180203023,0.7898741237535587,869.0656008749284
8.043297533436927,0.07223567962939173,0.7605052970082935,170.3173519300154
18.588484525520823,8.45739132635113,0.9127013443687808,504.4008382795565
8.892660521935719,6.2868513896838945,0.9074047472040414,521.9405866284808
19.520133825940363,2.7361601000166003,0.8306865343637672,621.1760587663192
24.457504837563953,3.7493494320097986,0.8836696607999459,703.5846412213689
28.431712621502566,9.091278703096696,0.7515058500341647,56.003355835626074
0.0,4.106824692784722,0.8738936895972446,57.42839277181062
6.629581791316403,6.5599298289265855,0.9319566021284004,681.6586115890798
9.487699039897041,2.799381325999022,0.8929269911688218,540.914907229058
25.3193412068131,8.274284892668707,0.7881218893961368,921.4536957568723
37.760297763965085,0.6637496379843733,0.7713424965154834,583.0527561857064
7.1236355819919925,2.60512547057238,0.7749400052785823,347.43087072221095
30.147872493877493,7.664720604445,0.8818837177332276,148.6712002784
34.51049948607246,3.9475395903151247,0.7096738293760048,260.8615551412249
38.418434607796655,1.7679049130834574,0.7302309202900071,361.2459599149411
13.59404502282034,3.3109859167139293,0.7704893226910755,836.969844307322
13.280182500104408,6.481008162886531,0.8064996462319455,627.882225288686
4.981194864401472,3.0721031248610493,0.7178946026337104,351.2943220778291
26.62779423659768,6.029390915879293,0.7960943399887099,986.6293684755302
2.0492319578036082,4.992443377622631,0.7266698483394607,505.6132240702254
36.077531451745244,7.341271843613864,0.9391011913656062,291.38316991463836
9.969512231119166,0.21146440584173062,0.7917952584095549,364.7873660132253
31.490036964905144,5.907214415000623,0.7326452075549083,401.08905358739844
26.784545047627468,5.314737239066453,0.8613850210785147,408.3075131579549
20.98399248772407,8.412763683638438,0.8133523702365861,680.1461219151757
17.002758822132304,2.3737185606067537,0.788869632790909,720.9392300736415
22.617673157132902,8.23034913529853,0.7099924357433784,586.118654052805
34.01717558217182,2.5119017710391045,0.932221002391864,738.3391233890745
0.0,4.775538629845759,0.7661238141007632,195.01791041359803
12.887400646172209,6.225493816369092,0.9174871218170265,359.51577144403007
36.52928357954996,8.070486847579588,0.8360904350644598,413.8314075554081
30.827416643219237,9.005341927011218,0.9293129475800296,382.4178284046127
18.18424157520294,5.13315411711399,0.735650607411506,841.3562515227903
0.0,2.0515814599919175,0.746009319856965,509.361738873526
15.281984148119623,9.66140182476374,0.8666713163979163,200.85583917493722
18.149422493412597,6.937327525570924,0.8843809857546706,725.8837671513403
19.994938602241948,1.7353780911939425,0.7663928170293051,930.8703689736006
25.166319779618664,0.41934523352057546,0.7583355457301478,776.8403579449233
26.65653211005278,3.7058167899167866,0.7182756105781283,902.5430781147782
9.868165252882266,8.692191267762613,0.7885475826165185,638.3833338417982
4.55671962913633,0.21741953844160097,0.8043069970013154,245.1354335342521
9.532495777077044,7.252524878570981,0.8068007552357638,992.4122408783313
0.6165795746518832,8.387420892615777,0.8051529798965495,942.1644787493618
35.26848692131583,4.094774128298014,0.7555557101358567,356.79940553971596
20.340011620634517,4.555682915289822,0.9061558769086567,854.056760597579
25.776560592935393,0.017568961359004813,0.8249941444579812,730.974782207497
17.579635187542323,7.221826009871713,0.7571645591345108,213.55016226902617
34.73569443002052,5.961412887554246,0.8878978756262436,687.9824957073807
32.92680293900155,3.484396669663523,0.8269302006440024,664.7328300443476
16.248624010082157,0.7389163404387529,0.9183931103729309,976.3776187872122
0.0,9.08020219601762,0.8642599195783033,367.81439709888167
15.614596954339548,5.294823389765486,0.8822000908870435,552.264506642577
19.725691248186777,0.4008958779234955,0.7591872711554671,885.3856345085038
25.59854341307672,3.3528857637907263,0.7932483553414902,432.3060552642948
25.50768101613287,1.1253908976730895,0.7444743990286758,307.8377482508547
13.404579072434462,1.9141879267244941,0.7736738349828742,618.903075836137
2.8083506545493715,4.506745583986068,0.8492774203214746,384.9627077036426
18.251437486858855,0.7246302695901208,0.7449027776667421,968.8517602501786
8.610170451290475,8.05971016856288,0.7663433578717085,532.5725993773515
16.525084214026418,6.3479083390039195,0.7208210462062099,855.0774909079196
29.292944864451453,2.8743044328856353,0.8276708547031372,263.80539171596524
18.245805114304407,9.913827855557848,0.8463205000335439,888.5356564276547
20.259544646342643,3.39624505660864,0.8614029047244193,594.1767529499266
13.490472107449545,0.9219044472008778,0.8512368408450607,542.9020359253071
25.968043813933757,6.067127165169848,0.8314127514541005,896.7245678735275
3.1441698206291973,2.457758150539352,0.9113332011468086,973.312828540775
9.066214389138482,9.227068890389482,0.7221733100120826,592.4749451966367
4.078041626032786,3.6183136244378002,0.7911821193881217,912.3100935991798
11.026589521097051,7.808270921509161,0.8653542091365063,696.8975054493425
0.0,8.79564640767377,0.9358727445348047,687.6664128525963
16.185198553004508,9.200009780513465,0.8793043912599656,89.03155045220878
33.3101732957023,9.04455372312212,0.8493070440283916,925.9102884969429
1.8644299804158444,9.34794329194272,0.8087166415485065,635.1728143085353
5.28041589764669,7.944086658592985,0.7105753737376449,306.527839669883
25.216898867471254,1.9080815038149814,0.9171770290810242,903.9558110671318
33.85019506586093,1.9834619274763383,0.9353524917314676,374.0830862095022
38.19009137520323,7.839017597995474,0.7884428396746407,763.6895243127085
30.086510202700072,5.603724420875024,0.8604437017611591,194.73692358857193
36.919199887731864,9.104758985482457,0.8642215725571466,445.3965735384751
31.3727195499206,3.7465590306286365,0.7064349134480313,298.52305749133814
36.213183863858276,2.8432473126277173,0.7826463531576494,365.89732552385067
37.89181831902805,6.405603374994869,0.8703146926433382,247.11105218432365
12.892933354139092,6.849669354515254,0.7151460676815835,401.836898984013
30.989395947879757,6.887065871500212,0.825516144071758,184.229199241357
0.0,9.62913916467272,0.9402081309336531,57.81019730715933
39.561043519544526,6.101709784108499,0.8078051159844035,677.0704401607808
9.345495213081039,2.8941487641813852,0.9193657719779235,409.23366558200934
7.845813548126899,8.604796934832262,0.7808555014355354,797.1368506429276
32.37815209227772,6.63685000174234,0.7862587204260744,737.5627141980672
5.7521536525802315,6.24392414058805,0.9178116664531384,409.30843781887194
31.07610909380049,0.9485831413794117,0.8770483357381252,149.5409619839275
0.0,6.0199972802033335,0.8685277036002045,687.8541570561888
23.69780475862596,4.772734531468273,0.9183302159249255,436.1045026872645
12.725320713784338,9.19206218158606,0.9097865291020273,695.7126045590671
17.692688236393042,2.3915381546479026,0.8651220848584853,861.6583175026051
24.656342255490397,8.217870388266888,0.7574814187503014,657.080980921401
30.840463301686235,7.415552263005992,0.8829920943350792,216.20056344898222
30.708481032648304,2.4463679546720374,0.8154347835756155,482.2674229576396
1.856286622699042,5.023932400943985,0.8937243528427106,201.36399878574298
34.76770598709989,9.375684947796989,0.7443640813987711,662.4256582903531
28.562132546128073,5.302761425662874,0.849211987931059,98.63308789840687
14.191171788605335,2.9470318198193826,0.757097839834577,554.6268395411219
17.25598608957432,6.7496305035879915,0.8941492609989999,300.33583929293707
0.0,0.9693964140708832,0.8249404226433801,607.5052587028218
0.0,8.503048671910719,0.9489061900050559,840.1318603197523
38.403049544212344,5.8612152060634575,0.7799914518108633,965.9045992032371
12.448581972108318,6.70977842791227,0.8490034363797281,677.554143157811
6.609213769593351,0.08386764991992132,0.8892093608752609,915.9594325373332
4.954715351944971,8.364939709115138,0.7875482016487082,811.7380884012941
4.33164458835976,9.405363228592133,0.8900986584987667,434.83015040798074
13.250695183474464,0.37426906054859904,0.830083650118681,348.9610657166671
34.57046151358511,8.358873732558747,0.9048445320949504,770.4092532069151
24.159477891381684,4.837363733984249,0.7473713525513104,447.00886009487346
34.978754918361815,8.1591296916869,0.8775588223600455,123.95889027324053
0.0,7.053318203938645,0.7106775693686264,50.82318502933031
19.821218643930255,5.476848674737219,0.7524232342422327,200.81240979392186
6.691985739614443,7.272475008453145,0.7134745308881191,787.1194187712568
2.4838500131283996,4.324384751533642,0.8716594123795433,253.33296839698616
11.8577202212955,8.180651797123742,0.8657495834445712,945.638714293663
29.295068244765286,4.1080803418614895,0.9320229623329286,693.7448826405772
2.8006002478988594,1.1597453786200265,0.77226240891423,250.3232625043246
21.19637307256209,8.894614799749155,0.9023647370546845,882.7984598452932
14.22017132283463,0.7955709486741565,0.772452863913498,54.653333211097745
7.605095425705126,2.545200703299167,0.7202809093433014,461.0990894369753
26.673307212277418,0.5030875506227069,0.9383260790729774,552.8278626040776
23.294706988048024,7.45517781246685,0.8613239478798861,544.8988767525691
4.43685876073103,9.823080121878998,0.7843666485014046,103.81187342718519
23.518225477448087,1.4724489662592355,0.7580573419817004,607.155567949971
1.6145196124006282,5.2189066439433045,0.8859310295918524,525.5172603612315
35.8654232312154,1.9766072752729051,0.8623452846375598,696.3605959919321
28.978591556151628,0.107403142321878,0.83792862673889,533.2496871410383
20.3416420196612,1.770367424094924,0.8897431012962591,44.64649369417973
8.908913712110776,7.636279076822127,0.9314758409191282,85.83909242293281
11.23564644635566,1.9068799910289171,0.799281813541763,631.9508469252994
25.095505112204535,4.563062994654726,0.7399707092485606,347.8883688286397
16.615459793249062,9.776398461384902,0.7946791633943637,337.7320379066334
30.784238898315216,2.0966671077505015,0.7301539723719807,60.79522179412056
0.5348969145996408,4.0234477473507,0.7872653433618747,575.0793681646309
31.540517440721043,5.0245006699566055,0.7331270693088621,856.6402816079194
26.459807986938433,5.2650592059123245,0.8524673630931013,692.5611769088218
21.32035786074251,1.928485694436219,0.7613933511166393,882.8183154531501
30.08306249275248,8.08074799958367,0.9156646385702868,658.152335912172
23.607982929687584,4.509048340190753,0.8390055019883691,974.0694757418858
11.528194347607648,8.178825384103211,0.72504232471147,211.29898695092254
24.471947803038464,7.7318321927700495,0.8126783654735228,896.1949223155029
19.25429964539522,7.848904333389106,0.7733678124161121,467.5767248275036
2.38153246740576,5.6351638131520865,0.722397925361826,407.1695587513613
0.5189769425387173,0.08884701120895985,0.8570111438916075,785.5625363759099
1.5329195249724497,3.8365558888531233,0.9004479452581756,154.26692819730738
0.0,1.388052977370359,0.8171136460749632,296.20142186562254
25.568823992965932,1.7606541502329576,0.8869983871495797,386.3486780225565
20.712943984845893,2.4925129363425658,0.8912324217803335,100.64131366040023
7.327789909665335,7.803439009235545,0.7351429902514148,567.7976875039714
25.346737271695357,4.223831286969728,0.7606267496628955,297.9662572279431
0.7291955818273341,5.790153888012993,0.8460013988778334,173.6197779085558
39.8823991176225,7.9831475412911574,0.8551998266021026,107.69115558735234
26.92366711084642,4.1861025417928435,0.8771198891031398,544.0763655131369
0.0,4.565290811520113,0.7866254165426333,59.336053836352285
29.44799055391866,5.766935301017713,0.7971769638364913,748.4544136699642
9.457335516944022,2.8995805271775956,0.7514976247465337,181.52946629738466
15.856524207767151,7.77555331177086,0.9229513941927809,622.9797755657721
36.82727093260374,8.249066194482754,0.8710885158184366,232.53367655902957
25.36680668816026,9.388964739657675,0.7145853391324148,530.3286100066628
33.337589829146275,0.49800644086870427,0.8751489050250858,404.36341118863174
18.994188047833795,2.1085222377331445,0.8091846929612682,989.3862698296716
35.63568508671291,3.6352052704909985,0.8665466263900482,890.1359580470614
38.783729234063244,9.367570032145867,0.9469425953732644,416.91652974866037
5.09462374251875,1.807632269628967,0.731290157087679,899.104901119839
29.205974941121813,1.8881527932961544,0.927598628176664,894.0593620811488
1.6509074705451083,2.1588952327884283,0.7359258079129469,45.040942533713775
20.636354259976144,2.3065587533321614,0.8977382259693426,175.43918903128008
15.50156605920601,5.214409814750603,0.7923286476843739,673.0118322011944
34.74115121432355,1.9140194686581427,0.8103120681426648,451.8618018119198
2.44159769360965,9.3056329673325,0.7291667321214378,51.943625556433624
5.10889405135765,8.648444871392975,0.7806266013746301,229.44937212516044
23.817545314053604,1.5157524103719973,0.7915448918062754,144.19959265911586
11.447822596809624,3.397662309072834,0.7612718026223128,615.0558831285725
18.374720624034342,3.073243715182194,0.8421841122782225,227.54821040717763
12.551624668343038,0.9408383278650975,0.7087279112083106,472.8066524723528
0.0,2.8930702718838357,0.7020370524005295,314.8538620814433
6.427017381669815,5.75679670756636,0.9213560100145081,796.7961737624619
9.480154554816727,6.018129595843411,0.7892482868169715,706.6671412991008
5.49945093745938,8.909139408511324,0.7165404901421503,577.0789508025154
0.0,6.933060919278083,0.7855020415281595,41.90550190336584
31.571106936269253,6.874303920705839,0.8972512491539306,949.921559850957
10.747864084264412,1.856630448462444,0.7812452132942709,630.0518183426624
0.0,0.5507255825598584,0.8657070088564084,199.71105035189478
9.317624858165235,7.135807813916054,0.7510525721783394,421.1427544663324
37.311438552587774,0.24250409555720218,0.8306024987997424,815.6292997172518
3.100759641535068,8.600801652805883,0.8386905012009314,986.3434329690409
27.54428293258079,1.2913994781117786,0.8690178117221685,471.98374428382084
17.463415558687526,0.9016861763433426,0.7404745516208624,494.38836492106805
29.67529473784882,2.841041270635578,0.7443144291182104,654.1368362093131
7.00401097655328,8.69826415990952,0.8081080093497216,201.52639189482176
31.10949488565031,2.2446553928324557,0.7977966212954934,393.47384741955096
11.093722195646318,8.377020299306997,0.8141647100589375,230.72004861374822
8.261116738941462,2.6318404437397724,0.778095981308043,207.9442157292317
7.028118168537666,4.911083471166285,0.751169427674378,361.86280960374364
10.147102609131686,1.7483516232277405,0.8738804047975842,65.54687759676227
36.53486302622687,3.226056469241616,0.8060246996137512,562.4670398771852
0.0,9.747619952791837,0.737833806821911,302.3859835542908
12.57448488347132,2.3193683658769175,0.9114512181256635,248.00817183649997
2.7037563820040336,9.081101420225448,0.8166249594055671,328.48328189500864
26.181920046446127,8.036967069877578,0.8680133310102149,599.4255451162809
36.03053966189963,9.918179385276233,0.9177238393543519,591.4484441050865
28.419202035694774,4.967519875239903,0.9456896797942159,366.9109425446769
25.996080571703168,3.163942430397308,0.7934977030731412,513.2725250771653
16.92584393205794,6.503082245935502,0.9104372197047023,456.77671439963086
29.120769271972453,6.211193270401793,0.8877338581207709,162.79224461955562
35.443055168844595,2.1371232628025387,0.8250750937484852,545.6154159497411
8.731210243078625,7.685713775548418,0.8979797324390959,349.9252662365957
39.06066812086503,9.311742634252573,0.9481425004667252,243.79642489168617
2.608925941505534,2.462608870349481,0.9128614884039572,753.4128984940247
17.93899131448436,6.216492287779024,0.7033010765893012,845.8964258490205
15.25478560198539,9.889287368430702,0.8890863077249292,125.51663070161791
36.777285679592595,1.198758688932942,0.8903297251119439,749.2795676548993
25.132310015160943,1.5153273639445841,0.8281683054141242,73.3669877239171
23.60006387830929,7.238258948593743,0.8562211050088073,40.83166641813175
22.586959162935248,5.471289961139933,0.7420434387574109,331.70949987225833
24.81998725048567,8.167170441512074,0.7281375045841698,497.3524522891501
20.71395270534141,9.827894019027182,0.8655476491306027,637.5135627732972
13.497525792929961,9.246241929047319,0.7362364558967571,287.35602733092327
27.719838228292247,9.227569540516457,0.927478258326274,886.1355195821442
3.894143974599918,4.778253416742799,0.8869468124722557,561.9569064837416
35.59200701787543,1.910039885180198,0.739795312639258,398.1056679893268
33.27419697500286,0.17232829820855267,0.7478227117229272,288.4867327191372
31.445022046261993,6.111679452550173,0.8922964749878303,955.9365326991426
37.56955143974007,3.3744269354446774,0.9005068603598803,461.17488183307455
19.035167802023988,5.941672454864826,0.8387401638124491,316.9385681709931
1.2501402011658693,2.909386342529487,0.8468131132743576,137.66412657752318
4.156638933283732,0.3863474035667145,0.8202786118959429,259.461472663118
37.912089796699846,6.727734628518116,0.8796996292461018,702.1082375757176
15.338245274125171,1.0143252866254864,0.9486609190434376,208.99368648773233
0.0,0.8572271681291876,0.7408305332015542,558.2536000563715
36.927701091767865,7.086103689636063,0.8414299060703927,470.7599358581466
6.0490367050553715,1.3400495440954752,0.9010364473139904,529.2141258302224
30.213466632332704,0.9429902455930548,0.7224944455313658,585.2617913378374
0.0,4.662822081628196,0.8138403813583608,179.72943849226223
6.873217553545937,2.9915897090064276,0.8140720428752779,115.93992566826039
31.355220443397734,0.24847512089120063,0.850502285542878,512.8134592049751
27.637286927169185,1.1792335529794946,0.8069293400366251,792.0425416480517
10.772510197131108,2.366029912602248,0.8566261715954213,362.6275800560442
13.489420046317589,6.127796919008411,0.8294549404836438,262.9067086926319
34.23297693491846,2.428479632783462,0.9427867625133375,708.2846368072276
4.4764465655662855,2.854099215814508,0.7965046536653607,932.6707168270027
22.9593375459389,3.528902701043522,0.845321594990882,951.4713409328427
7.015246007109635,9.280262056343402,0.8301604330605938,555.5269677222393
29.74247822962807,9.74448803062511,0.7745080313778634,550.4253539122055
4.838145262887566,0.24410185837004592,0.9026189355476131,405.34580882025097
28.217559756203027,2.0958803502257224,0.7627710274424074,298.9918667442331
28.106608653649612,0.435734135730124,0.9339413182667154,414.686864579554
31.968866323483596,2.438583032539998,0.8558195868261305,591.5653055288693
0.0,4.391240002856611,0.8096759016933227,846.5468403299908
15.566237908658604,1.1588691307767056,0.7522919528577953,67.94111847074753
23.53192087806758,4.784517467512131,0.8192482173001233,181.85093251738402
6.77789488095096,1.4213256385241417,0.8411700319274116,687.1194105740914
13.098640616372952,3.1717903397655447,0.9434984777104771,295.90216235380973
15.619884681227946,5.236699529429701,0.8672962688745217,729.0427358559533
0.0,8.0168529314714,0.90461095678248,704.2513368555866
20.014424693976554,5.278422652844273,0.7863026217657212,419.43857744884
27.25165756335743,8.699078147187404,0.7430885167444051,606.1115890575641
30.27485867025168,9.724528022938658,0.7804689833568651,165.70207139193076
32.42385418677056,5.125646687955101,0.8141095376295577,141.98225932258612
17.36035595477812,0.822100269794533,0.7550452507519029,93.180420894906
26.826639333668126,9.084553977877722,0.7615506932854524,854.3580053611622
17.32869900132958,2.154433234042845,0.7527296685283201,65.1682027362099
0.0,5.064561666479435,0.8028232073868575,562.5380633859536
24.06475986199425,2.5837768728602977,0.8358975978049501,78.43244687404436
1.3807437598667456,5.933704673983067,0.9066479412187032,820.5862970068438
0.0,4.027795311779404,0.7536006401942327,652.0541783779482
11.366390171813213,6.745735521769795,0.7993772500054614,399.70295954579217
14.106664224353997,3.913518639199517,0.8064029088931842,307.3065144519602
38.345278731805216,3.064371739252722,0.8903672907666496,305.2865749131082
4.9221356619955445,2.454628158470835,0.8558630878499426,368.59552436058243
30.213409756740525,9.99780456967833,0.7161044574785626,784.4837136553556
9.51659277375516,8.446852034313093,0.7389925457241577,891.528921272409
9.881278801131241,4.7050766750424735,0.9480461211172442,386.4497685551081
31.482027015329336,6.0288279143672865,0.8495035612656179,549.2661002838695
22.037387748046527,1.027932309228019,0.7118769137241399,248.3303512682889
27.67511183725751,1.8178561504726545,0.7860700904915366,117.86830980480254
39.95478798174396,8.407868501773354,0.7587925825661029,402.67365614712594
0.3632704802644047,8.367464346714163,0.7388348928906361,354.5483504164637
20.640239371770924,8.117909467007387,0.780303831756789,172.5735778343702
7.357172983229849,4.326221161353226,0.7029971821167706,230.73892546116963
1.2506798946249909,1.8820366280603507,0.7778228947600838,857.1427332399602
20.314378033412712,2.365037681438241,0.9331293093868251,820.7040510479688
35.985302044502795,7.728934680895729,0.891625038597218,940.2966884072524
30.7137448821065,3.6755480291185108,0.9431552782378809,872.3747369452708
1.7787607341735274,4.770639912701719,0.7292400875087999,460.53665516014684
18.007653710061867,5.046404069569336,0.8025424808113191,83.30326729460218
17.921609866095878,0.5660900785855822,0.8935794202803482,399.8504605861189
25.597220676132082,5.000492737559858,0.8410823631478352,272.3705181035841
9.690932389826381,5.358435790178574,0.80196595227582,451.44005604950803
8.231470952962024,7.114037766252426,0.9229996564887331,774.4557912860893
27.219980723583298,1.720931366064054,0.8448593374751077,644.551655586997
39.92250544206501,2.7853933900427834,0.8819602674794039,661.9795582562841
11.008809545710276,3.6469930323070057,0.7771976858339669,664.911714921431
20.89210554464177,5.167858557758281,0.7759263465334549,538.4777327966468
13.38519360393068,3.118525482204877,0.7627312346271276,373.00261712676513
2.116698808383813,1.5248975403515972,0.7293108374982213,942.1462343605674
27.979043410583593,5.677876738029135,0.8354870363071516,953.3840072093133
23.16306179517961,3.833936599157185,0.8006034194835726,819.3115812595429
37.126910530374516,7.2594395913925975,0.8350796300425293,137.3293404679789
20.10199098527203,6.298521700591089,0.781725940931989,793.1735219496151
18.147949995286375,8.89176477526194,0.8632471086163471,288.51128315002853
30.672197567876196,5.940862370465585,0.8127557463437172,575.7430389809606
39.31414048862337,0.5113429255424321,0.765616821844258,638.841138130015
1.6585453862526323,1.516389480442881,0.824680578526384,444.7815430668529
0.0,7.93536644742962,0.7271823031320446,216.6054830151558
0.0,3.88169506816125,0.7726276952554999,529.4710828115127
25.663775821376476,9.485701577252593,0.9050304732592676,54.19811019764847
14.670398114493386,3.5177601394783093,0.9328267807043238,675.5451872017303
19.109075304416457,7.458728757355183,0.7659796665793576,435.7484164453477
25.718667309002786,6.940673449440906,0.9356722080881111,239.0816913812637
10.808877115151985,7.715391299558626,0.8881425008159145,449.24413489892095
34.90141929796935,1.8383959557726617,0.8960265414147106,79.36454306563007
0.0,4.6696817709318115,0.885838796978581,629.5980832949273
37.29454774590181,3.9470095025530476,0.7743137319909947,763.9277142337985
26.317499220168013,9.231619090064008,0.7289873249430092,503.840258766525
7.020051424973779,9.804193611984244,0.9203632701281701,897.2114704247327
25.07529577788216,0.3568956709091808,0.8638242577452913,610.4440694515681
18.76974411626045,7.417668802009187,0.9071166552293308,354.78640099241426
36.82036461807121,9.713199818952978,0.76427382970416,149.0899583012366
28.729798967322285,1.5791170787111588,0.8434696489727224,410.7989332065515
5.509662408152873,6.94707240926157,0.815214800065267,464.9135824845212
10.702192447559481,7.431514543259273,0.8832487680345962,671.155687909427
1.4199284022943566,9.587380164599407,0.9469405923198942,964.303122288562
16.901036704239957,7.515654745582473,0.9381710207452475,869.7953237163742
10.742691664575045,2.392819034077753,0.8966776268200891,520.1509017892054
22.675239262248738,4.569523678456271,0.8202498437922239,685.5851806427813
34.40827097615624,7.390690957997393,0.835884616827484,284.3553275792225
38.92502123478308,8.762110804209698,0.8110221149780303,852.3184557679613
34.48150674421849,1.8302111748244916,0.9109738206197545,452.89663625343235
0.0,2.2486527390370483,0.7885503055462038,820.2369143073425
17.702208704679375,6.739554347515561,0.810040817067267,273.3486644366363
1.8582348945593945,6.498976686851776,0.9470403795350897,912.15250006311
16.380525522043836,3.7851715265599992,0.7531720417105744,198.49759653672194
4.483261684404842,7.2166023615100015,0.9231999789358402,518.6479304202053
35.60814987462303,6.812487501100076,0.9219945982388131,417.70186957250127
0.20756719131440649,5.451758821296887,0.943017578249614,539.3420256994874
0.0,3.4050705927768052,0.7121505810798555,913.9354783699856
4.2376394943491915,6.543674134659089,0.7095693160459852,484.52488183660495
33.998426937131214,8.851108568322203,0.7455408385265024,645.8193178404903
34.74465259143497,3.683809736783724,0.9401143439326034,593.5130540263287
28.281239195869638,7.173029720652683,0.8427708809440347,328.35787240283975
38.74421931007399,6.5285088313704875,0.7798203004458766,313.6901351671775
13.251684446376276,4.949617285398168,0.8618071954517323,227.06054277965256
37.473113105350684,9.582149499786892,0.9037022429827343,674.2150952870461
37.65438924385364,5.144373626717761,0.898778041419579,862.1789759705945
23.968197546373194,8.52570555498795,0.8584694882899061,505.084247088542
3.5615057552890135,3.1994730519164074,0.9303509464582294,900.7744345923869
1.0613727325520557,1.1208713873110898,0.8389194296321009,71.15347389154766
4.103333448928248,4.67953710752274,0.855509261015371,315.630575556204
29.309420129427156,5.004851000124922,0.886128267685687,173.53750076271217
36.41442018501819,6.977148969204474,0.872551381452806,516.8514227159314
26.50605465703285,8.264105830488914,0.9466470090124238,60.53412260977851
26.214596333308812,0.9506567524304386,0.7986495118711421,266.7346883873936
28.936539292256732,9.382478839928767,0.936117820374075,591.422854450302
26.951439071359697,9.10336316103715,0.8396719820278291,876.9005681130382
0.0,4.156185726596321,0.9156080887664503,577.822615227494
0.0,4.279874320590981,0.7850574393083727,757.5896672814274
36.07367357692224,3.5407280373710512,0.7719798180936539,222.5770929551838
17.36372044328344,1.75588454113593,0.7893144075220972,724.2007630589878
3.001654323743435,0.2794575277366114,0.9112425346885474,254.04459837416852
5.753258833865778,5.775208607190961,0.8394364822649334,127.5722101756084
9.814145237798042,8.424270803745719,0.7548109916230932,338.7115560266638
32.15833261770217,9.472055765227111,0.9041387539285836,546.1504844973774
22.362838076405257,2.9482592661957647,0.8570068498201935,835.6529473941168
4.034767268351743,9.03422904289355,0.8878491596789884,441.90136533812273
13.27042866345573,0.48692459739072674,0.8603809893020986,274.9650515301999
36.80303726436306,6.70744467966696,0.9158736568182124,545.1622909191263
13.224881371411673,6.4854480079716135,0.7171073232993033,494.5250491461269
18.31901704254342,4.8994603201019515,0.7305784082781691,846.0607557863681
10.891444384161863,8.344129905028709,0.8785178479475441,266.1239717844258
0.0,4.177663662903128,0.9054427477300362,813.8331187742197
25.78760784256242,5.511904042655374,0.9164754755609473,957.9191072184242
23.097405565272172,3.859588267532064,0.768488298709791,89.49095043995345
12.785883090508083,8.621841547396706,0.7764562819016568,154.99574706955536
22.44501794537349,1.9785178399425278,0.7313152898520435,541.4800581398223
12.272872814797571,4.937832718709553,0.8627114699976837,424.4753800607288
30.935677553552477,4.069595626724087,0.9309518083085965,174.8093115449238
0.0,4.916903779328692,0.9075918978230155,227.7588780890832
13.145101238028479,9.88216603726027,0.7489821662063956,448.07683175957345
27.372755117432675,3.0061010981033833,0.8950999960758153,419.0652340021069
20.938804966581305,1.4664905689386796,0.8212687519033661,385.5651268615246
11.707727247251102,5.192365249303185,0.7284034372571558,672.07331558292
19.382503307818016,8.043248306592218,0.7426490951546271,946.5268221385228
11.837389563251998,7.18503329748977,0.8774702235844098,992.0418944454755
7.568682054483652,1.7841218614115397,0.9107274845284419,709.3884078074311
0.0,3.8875598833900127,0.9092640231519347,803.5213294294832
26.765565272078348,8.308193898361296,0.892444200092521,781.7838317703679
30.94523974311824,3.022639144198976,0.8095736829250773,777.0005860848711
27.40801011181644,7.183061525348012,0.8018326045666966,363.69038836061753
35.547964561801635,8.237214994694163,0.9192431316838073,879.4955900889648
34.67687346544055,0.8738543319822015,0.9430858835663677,720.8514455669066
4.873482632781113,1.3351796047304567,0.8007726201656047,722.1708119447088
18.31467625860913,6.278198879135101,0.7207013479827356,169.21429361591214
5.572913278516199,4.095491288633395,0.9193908685301252,395.2700297136081
0.0,6.423719668872767,0.7897715179299155,475.7502486602028
3.8014309270353617,8.605831028112293,0.9110025405866704,812.1386857882969
27.30238267456773,0.5561592844075808,0.9228164059685446,458.24428399756073
31.77877486881621,5.522886738637836,0.7153014178953985,227.8415894284278
3.729995505073254,1.7280628851431419,0.9006089006905863,308.91939834513505
19.056406290795724,5.313114910207485,0.9014736251259141,165.42107212804547
22.84037023994861,9.326444699625691,0.8298181637235664,777.1268064852599
19.37074549733262,1.9343230237137374,0.9025521148438116,816.8411713796038
1.4594529867695507,6.697163902861904,0.7541926784296729,231.65924596693583
39.64729874889208,6.965845003816874,0.9259697884887932,339.1825532029902
24.12822174621974,9.824197474053598,0.7931027230346213,935.2200159310005
22.23632728269865,0.021244974086845444,0.9156154962077263,75.82815740473609
20.937670016387965,7.02518115043473,0.8894977058670042,157.65442531037235
6.819995721667078,4.724541834204748,0.7507858781259455,512.7464969297235
0.0,3.649232558108956,0.72599744274252,527.8703335010233
2.4452241220032236,5.12670906292744,0.7554700982096729,946.188301961829
8.01846481515006,0.777557166124457,0.8980996926533116,914.2588332509453
0.3388438679215963,7.144969215544435,0.7989204063225211,684.2276823812703
0.0,4.891866111035946,0.7932405206285471,645.9509185392408
31.860363764555974,4.7455884741859125,0.809766612516359,315.3764862331714
31.434882580812964,6.49084408537525,0.8389315620607589,607.8976471164881
19.439010839268484,0.7997472567342241,0.8976982022493181,122.59837649221868
38.46982610308797,9.888678423201668,0.8993213667121426,687.7747440599582
34.84818080781072,5.244678658848172,0.8208733456391811,546.9515993123348
20.54156223056215,9.015469447827526,0.7445188900429204,459.9269370328798
30.609688619279357,2.1516864596939915,0.7694460752229084,149.06980655882722
4.253654351488585,4.484003151868673,0.7597276598873687,996.6908047897693
31.21090096857661,7.935375582690358,0.7489618162841284,431.63718175716025
37.549219897824464,6.870279522946342,0.780144668608851,167.78806403431935
1.6752241958279064,4.779956711377915,0.8451731406054371,759.7385406842513
31.260974269653232,6.316518839554543,0.8517537680643672,737.5155406842152
15.064974975137279,7.841919250072925,0.7163107583528755,394.6691737151658
12.443142001432895,1.0476635097411966,0.7329042791109296,250.8024156912266
31.844921396460798,7.146915416538523,0.8225281298929294,472.2611018874543
21.672835772633604,3.9353543265035262,0.7415012110612028,674.1075703031566
3.500680194271188,0.8093210499110999,0.8978547074684362,581.7003401972287
4.499187419066025,2.0037611335810346,0.9454379684142031,187.42935842555167
18.27641237320572,9.863927330016008,0.8003141990984861,866.0125020925677
36.45699997211105,5.283695869789051,0.8728564333250856,692.6971450080296
36.207323706616776,3.847307502361193,0.7149820111043406,284.98278127715196
34.58445036099778,8.597369966579977,0.8488552159092324,803.4448427009769
28.05175784944474,6.5497610816375325,0.8174202007107177,573.0469343663732
6.035793908375752,0.859536602079334,0.8605500704217738,240.17978114211667
19.749090906181976,8.921950894701602,0.7181810223630308,829.18806756505
39.93350986914763,1.6574286625317038,0.7568665504968769,327.4062401258403
15.044312609089243,7.199018148109899,0.9267278492589898,196.57044607768086
27.211269943574848,3.938607285904691,0.9372189715209984,308.2895265244213
11.082505053081615,3.400985927413887,0.8880639213712356,462.64230447365276
6.325459336957047,3.409933045025604,0.8123624996161446,785.1867944901969
34.65074537707737,0.5077240210190961,0.7542703877271356,284.8234233071724
3.374017518997445,5.870691387803423,0.7454334508653412,123.76729993060832
2.7481552718968967,1.6330579709732265,0.7733848922081343,344.11782438305
37.67842951385635,8.046763657305807,0.9295563690033646,103.94661649689802
25.274673180938265,2.4774624013186495,0.8293269362771799,751.6671305127002
39.83613073428557,9.135857058042,0.7955403815589926,48.39522675287075
0.0,7.547968241655932,0.9306203619881354,501.52631668064043
20.144614404015964,3.6770640862628112,0.9169818095288367,626.3358594304284
26.842591933254507,7.423790870866119,0.7280117743789718,614.2627547170613
13.489468770302667,9.923520108696172,0.863826324961436,955.9775216000827
0.0,8.624401751495235,0.8001122658286115,433.326070655731
4.636371809419037,8.339823784163288,0.8145467685043709,495.22293828785087
0.0,2.7118847260101364,0.8479620881760035,664.2385115502263
24.675140609525275,6.5432407045498024,0.8945500620225331,336.57307963007133
26.559696106060525,9.896564435117982,0.9047791921029393,774.7470589080563
0.0,3.2011391974968264,0.7682200324917747,897.2341560095139
22.093314339132103,7.451238558331089,0.8692988434011919,290.2503196813911
24.208227853195,8.334352272360437,0.8702808086903142,923.9135221133206
21.72586217408985,7.128329063399098,0.8362892606478318,512.9619923900741
33.28949053741705,5.828296828435982,0.8945755255273786,892.8533213135626
39.97934592195402,5.011993817964018,0.751028215449103,542.1237714651392
21.037161568441014,2.6960485010788267,0.7639957568135022,166.99357620669838
11.748718186543961,2.93857743575218,0.8109842204757612,772.6581169564922
2.7997775033509247,6.943240072566328,0.7376905399020826,82.93553732845808
32.53927403256228,2.0122505266741824,0.7770826326570632,333.9906156121872
0.0,5.660052777948511,0.8316603369629165,455.51451980285003
21.919319735281235,3.7433514784293718,0.804506149638012,140.80983713699243
25.993034888346383,3.3778388282786818,0.9370844947103006,868.3119482972254
35.6784104495785,2.7137475350831184,0.7536163941180152,669.4350463036607
27.004177475796023,4.08216828268042,0.8872757105036154,867.4868075002563
36.212445356225395,3.1226663419959335,0.8334066401727453,414.2894135440493
22.04415057321424,4.171902306116768,0.7630911086424776,881.2794877730236
30.195441650999342,5.158995699837201,0.8848766278299691,998.8565613177052
19.07306010354436,5.553159641756969,0.8330281951381976,483.673603145512
33.010694599726406,2.9920109243965296,0.791184628625709,866.0964399410207
19.075279758165905,3.6594691907965915,0.760552781818109,106.33148328195728
38.4955631506925,1.1592659685272397,0.7597346859009431,602.3608862778832
8.592057953212883,1.7419647301331613,0.7576883527141053,475.9546468978583
22.795862966731473,8.480247829704048,0.7765740550083224,928.0492161528858
6.6204501227606265,5.352364973528407,0.8662263612345593,981.6420435781985
37.12712061904545,5.670262220334531,0.700561055448109,738.4649076792753
0.0,5.0021082653725735,0.7441290001618857,708.1934351724601
3.5921439847718393,3.336813975208406,0.8857378185572184,210.90861237948528
38.49922252324796,8.346268208667961,0.8653594459779889,966.4449187796351
29.029369385886397,5.741932813472795,0.8517581613096952,660.8525075549034
38.70832232448907,4.776678037023942,0.9315303334117857,585.0515171490431
19.008310461341758,1.490076792661433,0.7425955576726233,610.7215139601441
25.396141886694576,5.586010933650068,0.7182216701991984,854.9409074067631
21.31421212671235,3.874998268514369,0.8356356905586464,411.40728571080956
22.29736930070083,3.8211931977345217,0.9128058673562733,668.0182207118187
0.7339334298722889,2.72389285653061,0.8043609831301005,449.9243935540783
15.42994191235315,8.00087202827582,0.7400435276948224,368.04158278279226
6.811410196305595,4.006352720574872,0.9337832424494628,760.989135919856
0.8037813545997408,1.779217609177686,0.7612227519268839,215.34630342335498
21.087772839804426,2.6325445407157058,0.9460424871267612,186.91599405992218
17.390487169690765,8.50287305673973,0.7717966941965996,353.26818863782614
38.78136075371524,0.47554316270373204,0.8794179992156383,925.2245024114476
14.835923361416333,9.975897175475499,0.9278832689486876,87.23755107965377
34.803351937083505,4.275072515062096,0.939321049174714,671.1983189204396
36.08278660977986,8.465916733997515,0.9200226529004457,711.1056678163275
27.434349478479312,8.024615383546658,0.8859617130763495,114.38270169037904
30.228632599336855,9.059895807710754,0.8631013645851827,232.36191981835717
14.886965753043917,5.788207833867438,0.7426869179658075,511.65243103610374
9.564419571146356,7.1208104588674495,0.7407821910887116,999.3795922555195
31.22650656725078,4.521565031667071,0.9334142585594065,388.3042421920162
32.0314865459651,1.3883731309048966,0.833613327861209,181.53795200925225
19.8879906396934,1.2962800187822268,0.7047560048236571,824.8013190408316
27.21230627843304,0.9730948444940781,0.7786201362401473,242.10531042472326
9.919563561955735,1.1500104201838686,0.8316839072127555,632.4171028288982
0.0,1.0529730953611107,0.7405651525703867,507.2069543354345
11.574786172564194,4.017220074116832,0.7728424369979908,362.848074746208
19.465907269476336,5.693769975519324,0.7245221015784641,491.83350814579575
11.371345856322172,2.4362698857975014,0.8638462204631501,600.0511853274871
34.603992721739424,9.373989118629321,0.7132667933748098,898.3877629447697
9.683011272386555,9.736978374302268,0.8896215361358919,633.5708576592986
31.29201572341949,8.989789383134118,0.8809886604459569,646.6231278296389
23.55484678815934,1.0364327160996392,0.7077429861141322,232.95978438775455
0.0,1.8289894453687023,0.8249691760095915,275.43356449556876
38.86062569201338,9.818531063442705,0.7045457505830411,777.2214727472666
10.202231499376516,4.457359308947069,0.8952133798987019,371.3054089375237
1.7098770917287605,0.1980337796887907,0.8235172873244466,976.1997767423596
22.185745424771554,9.775278452120327,0.9123601907634351,456.1779598383026
29.295034506520196,2.145846154641819,0.7289143386874145,464.65095291682667
34.74869594058499,9.102859905941234,0.9277430580940467,363.2114784665059
9.523743659957542,0.6481666778636045,0.9145166455202838,761.6855617996268
39.06120609188192,3.9174784490009342,0.7879100669732786,726.2481197876428
9.604616171446056,2.8863074842303225,0.7461827545756111,222.5480016960227
33.23485588805922,8.349634454978027,0.7592387129925102,764.2525798513255
4.807756399412466,0.8657295971105765,0.9172095297295472,633.2183536682991
20.391712769454525,9.101992244921336,0.896726320137194,222.74940441457971
0.0,7.389635870518715,0.8363483235428371,932.8748918015597
17.759061383447172,9.707293784886502,0.8706173133188992,693.1530974972067
34.96450954826543,7.717640524278981,0.8862157896607097,779.5860490236244
39.159723784094844,8.942124173005562,0.8324092367059304,658.3274099863403
1.0366369543305571,7.367288804078834,0.8671005435480552,925.1683072477003
30.007512021695746,7.884148938730078,0.9296770083708606,953.5783767698583
31.38364163801805,1.571365089306361,0.7196134839062898,41.6528944619548
6.350922183976536,6.910759964132008,0.7492674126252197,134.80207647097404
12.218607918538554,5.2905376649116125,0.7586496585876765,131.24623025673475
11.946740076671379,6.2702344929420795,0.8448696901935387,444.58958596678144
30.203926051530363,2.4750367368481254,0.8469190321639082,902.6188879505571
29.49850306969863,0.2821393420653359,0.7053642474605311,842.5422108359996
26.122468049451218,3.0541056640630333,0.89894278385379,746.817623320887
9.344231173746824,1.9249503954907277,0.7768863141486033,823.5191232276584
35.24836545318443,8.388200466782092,0.7564795162536708,469.1417978519285
10.871117118075226,0.12748342931934248,0.7120863946846532,955.9884434823379
35.487002893367745,4.078161604261149,0.9214327014025658,734.1937784427186
30.275268241983706,6.352152655399343,0.7196050953048841,374.01731070594974
39.60121224290666,5.582447874760473,0.9380450028305337,149.27887168685044
19.694794266271025,7.907641703759008,0.9286684472132136,301.74065787350065
17.44501574016075,2.0266500364704867,0.8757416265249314,99.73654337364941
21.099728482264382,5.166535157954018,0.741733849175958,913.5013756120024
7.517851332908311,4.1081134017146645,0.7061812981890612,534.8792527782783
12.846821987537098,0.4622562523485258,0.7609746725203661,541.6269039950507
0.29322855358389616,5.447504684946887,0.8549632805083109,326.19687424495214
22.881292813791966,9.109617822079585,0.7042498434655097,595.1323275667918
13.638572211783558,0.6993611586317197,0.7617539789074579,158.75023856392133
18.88517777813355,8.45634934726814,0.9149071060184545,825.6679959955861
36.554574569013745,3.269146155588247,0.7500433292320767,367.9152653181527
27.462568955205267,5.553515604914446,0.8244365796526099,613.2316818958486
22.076426233712134,2.6776651223299526,0.9101001479213753,881.7026764984677
32.31954665149897,9.69499916954598,0.7690072441061537,900.5449373826924
38.827927512433256,1.6082340449636656,0.9484692459244425,296.82898005045354
20.81532597652549,7.341822106461897,0.850925956726301,801.4341338866391
1.8567997458539647,1.0826162621832052,0.8621627585045886,971.2274434237654
10.303084759746357,3.01350274948112,0.7425420955660988,106.62956918454192
30.990258241818626,9.10220758594785,0.8417406677564171,461.1872733456789
17.022599916164534,0.8035348283547945,0.8312167682625431,818.4966107703219
22.87429048692381,2.7747792796025794,0.9226773262309562,76.90035302587106
20.790605195475838,6.735639561039074,0.8075956157537127,705.0022108910631
31.35120126104362,8.253142277209276,0.822323136871904,56.805901780789796
27.201733927377518,9.6233633490004,0.8259425361768806,564.4564140883409
28.666278994049986,4.1798156541611435,0.8174209684257374,893.472314165586
0.0,8.173771139666837,0.8650408711982279,85.85889587315489
4.311322379534521,1.7823431318380678,0.8913241865763375,678.3147355183371
5.476630704022777,3.00420753534258,0.8809067658807057,929.4577328049227
30.37993248717734,2.4538667704219606,0.794409438181636,915.4167000315631
0.0,3.383539057677092,0.7639902145358486,388.68279477393435
5.252968306233252,1.9681843027081145,0.7164877486580926,206.52139785613724
11.39458892372509,5.58055919276245,0.8083562696525923,577.1255165352926
0.0,7.2073107737438935,0.9362784598743521,559.6841910098872
20.895879232395632,6.738616662666606,0.7868478573461741,578.5045369969325
35.411889121837824,5.910480624902579,0.9282684743061664,650.1591320278698
2.063621835693936,9.586092137225547,0.8783814354754468,918.5539392219115
29.34617662682409,5.287974797072894,0.8224660348784075,720.8362482358392
0.34517492632289304,2.190099463703869,0.8503304063474983,141.81281178150124
9.122508710010928,3.3866194236400804,0.8845899431099828,951.4463994625722
28.837312080984656,0.8496703408660351,0.7266073092214155,560.1700243983977
2.0090045877754785,4.307627428750448,0.7205154359451946,290.96712961012366
38.773860373989415,2.3969710270562783,0.7447829357153102,268.495211892474
33.87827112654761,9.055556933646063,0.9287272625518002,901.3627699554423
17.648375398115082,7.284866799340569,0.8782934845701199,84.88582038186486
23.384568948636396,9.258449722113872,0.8454526931140218,632.7101000884305
25.71112706870021,8.872977372085506,0.7010058419463829,868.0601163597275
36.74529443610064,0.8104933851390059,0.8617729614649896,222.68129212211124
0.0,5.698090875393443,0.8520145924909693,717.5357382737783
0.0,9.70211303233562,0.9250450597498574,448.85860889255594
0.0,0.08539803416833779,0.8589193537231111,660.3805220745132
23.441579917969992,5.340847291948015,0.7235893886150383,519.9256971742036
0.0,1.5353902065214025,0.7796824189698058,702.0091923906331
0.0,2.9679953942329766,0.878884548518979,863.4132818891004
7.510399980143894,9.967512284958746,0.9101882578007368,638.5473567402205
29.860757757397717,2.5250102613052086,0.8537792901081647,566.5509056407205
17.481508847046772,2.4199713890338144,0.723164797074354,382.23945155736453
38.04654858150056,6.936086695832378,0.836491228236286,123.16408613871405
39.21915934940824,4.142713454870781,0.7354399323095057,363.64412053119656
2.711248633082969,3.0513878191503214,0.8689953939972737,824.7370893795444
0.0,0.6416864356704395,0.912770175559515,546.5776373910257
0.0,2.6380735091906384,0.8264332556270529,620.9644080097586
0.0,8.245133273240008,0.930651508479711,518.0233862167449
8.628313040446514,4.334529274673357,0.7984760287681671,589.0927081142758
0.0,0.8724277166008736,0.8318468118628107,984.0287511473438
0.0,4.087908249314363,0.8237722305225234,518.1182755191284
26.982773806724314,4.102898850671528,0.8639635749096197,272.59154436755085
23.25588441473078,9.245368626287943,0.8335794802345767,452.2369087788158
0.0,8.368019351658845,0.9077213179021651,629.1730334659591
35.168918459022564,7.548747496623266,0.7192878454235488,675.066864501168
26.378862176008234,2.336311825314114,0.816484004077907,978.6156025196909
25.74389525138282,3.5543078112919613,0.8401626022383077,382.2092812323998
0.0,0.9467001487548341,0.7794052881117715,804.6331162342811
29.50526606121252,4.758784057612901,0.8481742882755892,914.5027132128084
17.083632414332747,7.212698758516123,0.7636520951912545,173.12191750853162
0.0,5.902743651127427,0.7447878545451485,305.2984705386318
3.3160928114565005,7.067404176622342,0.7523965502039928,164.2246388149819
20.083417578644628,1.4588751808025218,0.7196889342515099,711.510895091245
26.843004319037558,4.202663388544894,0.9228573032904975,679.3439898463083
24.403724026396016,3.7104517296879114,0.7859654557472481,619.0470547382314
24.49837428261653,6.181837921056214,0.757452826122605,185.08790789869306
29.73925529771029,6.899758572951044,0.8339351713744436,880.1357699109808
8.281976481930194,3.8718279496244192,0.9025669173345635,890.8615197956585
39.37611350003931,0.9822412984203116,0.7944887175271641,578.4561628667904
27.157352163535084,4.203052802078316,0.7069931110666123,551.3322583970802
10.704007344658317,9.073112352019251,0.7453090949206435,957.5958676263881
18.01550875712228,8.998321374776522,0.8988935158561546,762.050763548875
0.0,2.566241534827386,0.7577592606085974,541.6312686014736
27.9796726987984,8.333294236594464,0.7815753602036789,423.11580109730096
30.15564886908455,4.206523033082257,0.7747138199318993,85.21740840552215
39.58171413411546,7.683783051463057,0.9460813260457545,755.3729276942655
36.09722923936542,5.5519943703713395,0.9320276589269244,478.8726550423979
33.133453324110846,0.6633653417757193,0.7098238475310172,394.9975078311512
0.0,1.1132173975828439,0.9490610645636566,448.3201215705362
0.0,7.494849579820134,0.8722055158989426,562.7610568451814
4.48235391502002,5.780963870270593,0.7099736383713072,156.66357823291006
0.0,5.806849714029415,0.8441907824859552,226.81692454077302
37.79420935648274,9.128332030551977,0.7691996195636213,457.3533658923315
36.53868096641549,6.430323071371489,0.9218135415627782,630.31599762167
29.09779987872396,5.532437787517805,0.8062580574202485,94.23066390752541
6.793529048252201,1.2399768266658144,0.869680708995351,328.51120400826494
11.29948745514586,8.193970001020736,0.893122513527203,635.8654502100376
1.1826161313524746,5.9856882675014065,0.9016200271728492,447.37242767812114
35.282783798505726,0.9919526092306774,0.7768642746031466,164.03298023687194
29.589382708455886,4.038895713557213,0.7627260944572811,365.72828246858734
36.756894081092454,5.4632914085872395,0.7579452921253751,660.5269735815095
22.918615015450495,2.196866390713346,0.7293067685544965,376.18257680429537
31.22856813727076,8.158941941417375,0.7921129868763845,526.1788511554658
7.646115529926865,1.2159259901282944,0.8676261381315106,685.2083563779828
29.114532701024135,4.794837770544486,0.7996070781665825,175.06487942784008
26.68203328832746,5.285055063244274,0.9449029929651758,698.9866304200618
34.31232123677434,9.20125759311993,0.8456642959614256,647.3306746132184
14.122194117534544,5.226912402682898,0.7227809830455395,270.2416028079704
2.4426469791993632,3.3751356174284535,0.7692211534312201,286.58028416464225
0.0,3.663966161173248,0.8233980839470625,268.19969680012684
32.98107243071805,5.808252652562657,0.8233155958606078,458.07934855288073
11.505228050849329,7.580550126334365,0.799727294041671,593.7444805675209
1.7099016417067416,5.708767792148378,0.820828110587088,648.3463693422375
10.82285750386285,3.0428968681951876,0.8487173462878316,221.03264500681377
11.003086391538538,5.256375943070084,0.8940362967789202,220.2663339656114
20.699274180187174,1.0690713595888233,0.8591822637532126,222.81554944460893
0.0,0.6640615041513388,0.8200710866715176,619.1884955657334
28.627453789664283,3.115560140226789,0.7623910112990104,484.45594462326045
7.777075272564312,1.1010974663027089,0.7472318460580003,352.24560135936923
16.533480798132196,4.540875322472442,0.8293098282915561,518.3320848016497
17.760046327725973,7.962328317319938,0.8911293371236466,613.0275736540032
21.82568890254443,6.814027655564285,0.8940111829129288,566.432911902131
34.539589631621205,3.1920151364070026,0.9452042705037607,634.2241129423802
4.425353493147855,6.545827620881661,0.8982790969234631,242.73934455972235
32.23570742601613,3.6489943921019075,0.8803763478194779,813.1433733154313
10.41169613748941,1.2297596690622905,0.7580677626527769,442.6266779520299
7.609319591821818,6.94434746430654,0.8695620159618882,476.3942864870292
11.800013932638153,7.813567653640684,0.8507363674449299,294.8255543620119
3.825336405206501,0.8202117667244382,0.878440035376541,912.8509341596358
9.414433393730258,6.550557467541122,0.7790775969810919,385.94487697577927
11.57302337831041,7.051949828782755,0.9461060901350823,150.69477965935738
15.689212323103886,7.966428155317112,0.7213754758888914,251.18153700589903
5.472679990103566,8.33169965514067,0.8772391026109769,378.517364454284
20.191846075562058,6.175924007681945,0.9396796139499605,280.86806587386843
8.719939638789993,4.8476050606186405,0.9391737205297747,964.5127458895581
0.24597232242286182,3.9111648157469445,0.8880021212708288,208.40053258512927
3.9581986132894906,2.5811181032808004,0.8068585813175627,273.65598961858706
0.0,2.439645180759142,0.8045990318873056,742.0382954448352
28.275666033024276,7.706916539752114,0.7747499052388239,872.2458153517719
19.10869537955383,3.8416150051763935,0.8378145382831331,283.1493259586304
22.61707412222635,9.720611053543589,0.8558088991210752,500.46229166885917
26.613601930553173,1.0790807414468653,0.9366297585343435,159.85271061726124
35.21971815708455,9.9171071583072,0.7604526012540337,665.0352552672765
39.024488636731576,9.96546805213484,0.8662193574116066,224.63875858266618
0.0,3.9033453973795984,0.7589820654869285,697.362535774822
29.04234013668829,8.76815774493336,0.8203767105637442,65.6825545523908
1.3458788049757553,2.882667820926495,0.7879143155856267,790.4541386000463
19.005785079847254,5.874002884350275,0.7153405506759748,665.6298748642353
28.39784425935475,3.617799892651969,0.7082251489508131,184.70326446606933
32.4452424698115,9.14368644207321,0.8925760921151523,670.2403553804021
8.761276469840439,9.511775034972581,0.7110742773045214,361.2538697556229
26.05122170671228,0.6191447049764758,0.8568388535163475,265.0034338047685
36.86874315603703,9.401467199231373,0.7207669833386983,808.4983200701563
35.33198059331864,3.9755574691274247,0.8212708781946338,417.26120624695363
11.48792844744203,2.3387886879971043,0.8069683369363575,935.2754868284263
30.504391393317878,1.2574845307447424,0.7160289752887168,675.9788511377488
28.742295007117374,0.29974193017943324,0.7445283348005545,839.47722453734
1.4781401236153526,1.417817348584315,0.7765275052330397,281.6530916979159
31.890219350543166,9.673460378142096,0.8648264762837311,429.21357434376046
31.730782428810006,1.5991204878669014,0.8726454612118477,322.24582361300054
34.102598587876074,8.096311669436833,0.8825142516370147,228.0250050790502
32.7560542759628,6.000219394710809,0.8968086647364816,405.15510046337135
36.60739964284954,6.8865600702973415,0.7426829799982599,443.653301520639
32.914704578672975,1.611304874246316,0.7965807977791742,387.0363200653761
21.223880167231584,0.04144907344840083,0.7752370370100212,436.66775292442844
22.808987668715847,6.755907330849202,0.7592497495991681,396.22528274453066
29.339528286290047,6.314217790565168,0.9119723119230481,435.2053897546292
11.961689892111497,2.9850051826287545,0.8391296499057569,605.7842777233963
10.092189408863005,4.9997703869672065,0.7859534762254639,889.6965639253549
0.38373494411241216,0.576165708905878,0.9466670964595066,612.1071471245106
0.0,7.863413756620261,0.8025391349700371,778.6185386461971
6.281896625565732,6.959578122388072,0.9337771573287184,784.5534684917645
26.65458443060435,2.4787646398247842,0.7153695542593344,578.1040708414337
18.157154501549453,1.9779956122307616,0.931124247242601,611.4648313443016
5.104447747498253,5.9606269932539115,0.7666523318959306,333.9822940785741
32.82771706249373,1.6602462178028485,0.7584845666672144,242.00861551096355
16.46369830120883,1.7470659137232039,0.7997027954484399,545.6548061280569
17.69268207371598,3.484032737892876,0.751236931519069,166.52696897193147
20.559468120960478,4.716310868990556,0.8632773649825113,689.0802585101632
16.464325666613824,7.178987500243744,0.9202546602357378,959.3798078778398
6.90730606344562,6.87923440678702,0.8495263337797864,462.2898391812386
14.062621136623866,0.3945809646436894,0.8767853214082901,575.0664275530062
36.41151817425253,6.5496752438365,0.7849085435219255,344.9655588609844
14.042208287894578,7.381939857859479,0.7838662644946455,847.061590094812
10.347574336780587,2.0751451773042158,0.9174599997959596,740.9064176264036
0.0,3.0731892672190004,0.8048473918464876,346.2963528883486
37.39692346701283,9.61109645434842,0.7793743240479307,597.0414797122357
27.856655525710217,7.647313869068854,0.7495616280276187,131.31402898099833
18.007707564349374,6.085837752214181,0.8709406360275362,522.4648123657701
0.0,3.2396157328265245,0.8988807889650213,111.11970832072743
32.01296816050231,5.379815031517022,0.7272930933710041,696.1068024924189
11.047524704713842,3.6565786960050524,0.9291707632252797,176.674995313919
36.208498133377006,5.20734831491886,0.8395577993491833,586.9261178928142
8.908950612663746,6.59627217238774,0.799221565382149,941.0852235328389
10.64235602822682,7.096126941870305,0.7373992919445082,181.79184542640888
6.793559481899589,5.4322270402764286,0.7449086322815207,937.8203934443659
38.98881618995818,6.731630136820093,0.9142835647361708,273.22972094282926
21.285945280168473,7.359164917418204,0.8911576917388738,287.4253281797611
34.558591081295226,7.8321391860976455,0.7180658611527213,190.98755075948904
24.03328962958303,2.3347850928731995,0.9259612237311772,853.5018297323475
29.21785044652464,9.153066035228903,0.8612054724819338,680.812612035792
0.0,1.1422337435443253,0.8796272843501665,139.25742600998456
5.375514131375768,6.187734224880286,0.8139164159581166,262.0514435626654
12.797416391355666,4.814721054988674,0.7832247438386126,174.83065725532472
3.333500113271393,7.6570015643014155,0.9353008121414723,469.0181696887048
32.3473990014522,2.1817781131902048,0.823405476124701,865.2325260565841
26.531843523955057,8.75499155534342,0.8460523632865856,247.3571274096671
39.64160392021291,4.625447572332437,0.7306769745387237,666.3059716156553
25.256586567629174,1.908436517451129,0.8869941480320731,636.4199597030715
19.825878034155448,8.130095929958937,0.8994051265010705,458.92721882237277
16.640664546301814,3.7134827861183006,0.7017179503176831,871.9899986419736
23.601466620050974,2.800111880231601,0.7120829717539581,217.67939732754186
24.589249164378614,6.7651668085421734,0.8204012235005909,247.99964639330068
17.72079726505778,4.562536985726225,0.8340146688254764,467.52697060729537
23.561263592645773,8.123491009108498,0.8128091579745749,164.99734573125667
38.27359827309184,4.852472370797967,0.7549661571441917,356.4069638426455
19.43106524228921,4.653077234544675,0.8150298027789381,129.28947688954668
22.036090773872363,4.916862507419484,0.9392066213820232,235.05760963515365
19.157237221127065,1.6007082342143057,0.8101141070038246,627.1426415356672
8.932168168879176,0.10553091168040858,0.8719230259794076,714.9742499034022
7.288708293655356,4.22484321741319,0.797437071480549,853.7210400113764
22.194905061103675,4.607580806443737,0.8960538443540276,794.0803102798113
7.938436366120524,0.497701158815807,0.9063090495716699,221.74401462299988
1.6240677072180274,3.1834462751995476,0.942339999988505,841.6917087493789
6.022050694600607,2.6146591856343435,0.926234736671078,995.2945307680649
30.261891026877098,2.7133155609435176,0.9359981062299627,369.606997409618
25.31487655792545,0.8188916249504283,0.8410444697671958,383.35131639379887
30.435988558918286,6.133206301384756,0.9091355223793164,84.76586780815214
5.506994237830583,1.4178421152032206,0.7216012069287077,808.8954086733453
39.46994920683707,2.0979378649065406,0.7366545261661652,712.9439154104559
0.0,9.64901006680511,0.9043621562042097,752.602461411805
34.210365923477866,5.067554259291667,0.8364783206916857,573.7761959151325
2.1818760526155545,0.277519616048009,0.8499517595515237,915.7505230188651
33.160340493422446,4.074891733995213,0.7650926703586344,940.7258635655339
17.307429140371738,9.13937375730791,0.9436679273498161,414.87731699031576
0.0,6.031477614274757,0.7259648150148101,401.8808059865684
20.739860202047776,8.671201720399951,0.8473373747719624,630.9006471561554
7.359447072785774,5.731497653548493,0.8486028383412476,596.687824215052
37.75389236784948,1.931475855502527,0.7938704381081159,292.292604856795
34.474998510521466,3.427247814873763,0.8562178394510629,433.0902349517022
18.075499587739145,6.155144856308984,0.9176851400953266,406.2229093003387
10.298339780583524,1.2323725476375844,0.9058601429219877,629.028155533618
34.32187818940841,7.319310919356,0.8434254448401639,209.70058783739495
9.883926814024552,3.8580368198282637,0.9334891519104938,496.9732563972108
29.56590377748039,9.745376190762487,0.8133166288626745,327.4556551444497
33.79844032608346,6.108448141746003,0.9325783477035525,989.0017639571187
8.303953931194275,1.7653939214940984,0.7111104062132331,700.9746970529725
0.0,5.04681441133377,0.9158096174325766,852.5113937880203
37.96919925746965,9.758895978562318,0.714702899969154,82.28501024052133
5.704432872652266,9.82210241762796,0.9333568563234679,960.1888976730245
0.9672774146967109,9.340574577864476,0.905560957950726,624.1856283677445
10.44506608155033,8.110535784852134,0.83612357939091,202.21595048300938
4.059683963653893,3.7931648642471854,0.8582456319222328,614.9289737305664
2.3505171954545943,0.2548574171062801,0.8188901292464462,854.0188570176093
35.35986506636171,0.1791181479573726,0.881563389423285,433.79753258979173
33.79820842846299,8.84174932508375,0.7582202248681754,781.4842779947718
11.243800432483297,4.510481031568702,0.7436440372469303,852.3568390554947
24.044266588388087,1.9310648758223061,0.8391632730792125,89.56751078053227
24.959401312929348,4.342170304313104,0.8460970446050501,63.74910718730181
0.7740869422927606,9.292049866694686,0.853758984464265,260.02532578610897
1.619226192811358,6.645013364219749,0.826345382973162,120.64095676805098
11.374762297853014,7.5694794914457955,0.7647172502430288,413.2640610570058
0.0,1.2202095445058192,0.7727787330839632,245.8031204004483
18.151438020631126,4.371887785087191,0.708303887314495,208.602789864907
38.73312475517022,5.011221761113102,0.7859742382883079,484.76698486919366
19.711894742227543,0.519134245199282,0.8065117075217524,992.7614579471499
32.326257396861806,3.215962001934733,0.7692159431221615,928.6641010542646
23.832323427885754,0.4475868602599645,0.7558654664168915,697.2175251798317
13.967407765017294,0.7094796419041112,0.8177391014594668,982.4627996624896
37.24307148043734,4.589128668841258,0.8729625495025609,121.97777927365021
22.078672064976807,6.253841687654,0.9232534730083506,723.3933688870774
30.67633181485684,0.2809156924395743,0.7379044399971073,355.1952043243472
3.8395285824988634,0.7477339816094766,0.8968378901556994,241.96691076090303
18.36542453828616,5.037567044805672,0.7982175072493682,94.66473380498648
6.078822236037501,6.825394913581344,0.9015616431175959,154.75168145338856
9.070268682339707,5.669003845344808,0.7022865123247294,987.4539343958163
11.40031996954149,5.015451843404253,0.7539109176159502,696.7556245760088
0.0,2.516529902372015,0.8649162929860111,398.73492680539846
36.504559978871804,4.673400639876365,0.871446810528729,176.67187683436538
14.646166008753031,4.482035662343943,0.8001959453324631,153.043497838467
13.59731774548517,9.310752182956948,0.7167843830924494,534.6167955989503
25.39751657208459,8.928072684644132,0.9193093494897628,152.3926900551691
10.475526418557893,5.781878854004517,0.9389255996147963,230.17170030085708
21.64341372389635,0.7698921946605418,0.8139682628103981,154.2874479500578
39.86821227079943,6.600907449724383,0.8516090827606138,959.3051134069002
26.564940286983038,2.1202924222744413,0.720650502670953,752.8544699423461
24.98560977369948,8.003959813488885,0.7310180709166452,863.7257275205767
11.586486314645466,3.3010512972579513,0.8111605755812923,708.9704602685913
19.33147403405331,9.600888835319385,0.7800492964798345,818.3147553347968
15.49105928960197,9.250897505809094,0.7068920733669276,492.4393477063128
16.239147223228823,1.6231787969588611,0.8393413314460437,484.79932561492564
12.641461848367992,8.230411379011436,0.9367045597046841,794.3173054725561
4.20029874763525,6.264492038941325,0.8027476413793069,853.4022803507174
24.463399550104715,5.928929061272334,0.8371233794643504,561.86623467228
19.34064848501943,4.805733490588005,0.7540201073996424,894.2575657850333
32.60638805809787,1.167493455857286,0.8302662690351281,59.964925474537445
24.40351989316389,0.5745064924220566,0.8246467465090079,490.9152420012406
12.44532150034483,2.3212759315954425,0.8687391424873283,203.33045225411468
8.317201225089232,2.7326130528664967,0.9359756904069771,628.8800361145999
32.47929934697207,8.335695061234112,0.9329880739194033,375.6381137335633
34.385054515306855,6.574671522925749,0.9141508686927925,909.1681461202603
12.57116268430815,2.6472901210842585,0.705666581603092,86.83859570739355
34.28540474967565,7.888849551443012,0.7633133215037828,880.7378026597104
21.01439429163348,4.980497941315822,0.9011977826200079,163.19202115305524
24.75840111859759,8.030324649765289,0.8161212217655285,861.2490902033752
24.233222653999224,0.5848553752183929,0.8141121128190663,595.1520824429182
20.518059269457666,0.6049793004332791,0.8142906806160496,362.3001695746341
24.077207977917222,7.86066282322648,0.9143389744099011,561.969437660995
16.99891086309995,3.4092855077601447,0.7691359238017175,170.71503493173478
31.231633139573074,2.422622932058134,0.7278662696631157,703.7275433338151
0.0,1.0839227351000447,0.8742066940318676,902.6420750648683
2.534739948223864,8.497346222182085,0.8313029463787514,920.4288577438853
4.552251296493669,3.2218830022176057,0.77494115556425,913.5779987276817
34.106859444219175,1.9076077178147406,0.9352463432066449,960.2265797936769
8.964093666569983,4.506282537648931,0.7867359558671593,164.7286159177121
1.6505225844021292,9.538665464800081,0.8858371968830654,327.5201775595168
13.27757108065577,9.280768195721247,0.860309297828649,409.3359289552333
33.77318192339315,4.86650127858871,0.8255786464301096,673.10974717943
21.38963485442098,4.682116194577306,0.7909426632415529,956.5428926494503
17.636022058426914,7.582882608101247,0.7603471330576524,866.7218323539621
1.5118326038132883,0.11927125907054233,0.9167117713872762,324.189381083723
1.5583469338743352,4.158613511646032,0.8515691485270322,338.7221128241933
26.241019825956148,5.416072385781968,0.8083101024572246,103.39072455923895
6.02864429063344,3.513798952572167,0.7575720343876795,560.6566647390346
3.2452053084832335,8.72377839154373,0.946221099942233,798.9234895968955
0.0,4.635258759943151,0.9455538203303993,562.5645307458835
15.94347834266717,7.874373874844059,0.880986287343606,526.3999921481623
35.82570096126491,5.890234958136033,0.804416437179517,692.7275554805598
17.784393143286398,2.8487730921490635,0.7250178188340501,631.7749649600703
26.137040789123176,1.4540219825996503,0.7848302067938728,678.7353698764
21.3352714207398,7.753828068521164,0.8097908611970941,700.3454697613499
36.44086828353842,0.19148848305642469,0.9357880263073486,160.64621074972766
18.236569479863412,0.08359728270657733,0.7117560637378916,397.9988650985324
13.9576506679371,4.930716374505179,0.8848737406136078,797.3139281488676
5.0934967344270365,1.8553156099226857,0.925755992606331,608.9861132823621
32.70987300962019,2.292489940673724,0.8190301956752886,54.20089160115449
28.157318720329478,2.825787917213296,0.8952028522385254,200.65506386462513
30.392276583958434,7.503971701386723,0.7467703548390195,305.94531527498447
13.618147189251808,4.013350263357828,0.7000948044220299,445.9223502553541
8.164759293724005,2.582025272599237,0.8680118665098582,610.7341239487512
30.488523683289397,4.850167557093629,0.9377108308132207,508.72810941170576
23.02281425662953,7.982138403717568,0.8907630718013518,404.46469217048383
38.09964848094546,4.388253547092478,0.7477420926844949,390.1702989962602
0.0,1.6444915536933724,0.9198501198147306,607.6593015285293
28.923737768674517,9.49963238257487,0.723088960924976,213.47976078073143
33.87845487055699,0.8317526425056957,0.8556205134611072,60.80404332551563
13.412887474978808,5.478532527712229,0.9403831532878395,260.7469268072344
25.693803201200318,1.4461282437740395,0.9051670407637693,544.1070349034809
8.76938803888788,0.9306861929830852,0.8093885199188278,447.82439222437165
8.24674683625864,9.519862473699229,0.763070245602601,86.40300838462537
36.10496177048064,3.418756753344717,0.8519820198879294,627.627683123633
22.3343700534759,6.124279646934373,0.7539208118735049,781.4410093387447
12.706864370724603,6.293124897188919,0.7339451688698339,697.3874001168614
17.34424068483582,7.701255094841665,0.781059143499661,636.2809732926607
4.978065487739403,6.80525313891508,0.8747169530186223,938.8144980176131
14.77101356100579,1.6980006248908832,0.894398380905495,668.2578396661361
16.25186935518222,8.320079233209588,0.8949926346990292,937.6058001944705
23.83146383679301,0.8511018410333206,0.7275526753639849,657.5905949977766
33.23573597626938,7.537713347715776,0.9412322861351555,166.38841754141495
21.447492440615445,7.550970345855555,0.8822434408025752,682.5436309886079
32.948588006747904,6.015181507119322,0.8847894324413126,845.8001392887907
11.411903858619114,5.104478791038169,0.9208836642746308,774.7309397939918
5.042811075316324,1.887902205735507,0.7271956734099287,860.3730423016825
28.800621919968133,6.089688953139223,0.7538288379785915,536.5478600127702
2.5920814667290437,1.4712985081525651,0.8226674007243603,317.2624403134132
8.634694833511313,1.0663013912495023,0.7095827323818565,737.2282845242615
14.584635312739223,9.188607504068651,0.7057598091823484,60.06079384424975
22.487117293066206,3.8958414768023317,0.9382516397426798,329.3523791702047
4.386359030493841,3.980889736108319,0.8540913333598604,297.4713652758362
1.4638783607262869,2.530192002349998,0.7565072935961599,135.04230063855314
31.844625977956262,1.3077146102439874,0.8973319446472791,130.66007781420058
30.310819471063088,9.9338831713577,0.7536013430324625,855.9248359096704
11.11428708958237,0.5252198784603496,0.8764556047775227,400.68659639503517
23.782454245166193,0.9765255656591797,0.8298530390744625,219.87349891100303
30.804952932467383,5.658035979081162,0.7735802485745379,819.1281011453867
21.4092406318659,4.345512769101774,0.9077857676328348,745.9001272338797
34.79072331245873,2.4188037753152956,0.8103249653417263,921.0030756998339
1.77356358465361,3.3620319797953697,0.8484389945873684,310.70036845532536
0.0,8.212129075367063,0.7771585492618238,517.5114304996719
18.408110022866563,9.607512731333097,0.8279707895360008,970.5904233906198
20.053075724583195,9.248192473874708,0.9147863617449188,357.7339872715712
31.782744129971977,0.9272740037551065,0.7288138548156294,767.5251380913496
36.763568473362966,3.6310471140790264,0.7238705482637986,549.8907998006982
4.87826449308677,4.883066887397919,0.9258168163614195,260.2236670793138
15.680811625960732,6.505165972941193,0.9386251776806205,568.0276305386686
7.793042787454922,2.9813731932668426,0.7988242622540711,597.8844808090175
8.709830434715494,2.661359088931106,0.7802073983473189,96.90396357152373
38.13630647430962,3.9309707179344593,0.8770695126266298,923.6368823304136
20.221242373564458,9.678820499683633,0.8722701783390723,739.1817270892841
8.92450243912849,5.607518194979119,0.7293559293655378,602.5555774933514
22.055565756134648,5.590263277156128,0.93592882541602,934.7155492313822
27.35814132025184,2.2954422724190238,0.8954092375971436,870.1868075606199
36.51982427698934,4.358519144021009,0.9421785292551766,463.30399238428845
9.701212617004094,7.333394169367256,0.9458443984950975,825.238012813628
21.877214034881828,7.46851964705568,0.7001455336649487,581.1307093198133
17.928683634318535,7.855811949603923,0.7040723675227788,180.91848318364694
0.0,8.859091968784012,0.8089564366798847,646.3256314735538
39.07946061244706,5.23297917403024,0.8058852214499863,969.0157186175232
30.213148586038447,5.526813415505815,0.7717192724395803,70.47899335295529
33.097516588296735,8.051974906981382,0.7521900562860127,222.7919240396555
19.672382337858213,5.053414603731612,0.754580923462602,347.5193228579802
13.071118133188994,4.118086957644752,0.925668117770011,764.8043026469916
6.225867099009865,8.004487391988746,0.7261843597830147,909.1957153125792
16.657342099434953,5.328833063694003,0.7520021912602305,331.5691112307048
0.0,0.9661837177507528,0.842087115987352,640.9814960256103
2.907735214924805,4.909547928178292,0.9072241674385914,806.0401946662513
16.236981895922387,3.5348185358258366,0.9446526988103836,584.1050706411709
8.933454729494514,4.275950293262007,0.8035591898293692,314.35460725657026
0.0,4.681845488872181,0.8643994901570133,540.5770755780454
9.533312255332074,3.0240140068008,0.7391970014369973,339.09262903697316
8.343506135578565,3.604512887392323,0.9197982636729843,575.2955551940391
5.518415282468955,2.943025723362365,0.8007974926052802,309.26829476594446
11.254953517394057,5.805195838961205,0.9010116508515376,372.7833518780512
34.973584328990114,5.785642405792911,0.7963820968781575,802.3154671438792
22.909726168343923,1.4469281245124432,0.9120528309502007,414.4124894053233
22.96103563961772,8.17645127862283,0.8187937293879977,863.4235580558409
8.680710255374704,4.0029475099676635,0.9169447971448735,638.7944315879147
0.0,6.757062567745801,0.7125022077932568,357.28600992576946
8.485408903446304,0.7115625487602325,0.79474379839128,116.1040334864844
9.980484471433059,5.79723258143751,0.7310977246519119,752.1482908974717
0.0,9.962374753179125,0.7270471757356648,991.2232515968228
31.27818632302559,1.1547469581395349,0.8613366879532934,336.0394134481884
36.36144076108076,2.1113860039465506,0.7395308776468676,145.67926052185106
27.37288971477096,7.188615869716572,0.8944520079545284,611.7833046992769
18.26021109270502,8.339632871308108,0.910393229055822,254.5070240541027
12.20308642321492,4.876438676068796,0.932962206730829,545.0696568919664
30.91031701743331,1.6106353315423607,0.865629095632772,480.6468074428786
22.58284087319355,7.914282501739907,0.8535892426594006,68.61261923495022
39.04924784855941,8.478640548685464,0.9314679819590838,64.9789024080074
10.51253117528172,6.565574368477974,0.8447644487767917,967.3640720226479
22.730016852405125,0.3516188373315516,0.7084539742999717,829.6842711657233
18.85056805640204,2.131883083114092,0.7772161565270584,313.0657740488966
8.409629610805654,7.068333620471487,0.8121974455895878,162.07586728040954
20.771003403634477,8.489429141715883,0.817797954234879,913.7964094225887
0.0,0.41537877727195366,0.7726619218004103,813.7690936965564
1.037652339127703,5.262516862867419,0.8354877785499599,56.557230885106655
21.091657936094922,0.6136640367350709,0.8455411340474286,225.71101628412367
17.78607853967927,4.521272963281916,0.7466683874063571,205.57376431479435
20.085579051728462,4.5731362868162515,0.9231616465836083,312.01905644016824
37.06387324900643,4.449727484095041,0.7443414630908499,807.2319224207133
12.5417106290592,0.20879708454037904,0.7722226110886616,183.99025557668176
29.10423611603887,8.019651431767272,0.86069871470494,224.93540207705283
28.929537678672016,0.6205484784532618,0.8455515031759695,990.0856295010955
34.215563740760395,2.1529129954353676,0.7891424705597666,313.0402890091249
12.253797204743373,2.7246387341942153,0.7780879350662484,438.09128576970454
0.7624808523213351,6.18408042062031,0.9097266959493223,578.6987240360377
37.159334716035566,9.931122348077544,0.926814318454173,264.8828158498403
21.90809583607063,7.860958631671727,0.8221823333527807,593.0943852192428
5.940634924235626,5.438802773967657,0.7136521750671923,159.41424441123382
26.66893634299447,5.673392919616213,0.8744751652366636,626.8237607060252
14.355742513926554,5.281045288789617,0.9300546662514233,598.204301885145
0.0,4.102420037288685,0.7183926538392804,64.21466750599319
15.113604175663097,4.9718580472156715,0.8978542714936141,488.9861975847939
0.0,8.395175744555294,0.7027018158261331,244.77990941540185
5.296174575399042,1.3502899305840543,0.8061944284210267,350.0232434626832
5.5546691187078405,6.931712249388251,0.8541713809545408,161.3109577135005
15.36701527399764,4.254812935358411,0.7381802187618592,950.6559838590721
0.0,4.456029150965263,0.7299383996147121,927.517107654841
14.471122328934001,3.8038714564942637,0.7612780720077548,489.0395948525174
15.944187406643591,5.893476269689506,0.7785032573608599,327.3045246983774
8.642499668271446,4.814693190516024,0.8802832749697319,721.2590945055316
35.541825486481486,7.338007064890001,0.849753166786781,616.711521570098
9.246622035528505,0.12874459323630613,0.9043674650596735,830.239334509391
1.1604324783518472,4.006051582284012,0.8730863417289333,776.1469172211807
9.574236377197376,3.203241839187716,0.8184983177288461,578.0618846852078
27.89714189076555,1.7293853015207987,0.8805657433025667,988.359041923742
32.07488087395046,3.3477006465118815,0.7271984517827618,730.8805658522756
4.539104075896017,4.744413185804924,0.8006801688992476,146.44093124412018
8.63975295070203,3.902198343682436,0.7739582307357731,534.1961776623159
14.792797214897215,0.7959238076974097,0.8830067812875808,329.4004829190322
28.15435175445069,8.608019873783256,0.8868031893325852,946.427118112583
37.90416764094675,6.694742201201892,0.7798955990454657,139.85092322229679
38.07831492089754,2.4821286826263855,0.7084466181196412,753.471341290688
36.79633828283658,3.4569857182522785,0.9193227303111187,968.329149533813
19.87333861707049,2.006150051554587,0.780624501001445,270.21766831518795
16.907191295657395,8.902135176708542,0.7293933787535548,385.36047045709165
35.393407329244106,5.497334322806578,0.8817114422858885,899.3089429440121
38.7923447524516,2.5087070850897972,0.835458031929559,831.4476971949991
28.084808734594855,4.2926280521983395,0.8093059493993069,206.27552600706235
38.969955444382485,9.802466876613925,0.7073024534515651,703.0685741051793
0.0,5.503165302518714,0.8061841321263938,160.40233840718028
8.966198772351754,4.340409855269588,0.8673475172809761,502.3800686142209
4.614450042031456,1.8767643695702043,0.8003650886294857,59.96726926431208
37.58958490361635,4.148597873186066,0.7018495384447044,138.60910583310937
16.419486313512774,5.602913448956109,0.8571911820973512,47.372236150084674
21.122117872376595,2.4297454527577704,0.8697425487210728,540.8718350221023
0.0,4.563894099157088,0.9037224865952485,588.5411111927045
0.0,2.8819225408636835,0.9341109076090983,643.3700038798949
25.58878822850996,8.356736233405892,0.7811232462228903,417.7608387084283
38.480255508331894,4.182354200946879,0.9095180422697849,329.3737899695784
0.0,1.6681308710722047,0.9036016365201969,45.116364473517976
1.6443434982943925,2.564714654387149,0.7428883031276208,941.5084607147209
0.0,8.889128641944653,0.7957169922938347,661.8448255420452
5.147396616896932,6.986979811083244,0.7886924546013259,516.6502541665263
35.76776871049639,7.199658322840232,0.795570464651961,388.1904229990832
5.462253234608735,8.058894540086737,0.8933514002511652,388.9171229847403
13.442507106971505,9.870866337710966,0.8381745264889582,102.91196974803938
14.445195890544174,7.635911086705248,0.9133160029782426,780.4669708039869
0.0,1.4153502124027428,0.8088435910849283,209.26605132392245
8.621903661145367,7.812303336517612,0.7853588008989587,948.7140544068252
3.41488385438471,9.688990421667205,0.7570830258173614,553.4599066572584
22.047737303449054,1.8138669882039573,0.9254551719932786,262.9528263408539
0.0,9.84258454111568,0.911947941306415,549.812088265938
12.72925581906909,4.762442549035633,0.841749617223768,945.0731913388097
28.353101030249864,8.94576246704042,0.7524765692349004,461.61143931534974
12.200206879362858,9.201613963779991,0.7752257692872353,392.20567884356046
4.005779388733682,0.2783784494915989,0.7674184471892784,484.2030999856433
21.51669438535205,1.4076850474380194,0.7791833427847878,847.0180456263216
5.662529940714764,7.825544533364198,0.8290572682632303,95.70334326404051
24.396915702135313,5.781381110540713,0.8594748452731604,285.3560500310317
6.71358504855574,5.327164725000921,0.947883541465335,563.9216489733767
32.26559655204952,7.362360963990257,0.8125037270230333,490.4289362250766
22.91066334705048,8.856578079487592,0.8228339627324192,159.90424168304938
0.0,8.088502731926575,0.8384299011206557,912.3853682381713
21.061669362604256,8.955164749337806,0.7260882986686835,196.55611504858538
19.269019085725425,0.1307341621215537,0.7147025856333727,58.376703786131294
11.57106733940784,1.3662081112473619,0.7681120865539274,789.812145723223
12.500387581098936,5.7632996048064005,0.7372758254837131,166.20524128133664
5.122463779092559,0.41275674942162477,0.722492486486844,692.1115965143672
39.426994421617046,4.2800086023640995,0.813798039953566,815.9103060934218
27.538742688032144,4.069070750400362,0.719187662802242,704.8111992630645
27.232103170668687,0.36150944766044285,0.7392729920663158,947.3434986939752
33.516153552256874,4.69466573957179,0.7817388115974504,249.62423772554973
25.537484407674132,2.4963622832803956,0.9047921412452543,762.7243380247767
2.7150370008069236,1.6704053043186553,0.7884277626385351,53.01203297700745
22.879294088307073,8.812795314540304,0.8397409209638156,357.61359986721766
18.97318868296803,3.4928822280106804,0.894951663519796,739.7550877439619
11.885072728441596,5.4704833229793,0.9037608970935163,792.6776202059036
19.34137770896626,4.397744454757659,0.8885749393412151,508.9110728969689
31.28958280827598,1.3479865103246444,0.8977619784161451,966.9340614997111
21.536269738673827,4.9599375070551375,0.8079428629426807,908.1545757394234
2.173770941955874,1.6348922396927241,0.902558399167166,876.5716798846398
11.150821018640004,7.833727826042969,0.9472369299563277,280.71926081979944
0.0,2.7534611574898213,0.8504278350766208,931.2613224582009
39.93833716643283,0.4374650313741934,0.7814822543332315,868.1875244727204
22.554917375766745,8.62376667368215,0.7250861140234974,684.267218369593
17.806735324216923,2.339995300531115,0.8381883187984519,123.08145168133201
31.26777605622126,5.002071570916574,0.786961390251572,752.3111406007857
36.49600323854621,4.400835396778216,0.9191298842810821,83.6605515718852
36.039185507693134,2.491518410169801,0.7462008152614067,478.56291371095944
16.844276835057073,5.605099319401232,0.7053410078182557,91.43807049678614
21.399619295295906,2.7851503473835435,0.8318820621410185,441.71967692212456
14.234791402794242,4.2060667224671935,0.729342765297862,910.7721813281806
21.914916189035445,3.0076930474812453,0.7145411792078864,581.9416164827098
1.0595177397297535,8.593372872197508,0.919938296990656,869.3361114220679
21.445025617446685,2.594587974714702,0.9372838492416444,228.46712671052092
35.49496517028598,4.6120582031381065,0.7267163663948178,752.3765409995389
12.466659144387064,2.552371011366441,0.8035910186720038,134.68885617575398
28.53833577332941,6.553099949188114,0.8695703744471559,950.3730242123851
5.570723707938933,0.8093005674473899,0.7415527544314902,588.8561215998674
37.18116255690666,4.066925541259742,0.8201553145442009,538.6194849348766
29.581588215370292,7.563529761700421,0.8651830128097995,167.65370508324295
11.693665771703918,7.086050810398496,0.8473197559824563,49.15178048769338
0.24409578837852908,0.5479020891090842,0.9051521267230113,833.7535775995364
16.346011581251574,5.693181475837845,0.9324151923379476,462.99502867199584
24.212210753790323,1.032592466686352,0.7899355008915129,528.0768843121248
15.09333469154335,3.1243757976624926,0.8936311926986832,352.4087847278351
0.0,9.101644753542297,0.8985289448546722,283.25844702413224
5.852633852203609,7.142038810069766,0.820859749207096,215.2583083571264
1.9798940823358793,5.524111143562032,0.7199882893621086,677.252995402343
29.813568157401857,3.069167877552016,0.7060529738126393,144.70135050424236
24.081615790761454,9.602834636022056,0.714569608673647,571.0436334612231
6.406209177812408,1.4394953454463713,0.7726120970952193,138.67460354807122
17.24855694150926,5.255920338687651,0.7299591366131674,906.7919593775097
0.0,8.385349163693064,0.7010332730483676,420.58715821661303
0.0,8.754061683295184,0.9239362603047703,842.7903003463045
9.346272224995083,8.313439400808871,0.8808177188993365,157.64929662701593
8.462675776463724,0.391478795725604,0.7783123078099211,892.6524535745777
11.656912885681027,1.8333620782533528,0.895116944733151,933.4789687647642
15.377613484512466,1.6382309156794876,0.7819740132892783,350.9424861247898
18.236085963004484,6.113614208332026,0.7320910366900203,356.18818401315724
30.364745635390687,6.997407335419227,0.7715753096148834,821.7163743858215
19.612826739119253,9.002822511544853,0.726538022582174,187.93255648756374
35.937002774990326,4.181696193077845,0.8142154991820447,718.0669832332561
27.136247544644707,2.99653595287779,0.733382750108198,430.95074268156276
10.457962027834402,6.76578764232836,0.7163406624716646,504.7465401040921
1.6716535726098418,7.161145860110561,0.8516616074322259,694.9117172485008
23.47043183618188,7.217190176223079,0.8550533853651994,296.9767225156046
18.421026439614664,3.3345148837035525,0.7277345008047378,403.4096949289785
7.298547053907542,5.775810706921173,0.8452004025775819,207.05569285973354
1.184333251082112,6.136807335581474,0.8470810793951824,866.3099797962269
30.095866887305256,4.625715697579784,0.7098291608516534,41.769164723869
11.726479613682912,9.515821442803398,0.85370870554259,523.0777116303008
33.91396583670175,4.2616862389309835,0.874910454387883,509.66625608116647
13.671590764058953,2.3480528878678815,0.9476314177951165,140.11103505440911
13.831638242695043,7.175251999554633,0.7753837545658607,155.44101130800382
23.624539459015065,7.234071654957366,0.7796752649155002,377.05306118050066
27.890864084883294,7.9484655713939,0.7333383648606601,180.60450744485632
30.35683069912834,3.7935365769192675,0.7319682366409521,202.83245957982194
16.20735192096272,5.614299985571714,0.8101324658592608,90.33447239038871
2.645936066212135,6.480184391584514,0.7284457404468133,874.2932202751043
11.4290746794869,2.707070079232308,0.795813834448337,97.93963143624602
0.22490283600883404,0.037159815269197836,0.9032472232806545,115.65709748104261
3.9290584794830754,2.8412323848988446,0.9029902556404626,764.8519505066371
13.19141600343822,0.8952714745871937,0.7704290320022208,824.139549226808
0.0,6.73145742801275,0.9374201068738227,339.9193507154785
27.999293383575,2.1715289234248747,0.7785513501600023,848.0397080329388
1.788325158301162,0.26108851222199764,0.7260520000304546,844.4421854604823
15.62735367403521,9.471858593008372,0.8414648570034653,183.03188237081028
6.264627857795843,6.274205146858351,0.7015391392255649,413.81719303868374
5.164600746564553,1.4149117809737137,0.7822609402635885,827.266773387791
24.33039290614125,3.981410177793124,0.7189671804613789,751.8043868917224
33.80495651540183,6.133630624435574,0.9340615069072832,308.586099873094
17.334054439791327,3.8785752537583704,0.9375573324228819,67.56847560842854
27.642243755095528,1.3299182199932806,0.7557976289041264,535.1866015915199
15.557880937560288,3.2674325948241942,0.9000507501606303,140.8618585195006
17.10321803137718,1.59561741499891,0.8492285318770805,383.4004999090982
2.0649064078967254,9.672288928872424,0.7139158725796836,454.47027848612146
5.719154936133693,5.410183676959828,0.8382703887350759,652.7485164074228
10.470220689249526,2.912898752591527,0.7519559422586584,997.7268514082496
15.40882446537343,4.0203545133198135,0.7403416285678025,702.2881593057275
3.6183440792769894,1.3192979408221333,0.7997157681106603,600.674551238942
19.90791224689909,3.5329525235770394,0.8344226478314262,100.97777060856814
8.132337634269998,2.662517190044532,0.9013640964944447,356.5660552347508
14.13060527254295,1.9665291936169706,0.8796918091749131,452.99837555974426
26.137695793402965,7.156665821544473,0.746078994505311,876.3174968414285
30.47310984096156,7.083290549774567,0.7364750167364705,807.3731919697522
4.917690771056223,4.163136929610976,0.9472671625905669,754.8539818773922
28.780955243572606,7.259646805462675,0.755888716502254,932.7274482933104
27.09557971205249,7.430071232066278,0.7389904327165795,455.25152005725556
4.6253372045691306,5.720164967290404,0.7167106043852758,801.0275590754754
0.8936623447214999,9.774952516209568,0.7075360740569991,217.6237285059981
19.855000820328343,1.9941782901714344,0.7894979417187672,104.3289741596076
24.13945523586152,7.71178517150091,0.8289411323791005,58.41742544024221
11.034373859296569,7.956831098712214,0.8303740410452064,870.2493728257356
0.0,9.310279883013271,0.8410306952892581,530.6635379150963
23.63377949549761,8.058638324567548,0.745315095409667,911.613515100063
14.021896517359387,5.33797013955619,0.9103183888594815,878.5066027649326
11.710920349909854,1.9999626441517024,0.7166789885255931,418.82179544736454
18.17719093473013,3.692538342844415,0.9451700570255324,626.2144554686608
34.11765085021576,3.1658081116238987,0.7903762201417437,490.63783176225155
18.071813947440543,7.211976256301891,0.9124520863499688,327.98735052461257
23.15150970003652,9.092284416090243,0.7932781116283776,483.52330873985755
8.742256429896372,9.062676563967472,0.9371075417532776,245.74686821207973
10.004848181963705,5.475238516677844,0.937387751669831,624.0639999710324
26.83294764540809,9.554126823223978,0.9144897539468977,477.09665245082954
34.69089793343669,9.663886917591624,0.9455736826403999,889.6877782834256
32.72011815222922,8.340617772327546,0.7833584642306302,126.17137273194317
14.029962798237769,3.3450836045840284,0.9179409274780552,993.787251997809
34.59043566176306,9.22740378239597,0.752241154929736,416.96020058005587
20.034293013473235,7.195219704264507,0.8166184233581795,336.99736319046326
25.003150002355408,7.936842491442338,0.7086244336799848,187.5857947487569
1.529353358326311,3.6890801982449104,0.745210155324322,401.5623900955432
28.78354828913729,7.187032061058216,0.7016381328762733,824.7389934596496
34.39777758940655,8.827152634536898,0.8118371858199467,836.7801015298102
24.568829242384954,6.041871120355982,0.70937396751154,794.270432218248
36.6027185929613,3.3235273365465834,0.8548122603047363,496.97749436918264
0.0,3.991699924320826,0.7876587106707998,661.7661850151363
7.012850861916582,9.871943258550216,0.7022912597088046,215.25540127565176
8.328059899868592,1.512438892050824,0.7174659414126832,993.7822138938947
5.869724026452908,4.0086133532807215,0.8145150179969269,506.6441902030778
10.647256248473017,8.31258286195176,0.8677863723382668,773.1987799562046
34.06706369010135,4.899615235984193,0.8265738046950182,72.24728437566381
7.005096887313748,0.24713776046954497,0.7597268900141306,705.499778111291
0.0,5.902953248237574,0.786876805069277,638.7815108169394
20.024297931150425,5.517398264805414,0.9192900122935725,947.9663657512066
4.08453047868935,8.273783036166847,0.7672457325344098,501.0213196544772
29.94514933371226,4.383650555006734,0.8186284237798144,269.57605265374303
23.331893135379282,4.01279669521011,0.7529145159752728,343.81677309810743
0.36618034310708425,4.430195891095893,0.8093454830587723,579.0535061509731
28.656976641151765,1.6809467913355105,0.8980953808339183,586.2919246641411
22.75632637991645,5.973339478017118,0.8689311143209515,879.2045762700404
39.61852978443311,3.981507031194466,0.7395852671983917,303.0218006649618
0.0,5.154122897312673,0.7894504569299965,571.880842020333
19.248911987279108,8.560042938838226,0.7448376167756362,452.58570164083187
13.253838194547246,1.2848393902879076,0.8609767535650132,762.851087920455
38.81699661762859,2.6754693999696886,0.8990246363409393,239.99050001467288
29.98272626478807,0.02537497998004952,0.7903727212829532,846.5439760859854
31.977650135432008,8.84311303697492,0.802448106633181,694.6990238801427
12.019078883567898,8.77863307941656,0.7191859111812144,500.79800468974526
